city,area,rooms,bathroom,parking spaces,floor,animal,furniture,hoa (R$),populacao_estimada,rent amount (R$)
São Paulo,70,2,1,1,7,1,1,2065,11904961,3300
São Paulo,320,4,4,0,20,1,0,1200,11904961,4960
Porto Alegre,80,1,1,1,6,1,0,1000,1388794,2800
Porto Alegre,51,2,1,0,2,1,0,270,1388794,1112
São Paulo,25,1,1,0,1,0,0,0,11904961,800
São Paulo,376,3,3,7,0,1,0,0,11904961,8000
Rio de Janeiro,72,2,1,0,7,1,0,740,6730729,1900
São Paulo,213,4,4,4,4,1,0,2254,11904961,3223
São Paulo,152,2,2,1,3,1,1,1000,11904961,15000
Rio de Janeiro,35,1,1,0,2,1,1,590,6730729,2300
São Paulo,26,1,1,0,2,1,1,470,11904961,2100
Campinas,46,1,1,1,10,1,0,550,1187974,580
São Paulo,36,1,1,0,11,1,0,359,11904961,2100
São Paulo,55,1,1,1,2,1,1,790,11904961,4200
São Paulo,100,2,2,2,24,1,1,900,11904961,4370
Campinas,330,4,6,6,0,1,1,680,1187974,8000
São Paulo,110,2,2,1,1,1,0,700,11904961,3000
Rio de Janeiro,88,2,3,1,9,0,1,1614,6730729,3500
Rio de Janeiro,56,2,1,0,8,1,0,800,6730729,1220
São Paulo,600,4,5,6,0,1,0,0,11904961,12000
São Paulo,100,7,4,0,0,1,0,0,11904961,3800
Belo Horizonte,42,1,1,1,17,0,1,470,2415872,2690
São Paulo,160,3,2,2,18,1,1,1530,11904961,1900
São Paulo,35,1,1,0,0,1,0,0,11904961,1100
Rio de Janeiro,90,3,2,1,7,1,0,800,6730729,1800
São Paulo,49,1,1,1,10,1,0,480,11904961,3500
São Paulo,41,1,1,1,5,0,1,600,11904961,3000
Belo Horizonte,64,2,2,1,11,1,0,352,2415872,1500
Campinas,208,3,2,4,0,1,0,0,1187974,3180
São Paulo,20,1,1,0,5,1,1,602,11904961,1800
São Paulo,55,2,2,2,6,1,0,780,11904961,1068
São Paulo,32,1,1,0,3,1,0,515,11904961,1700
São Paulo,80,2,2,1,11,1,0,1208,11904961,2550
Rio de Janeiro,45,1,1,1,10,1,1,2450,6730729,2500
São Paulo,350,4,4,3,8,1,0,2100,11904961,4000
Porto Alegre,38,1,1,2,11,0,0,450,1388794,1750
São Paulo,30,1,1,0,1,1,0,460,11904961,1600
Belo Horizonte,80,3,2,1,0,1,0,0,2415872,11000
São Paulo,70,2,1,0,0,0,0,0,11904961,1150
Porto Alegre,40,1,1,1,6,1,1,390,1388794,2990
São Paulo,300,4,6,4,20,1,0,3700,11904961,12000
São Paulo,240,3,2,3,0,1,0,0,11904961,3500
Belo Horizonte,200,4,2,1,7,0,0,850,2415872,2550
Belo Horizonte,45,1,1,1,5,1,0,500,2415872,1631
São Paulo,360,4,5,0,1,1,0,4000,11904961,6410
São Paulo,40,1,1,1,10,1,1,978,11904961,2829
Belo Horizonte,100,3,1,0,13,0,0,700,2415872,1220
Porto Alegre,42,1,1,2,2,1,1,190,1388794,1770
Campinas,250,3,3,2,1,1,0,2200,1187974,1700
Campinas,48,1,1,1,2,1,1,505,1187974,1600
Rio de Janeiro,90,3,3,1,10,1,0,1250,6730729,3800
São Paulo,45,1,2,1,15,1,1,856,11904961,3900
Rio de Janeiro,150,2,3,4,6,1,0,1700,6730729,4000
São Paulo,60,2,1,0,2,1,0,200,11904961,1445
São Paulo,31,1,1,0,4,1,0,370,11904961,2350
São Paulo,210,4,5,4,4,0,0,1650,11904961,9000
São Paulo,280,3,1,2,0,1,0,0,11904961,6000
Campinas,93,2,3,2,9,1,0,663,1187974,5500
Porto Alegre,75,3,2,1,9,1,0,340,1388794,1800
São Paulo,194,3,4,3,0,1,0,0,11904961,4000
São Paulo,41,1,1,1,6,1,1,523,11904961,4000
Rio de Janeiro,65,1,1,1,8,1,1,2000,6730729,5100
São Paulo,70,2,1,1,13,1,0,761,11904961,2150
São Paulo,278,4,5,2,16,1,1,4052,11904961,9000
Rio de Janeiro,35,1,1,0,5,1,0,306,6730729,1521
Campinas,300,4,4,3,2,1,0,2300,1187974,6000
São Paulo,61,2,1,1,4,1,0,459,11904961,1850
Rio de Janeiro,130,3,2,1,7,1,0,1660,6730729,1700
Rio de Janeiro,80,2,1,1,20,1,0,500,6730729,900
São Paulo,164,4,4,2,6,0,0,2159,11904961,5000
Belo Horizonte,220,4,2,3,3,1,0,450,2415872,2422
São Paulo,45,1,1,0,0,1,0,0,11904961,1050
São Paulo,108,3,2,2,7,1,0,1290,11904961,5600
Belo Horizonte,128,1,1,0,4,1,1,418,2415872,2100
Rio de Janeiro,60,1,1,0,10,0,0,450,6730729,1800
São Paulo,250,4,5,4,6,1,0,2050,11904961,9800
Porto Alegre,47,1,1,1,1,0,1,400,1388794,2200
Belo Horizonte,170,4,3,4,9,0,0,744,2415872,2700
São Paulo,45,1,1,0,1,0,0,300,11904961,1240
São Paulo,42,1,1,1,15,1,0,686,11904961,3500
São Paulo,164,4,4,3,1,1,0,1840,11904961,6000
São Paulo,70,3,1,1,1,1,0,700,11904961,1020
Porto Alegre,100,4,3,1,8,1,0,600,1388794,2200
São Paulo,64,2,2,2,4,1,1,1300,11904961,4500
Belo Horizonte,68,2,1,1,3,1,0,320,2415872,1200
Belo Horizonte,75,2,2,2,14,0,0,620,2415872,2500
São Paulo,600,4,4,4,9,1,0,7400,11904961,8500
São Paulo,63,2,2,0,15,0,0,590,11904961,1550
São Paulo,145,3,4,3,1,0,0,1200,11904961,6000
São Paulo,85,2,2,2,3,0,0,1500,11904961,2800
São Paulo,254,4,4,4,7,1,0,3366,11904961,9000
Porto Alegre,350,4,4,4,0,1,1,1,1388794,9000
São Paulo,300,4,4,3,0,1,0,0,11904961,3500
Belo Horizonte,296,4,3,2,0,1,0,0,2415872,13500
São Paulo,64,2,2,2,8,1,0,450,11904961,2800
São Paulo,133,3,2,0,6,1,0,813,11904961,2957
Campinas,44,1,1,0,7,1,0,350,1187974,550
Campinas,240,3,4,2,0,1,0,0,1187974,3000
Porto Alegre,70,3,2,1,4,1,0,490,1388794,2500
São Paulo,22,1,1,0,26,1,0,302,11904961,2050
Porto Alegre,50,1,1,1,1,1,0,350,1388794,950
Porto Alegre,67,3,2,2,4,1,0,600,1388794,2200
São Paulo,31,1,1,0,6,1,1,430,11904961,2300
Rio de Janeiro,90,2,1,1,1,1,1,850,6730729,3468
Rio de Janeiro,109,3,3,1,1,1,0,2000,6730729,3800
Belo Horizonte,400,4,2,2,0,0,0,0,2415872,2500
São Paulo,300,4,5,4,0,1,1,0,11904961,14000
Campinas,284,4,3,3,4,1,0,2340,1187974,6000
Porto Alegre,70,2,1,1,3,1,1,360,1388794,2400
Rio de Janeiro,309,4,5,4,7,1,0,2661,6730729,6500
São Paulo,70,2,1,0,0,1,0,0,11904961,2100
São Paulo,360,3,4,1,10,1,0,2300,11904961,10000
São Paulo,30,1,1,1,10,0,0,886,11904961,1500
Campinas,80,2,2,2,11,1,0,832,1187974,2200
Belo Horizonte,133,4,4,3,6,0,0,1500,2415872,7000
São Paulo,38,1,1,1,14,0,1,1620,11904961,2800
São Paulo,73,2,2,1,7,1,0,1100,11904961,3500
São Paulo,155,3,4,2,4,1,0,1500,11904961,2000
São Paulo,63,2,2,1,15,1,0,357,11904961,3200
São Paulo,58,2,1,1,1,1,0,0,11904961,1400
São Paulo,48,1,1,0,9,0,1,377,11904961,3450
São Paulo,210,3,4,3,7,1,0,1700,11904961,2790
Belo Horizonte,100,3,2,2,2,1,0,340,2415872,1600
São Paulo,94,3,2,2,1,1,0,1337,11904961,3570
São Paulo,94,3,3,2,3,1,1,1220,11904961,5010
São Paulo,76,3,1,1,4,1,0,1200,11904961,2500
São Paulo,192,3,3,2,13,1,0,2100,11904961,7800
São Paulo,217,3,4,3,1,1,0,2884,11904961,6500
São Paulo,68,2,1,1,5,1,0,610,11904961,1400
São Paulo,110,3,2,2,2,1,0,1145,11904961,2400
Belo Horizonte,95,2,2,1,3,1,0,660,2415872,1600
São Paulo,900,4,6,8,0,1,0,0,11904961,15000
São Paulo,34,1,1,0,5,0,0,347,11904961,1200
São Paulo,192,3,4,3,5,1,0,2000,11904961,8000
Porto Alegre,62,2,2,1,9,1,0,350,1388794,1800
São Paulo,180,3,3,4,0,1,0,0,11904961,3700
Campinas,44,1,1,0,3,1,1,350,1187974,916
Belo Horizonte,100,2,1,1,1,0,0,250,2415872,1700
Rio de Janeiro,140,3,3,1,24,0,0,900,6730729,1370
São Paulo,170,3,3,3,8,1,1,1570,11904961,2800
São Paulo,100,3,2,2,0,0,0,0,11904961,1600
São Paulo,75,3,2,2,4,1,0,652,11904961,1600
Rio de Janeiro,52,2,1,0,2,1,0,200,6730729,1200
Campinas,999,5,7,8,0,1,0,0,1187974,14000
São Paulo,270,4,4,4,8,1,0,2200,11904961,7000
Belo Horizonte,50,2,1,1,1,1,0,160,2415872,930
Campinas,200,3,3,2,0,1,0,650,1187974,2210
São Paulo,71,2,2,0,16,1,0,430,11904961,1920
São Paulo,500,5,4,6,0,1,0,0,11904961,13000
São Paulo,60,2,1,0,0,1,0,0,11904961,1080
São Paulo,110,2,1,0,8,1,0,1100,11904961,1300
São Paulo,210,3,3,4,0,1,0,0,11904961,3294
São Paulo,220,3,4,3,8,1,0,2021,11904961,6000
Belo Horizonte,200,3,2,5,0,0,0,0,2415872,4000
São Paulo,130,3,4,3,2,1,0,2300,11904961,4250
São Paulo,65,2,2,2,7,1,1,1037,11904961,4000
São Paulo,96,3,2,2,17,1,0,804,11904961,3200
São Paulo,660,4,5,5,12,1,1,4800,11904961,20000
Rio de Janeiro,107,3,2,0,7,1,1,1460,6730729,3200
Rio de Janeiro,105,3,2,0,1,1,0,740,6730729,2200
Rio de Janeiro,100,3,2,0,7,1,0,900,6730729,3290
São Paulo,287,3,4,4,0,1,1,0,11904961,9000
Campinas,24,1,1,0,1,0,1,230,1187974,1180
São Paulo,22,1,1,0,0,0,0,0,11904961,976
São Paulo,70,1,1,1,0,0,0,0,11904961,2529
Porto Alegre,44,1,1,1,2,1,1,250,1388794,1500
São Paulo,150,3,2,2,0,0,0,0,11904961,2500
São Paulo,90,1,2,2,9,1,1,998,11904961,2900
São Paulo,200,4,4,2,8,1,1,3000,11904961,2800
São Paulo,320,8,4,0,0,1,0,450,11904961,10500
Porto Alegre,90,2,1,1,2,0,0,550,1388794,1700
São Paulo,240,4,4,3,9,1,0,2500,11904961,2144
São Paulo,154,4,3,3,21,1,0,1684,11904961,7000
São Paulo,60,2,2,2,2,1,0,2340,11904961,3230
Campinas,101,3,2,0,5,1,0,780,1187974,2380
Porto Alegre,140,3,4,2,0,0,0,0,1388794,3090
São Paulo,500,4,5,8,0,1,0,0,11904961,15000
São Paulo,110,3,3,3,4,1,0,1195,11904961,2350
São Paulo,110,3,3,2,0,1,0,0,11904961,4800
Belo Horizonte,90,2,2,2,3,1,0,200,2415872,2000
São Paulo,384,4,6,4,3,0,1,3500,11904961,15000
São Paulo,57,2,1,1,7,1,0,570,11904961,1500
São Paulo,160,3,3,2,5,1,1,1650,11904961,1500
São Paulo,39,1,1,0,8,1,0,330,11904961,1250
Campinas,78,1,2,1,4,1,0,0,1187974,2290
Porto Alegre,36,1,1,1,0,1,0,0,1388794,762
Campinas,70,2,1,1,1,1,0,558,1187974,1200
Belo Horizonte,45,1,1,1,4,0,1,300,2415872,3200
São Paulo,200,3,4,3,1,1,0,3500,11904961,8500
São Paulo,100,3,3,3,0,1,0,0,11904961,4300
São Paulo,42,1,1,1,14,0,0,0,11904961,5000
São Paulo,280,4,4,1,1,1,1,3000,11904961,8000
São Paulo,28,1,1,1,13,0,1,615,11904961,2800
São Paulo,30,1,1,0,0,0,1,296,11904961,1826
Belo Horizonte,85,3,2,1,1,1,0,337,2415872,1500
Campinas,83,1,1,1,4,0,0,500,1187974,1080
Campinas,85,3,2,2,16,1,1,550,1187974,3300
Belo Horizonte,90,3,2,2,3,1,0,325,2415872,1600
Belo Horizonte,50,2,1,0,5,1,0,0,2415872,900
Rio de Janeiro,50,1,1,0,8,1,0,600,6730729,2900
Belo Horizonte,300,3,2,3,0,0,0,0,2415872,6700
Porto Alegre,39,1,1,0,7,1,0,350,1388794,850
São Paulo,750,4,4,6,0,1,0,0,11904961,15000
Porto Alegre,60,2,1,0,1,1,0,222,1388794,1100
Rio de Janeiro,68,2,1,0,4,0,0,750,6730729,1250
São Paulo,70,2,1,1,0,1,0,230,11904961,1250
São Paulo,90,2,2,1,6,1,1,900,11904961,6500
Rio de Janeiro,258,5,6,0,0,1,0,0,6730729,8700
São Paulo,200,2,2,6,0,1,0,0,11904961,4500
São Paulo,123,2,2,2,6,1,0,1800,11904961,2990
São Paulo,127,3,2,2,0,1,1,220,11904961,2150
Belo Horizonte,180,4,2,2,0,1,0,0,2415872,1800
São Paulo,110,3,2,0,0,0,0,0,11904961,2900
Rio de Janeiro,70,2,2,1,7,1,1,585,6730729,1719
São Paulo,35,1,1,1,8,1,1,720,11904961,3000
São Paulo,219,3,2,2,0,1,0,0,11904961,2900
Rio de Janeiro,25,1,1,0,0,1,0,50,6730729,700
Rio de Janeiro,170,4,5,0,10,1,0,1200,6730729,7100
Rio de Janeiro,45,1,1,0,8,1,0,900,6730729,1570
Belo Horizonte,420,4,4,2,0,0,0,0,2415872,7000
Porto Alegre,46,1,1,0,4,1,0,0,1388794,1040
São Paulo,145,3,3,2,1,1,1,1088,11904961,5800
Belo Horizonte,59,2,2,1,2,1,0,190,2415872,1100
Belo Horizonte,225,4,3,0,8,1,0,1850,2415872,7500
São Paulo,210,4,4,3,3,1,0,2270,11904961,4675
Porto Alegre,76,1,1,0,0,1,0,209,1388794,1249
São Paulo,220,3,4,3,2,0,0,2500,11904961,5150
São Paulo,109,3,2,2,7,1,0,1746,11904961,2500
Belo Horizonte,95,2,1,1,3,1,0,646,2415872,1000
São Paulo,32,1,1,0,0,0,0,280,11904961,1500
São Paulo,480,4,6,5,9,1,0,6660,11904961,15000
São Paulo,53,1,1,1,3,1,0,694,11904961,4390
São Paulo,40,1,1,0,0,0,0,0,11904961,780
São Paulo,50,1,1,1,4,1,1,500,11904961,3223
São Paulo,60,1,1,0,0,1,0,0,11904961,1300
Porto Alegre,64,2,2,2,7,0,0,450,1388794,1500
Rio de Janeiro,140,3,3,2,4,1,1,2280,6730729,12000
São Paulo,121,3,3,1,12,1,0,800,11904961,2040
Campinas,43,1,1,1,4,1,1,498,1187974,2100
São Paulo,20,1,1,1,3,0,1,1700,11904961,1360
Campinas,58,2,1,1,3,1,0,289,1187974,950
Belo Horizonte,570,5,6,7,0,1,1,0,2415872,8330
São Paulo,88,2,1,1,2,1,0,980,11904961,2790
São Paulo,89,3,2,2,19,1,0,900,11904961,6000
São Paulo,40,1,1,0,0,1,0,0,11904961,1100
Rio de Janeiro,40,1,1,0,1,1,1,386,6730729,1950
Rio de Janeiro,60,1,2,1,3,1,0,400,6730729,750
São Paulo,25,1,1,0,14,1,0,257,11904961,1650
Porto Alegre,50,2,1,0,13,1,0,340,1388794,1130
Porto Alegre,90,3,1,0,1,1,0,145,1388794,1130
São Paulo,173,3,3,3,2,1,0,3000,11904961,2000
Campinas,91,3,2,2,12,1,0,700,1187974,2250
São Paulo,90,3,2,2,6,0,0,1710,11904961,1200
São Paulo,530,5,6,4,2,1,1,8300,11904961,15000
Belo Horizonte,155,1,4,0,4,0,0,1117000,2415872,2790
São Paulo,40,1,1,0,0,0,0,0,11904961,1300
São Paulo,296,4,5,3,3,1,0,0,11904961,15000
São Paulo,87,3,2,1,17,1,0,850,11904961,1400
São Paulo,300,3,3,5,0,1,0,0,11904961,5000
São Paulo,136,3,3,3,13,1,0,1430,11904961,4206
São Paulo,52,2,1,0,4,1,0,0,11904961,1340
Porto Alegre,94,2,2,2,8,1,0,600,1388794,2900
Rio de Janeiro,300,4,5,3,7,1,0,3850,6730729,12750
Rio de Janeiro,100,3,3,1,3,1,0,850,6730729,3229
São Paulo,500,4,6,3,0,1,0,6466,11904961,7300
São Paulo,240,3,4,3,3,1,1,3600,11904961,4950
Belo Horizonte,308,2,3,3,0,1,0,0,2415872,2000
São Paulo,350,4,5,4,15,1,1,2700,11904961,4590
São Paulo,75,2,2,0,2,1,0,570,11904961,1450
São Paulo,155,3,2,3,4,1,1,2600,11904961,11700
São Paulo,260,3,5,4,12,1,0,2227,11904961,6000
São Paulo,80,2,2,1,0,0,0,0,11904961,1500
Rio de Janeiro,85,3,1,1,6,1,0,810,6730729,1998
São Paulo,120,2,2,2,22,0,1,1400,11904961,3500
São Paulo,100,2,2,1,0,1,0,0,11904961,1970
São Paulo,240,4,5,4,6,0,0,1869,11904961,3500
São Paulo,360,7,6,6,0,1,0,0,11904961,5270
São Paulo,42,1,1,0,0,0,0,0,11904961,1100
São Paulo,33,1,1,1,14,1,1,600,11904961,2800
Rio de Janeiro,48,1,1,0,1,0,0,626,6730729,1020
Rio de Janeiro,36,1,1,0,5,1,0,350,6730729,1130
São Paulo,270,6,3,6,0,1,0,0,11904961,4500
Campinas,75,2,1,1,2,1,0,670,1187974,1200
Rio de Janeiro,46,2,1,0,3,0,0,270,6730729,1600
São Paulo,350,3,3,3,0,0,0,0,11904961,10000
Porto Alegre,131,3,3,1,10,1,1,1625,1388794,1750
Campinas,90,3,2,1,3,1,0,920,1187974,1300
Rio de Janeiro,26,1,1,0,4,0,0,390,6730729,1650
Rio de Janeiro,44,1,1,0,3,1,1,400,6730729,1100
São Paulo,70,2,2,0,0,1,0,0,11904961,1880
Belo Horizonte,40,1,1,0,0,0,0,0,2415872,900
Belo Horizonte,320,4,2,4,0,1,0,0,2415872,3200
São Paulo,213,2,2,3,0,1,0,0,11904961,5150
São Paulo,80,2,1,0,1,0,0,0,11904961,1100
Campinas,70,1,1,0,6,1,0,500,1187974,800
Rio de Janeiro,60,2,1,1,5,1,0,690,6730729,1500
São Paulo,270,4,4,4,5,1,0,4500,11904961,12850
Rio de Janeiro,70,2,1,1,3,1,0,800,6730729,1300
Porto Alegre,300,6,2,2,0,1,0,0,1388794,6000
São Paulo,220,4,5,3,14,1,1,2050,11904961,12000
Porto Alegre,64,2,2,2,7,1,0,450,1388794,1600
Rio de Janeiro,80,3,3,1,7,0,0,1100,6730729,1470
São Paulo,56,1,1,0,9,1,1,625,11904961,2500
São Paulo,161,4,3,2,1,1,0,1450,11904961,10000
São Paulo,35,1,1,0,0,1,0,350,11904961,1350
São Paulo,720,4,6,5,0,1,1,0,11904961,12750
São Paulo,280,4,5,4,6,0,0,2500,11904961,3200
Porto Alegre,96,3,2,0,2,1,0,408,1388794,2100
Campinas,236,3,4,4,10,1,0,1600,1187974,11000
São Paulo,81,3,2,1,4,1,0,204,11904961,1510
São Paulo,62,2,1,1,1,1,0,580,11904961,1650
Belo Horizonte,125,3,2,0,2,1,0,150,2415872,1200
São Paulo,37,1,1,1,6,1,1,890,11904961,4150
São Paulo,60,2,2,1,11,1,0,1680,11904961,4000
São Paulo,230,4,2,3,1,1,0,3600,11904961,5000
São Paulo,210,4,5,2,1,1,1,3800,11904961,8500
São Paulo,450,4,3,8,0,1,0,0,11904961,14000
São Paulo,234,3,5,4,0,1,1,0,11904961,3680
Belo Horizonte,135,4,3,2,2,0,0,868,2415872,2450
São Paulo,395,4,5,3,0,1,0,0,11904961,6000
Porto Alegre,92,2,2,1,2,1,0,450,1388794,1700
São Paulo,412,3,5,6,21,1,0,2000,11904961,3952
São Paulo,42,1,1,1,27,1,0,560,11904961,5300
São Paulo,33,1,1,0,12,0,1,385,11904961,3000
Porto Alegre,28,2,1,1,0,1,0,0,1388794,600
São Paulo,190,4,4,2,0,0,0,0,11904961,4450
São Paulo,165,4,3,3,10,1,1,2440,11904961,6300
Porto Alegre,44,1,1,0,5,1,0,355,1388794,1200
São Paulo,60,2,1,1,4,1,0,603,11904961,1275
São Paulo,380,3,3,2,1,1,0,3580,11904961,11000
Rio de Janeiro,73,2,1,0,4,1,0,375,6730729,830
Belo Horizonte,19,1,1,0,5,1,0,620,2415872,1100
Campinas,230,3,5,4,6,1,0,1800,1187974,7500
Porto Alegre,37,1,1,1,2,1,0,500,1388794,2500
São Paulo,124,3,2,3,7,1,0,1450,11904961,6600
Rio de Janeiro,115,3,2,1,8,1,1,1090,6730729,2680
Campinas,600,3,3,4,0,1,0,0,1187974,5500
Rio de Janeiro,700,5,5,4,0,1,1,1380,6730729,15000
Porto Alegre,35,1,1,0,1,1,0,100,1388794,815
Belo Horizonte,15,1,1,0,3,0,1,0,2415872,1100
Campinas,80,3,2,1,2,1,0,570,1187974,1450
Porto Alegre,48,1,1,0,4,1,0,200,1388794,700
Belo Horizonte,96,3,2,1,2,1,0,922,2415872,1500
São Paulo,150,3,2,1,7,1,1,1843,11904961,6715
Belo Horizonte,105,3,2,2,2,0,0,1681,2415872,3300
Belo Horizonte,204,4,4,4,22,0,1,2701,2415872,10000
Rio de Janeiro,125,3,1,2,11,1,0,1317,6730729,2600
Rio de Janeiro,50,2,1,0,3,0,0,490,6730729,2300
São Paulo,250,3,4,3,0,0,0,0,11904961,3740
São Paulo,300,3,4,3,7,1,1,3000,11904961,2000
São Paulo,80,2,1,1,0,1,0,0,11904961,1500
Rio de Janeiro,130,3,4,1,2,0,0,1200,6730729,1400
São Paulo,120,2,3,0,2,1,0,904,11904961,3300
São Paulo,540,3,3,4,9,1,0,6200,11904961,15000
São Paulo,23,1,1,0,23,1,0,392,11904961,2100
São Paulo,15,1,1,0,0,0,1,0,11904961,2500
São Paulo,72,1,2,2,19,1,0,900,11904961,4000
Rio de Janeiro,95,3,2,2,7,1,0,985,6730729,2300
São Paulo,330,4,5,4,13,1,0,2870,11904961,10000
São Paulo,75,2,2,2,7,0,1,1600,11904961,6600
São Paulo,53,1,1,1,4,1,0,690,11904961,4398
São Paulo,178,3,2,1,2,0,0,1200,11904961,1900
São Paulo,150,3,2,0,0,1,0,0,11904961,4000
São Paulo,50,2,1,1,4,1,0,520,11904961,1200
São Paulo,150,3,2,1,0,0,0,0,11904961,2500
Porto Alegre,25,1,1,0,0,1,1,286,1388794,984
São Paulo,210,3,4,4,13,0,0,3150,11904961,12000
Belo Horizonte,75,3,2,1,4,1,0,600,2415872,1500
Belo Horizonte,200,2,4,3,12,1,0,1897,2415872,15000
São Paulo,350,4,4,0,0,1,0,0,11904961,8000
Porto Alegre,49,2,1,1,7,1,0,360,1388794,1150
Porto Alegre,40,1,1,0,4,0,1,0,1388794,2000
São Paulo,45,1,1,1,2,0,1,1900,11904961,4200
São Paulo,46,1,1,1,8,0,1,900,11904961,7600
São Paulo,80,2,2,2,15,1,0,2000,11904961,11000
São Paulo,30,1,1,0,3,1,1,400,11904961,2850
São Paulo,80,2,2,2,0,1,0,50,11904961,2200
Rio de Janeiro,105,2,2,1,10,1,0,1780,6730729,1530
Belo Horizonte,105,3,2,2,7,1,0,1170,2415872,2000
São Paulo,114,3,1,0,0,1,0,0,11904961,2570
São Paulo,200,3,3,4,0,1,0,0,11904961,7000
Porto Alegre,120,3,3,2,5,1,0,800,1388794,3000
São Paulo,60,2,2,1,11,1,0,647,11904961,4000
São Paulo,90,2,1,1,1,1,0,1000,11904961,3000
Rio de Janeiro,53,2,1,0,3,0,0,535,6730729,1800
São Paulo,80,2,2,5,0,1,0,0,11904961,3000
Campinas,87,4,2,2,4,1,0,784,1187974,1600
Rio de Janeiro,110,3,1,1,1,1,0,557,6730729,5000
Belo Horizonte,113,4,2,1,3,1,0,1587,2415872,4000
São Paulo,170,3,2,2,5,0,0,2199,11904961,5000
São Paulo,150,3,2,0,1,0,0,700,11904961,3000
Porto Alegre,60,2,2,1,11,1,0,469,1388794,1500
Porto Alegre,43,1,1,0,4,0,1,290,1388794,2100
São Paulo,130,3,2,2,4,1,1,800,11904961,3500
São Paulo,69,3,2,0,7,1,1,650,11904961,1900
Campinas,306,3,2,2,0,1,0,0,1187974,2500
São Paulo,187,3,2,3,0,1,0,500,11904961,3500
São Paulo,385,3,4,3,0,1,0,0,11904961,9000
São Paulo,355,4,4,3,0,1,0,0,11904961,7300
Porto Alegre,90,2,1,1,2,1,0,405,1388794,1100
São Paulo,190,3,4,4,0,1,0,0,11904961,5000
Campinas,181,2,1,2,0,1,0,0,1187974,1400
São Paulo,350,3,5,4,13,1,0,4000,11904961,3490
Belo Horizonte,168,5,3,2,2,1,0,1443,2415872,2900
Rio de Janeiro,73,2,1,0,1,1,0,1600,6730729,2800
São Paulo,378,5,5,4,4,1,0,4000,11904961,3000
Campinas,60,2,1,1,0,1,0,0,1187974,1300
Belo Horizonte,362,4,5,0,19,0,0,4138,2415872,15000
São Paulo,90,3,2,0,0,1,0,0,11904961,1700
Rio de Janeiro,42,1,1,0,4,0,1,500,6730729,1973
Rio de Janeiro,56,2,1,1,18,1,0,568,6730729,1000
São Paulo,16,1,1,0,1,0,0,0,11904961,850
São Paulo,90,2,2,2,15,0,1,1400,11904961,10000
Belo Horizonte,67,1,1,0,13,1,0,375,2415872,850
São Paulo,488,4,3,3,0,1,0,14130,11904961,6400
Rio de Janeiro,30,1,1,0,10,1,0,850,6730729,1100
São Paulo,290,6,3,4,0,1,0,0,11904961,8000
São Paulo,266,3,3,4,10,1,0,4700,11904961,6400
Campinas,47,2,1,1,4,1,0,260,1187974,900
Rio de Janeiro,590,6,6,2,0,1,1,750,6730729,8000
São Paulo,900,4,9,8,1,1,0,0,11904961,15000
São Paulo,86,2,1,1,0,1,0,0,11904961,2200
São Paulo,290,3,3,2,0,1,1,0,11904961,15000
Porto Alegre,84,3,2,2,4,1,0,750,1388794,3300
São Paulo,160,3,1,2,0,1,0,0,11904961,5000
São Paulo,37,1,1,0,3,0,1,470,11904961,3500
Campinas,73,3,1,1,4,1,0,308,1187974,850
São Paulo,350,4,5,5,17,1,1,2400,11904961,15000
Rio de Janeiro,57,1,1,0,2,1,0,200,6730729,1100
Campinas,48,1,1,0,9,1,0,350,1187974,650
Rio de Janeiro,30,1,1,0,8,1,0,390,6730729,800
Campinas,198,6,3,4,0,1,0,0,1187974,2000
Porto Alegre,47,1,1,0,2,0,0,300,1388794,1000
Porto Alegre,60,2,1,1,3,1,0,250,1388794,800
São Paulo,230,3,3,0,9,1,1,1700,11904961,5000
Belo Horizonte,90,2,1,1,0,0,0,0,2415872,1520
Rio de Janeiro,129,3,2,1,8,1,1,1200,6730729,3255
São Paulo,240,4,4,4,22,1,0,1980,11904961,6672
Porto Alegre,55,1,1,0,14,1,0,700,1388794,1020
Porto Alegre,52,1,1,0,0,1,0,150,1388794,1200
São Paulo,250,3,4,3,8,1,0,1610,11904961,6000
São Paulo,200,3,2,2,19,1,0,2573,11904961,10000
Belo Horizonte,312,4,3,3,1,1,0,1498,2415872,2300
São Paulo,230,5,5,3,0,1,0,0,11904961,9900
São Paulo,72,2,2,2,9,1,0,750,11904961,2480
São Paulo,55,2,1,0,5,1,1,620,11904961,2400
Rio de Janeiro,72,2,2,1,2,0,1,914,6730729,3600
São Paulo,50,2,1,0,0,1,0,0,11904961,1200
São Paulo,17,1,1,0,1,1,0,0,11904961,2700
Belo Horizonte,160,3,3,2,4,1,0,150,2415872,2400
São Paulo,214,4,4,3,5,1,0,2638,11904961,6520
Rio de Janeiro,65,1,1,0,0,1,0,300,6730729,1800
São Paulo,136,3,2,1,10,0,1,1300,11904961,6500
Porto Alegre,70,2,2,1,6,1,0,440,1388794,1900
Porto Alegre,38,1,1,0,2,1,0,340,1388794,650
São Paulo,450,8,5,5,0,1,0,0,11904961,8000
Rio de Janeiro,67,2,1,1,2,1,0,1217,6730729,2200
São Paulo,20,1,1,0,1,0,0,0,11904961,1100
São Paulo,41,1,1,0,12,1,0,290,11904961,1530
São Paulo,50,2,1,1,7,1,0,500,11904961,1550
São Paulo,205,3,3,3,0,1,0,0,11904961,5525
São Paulo,100,3,2,1,0,1,0,0,11904961,3300
São Paulo,190,3,4,4,16,1,1,2849,11904961,15000
Belo Horizonte,45,2,1,0,0,1,0,0,2415872,1350
Campinas,57,1,1,1,2,1,0,605,1187974,800
Porto Alegre,88,1,2,2,3,1,0,340,1388794,1600
São Paulo,70,1,1,1,10,1,1,459,11904961,3400
São Paulo,76,2,2,0,11,1,1,646,11904961,2800
Rio de Janeiro,36,1,1,0,10,1,0,450,6730729,1370
Porto Alegre,61,2,2,2,11,1,0,445,1388794,2500
São Paulo,280,4,3,6,0,1,1,0,11904961,12500
São Paulo,480,5,6,3,0,1,0,0,11904961,5000
Campinas,45,1,1,1,17,1,1,0,1187974,1950
São Paulo,42,1,1,0,9,1,1,1290,11904961,1500
Porto Alegre,62,2,1,0,4,1,0,352,1388794,736
São Paulo,38,2,1,0,2,1,0,90,11904961,1500
São Paulo,44,1,1,1,8,0,1,578,11904961,2400
São Paulo,75,3,2,2,11,1,0,630,11904961,2800
Rio de Janeiro,66,2,1,1,2,1,0,650,6730729,1250
São Paulo,125,3,3,2,0,1,0,0,11904961,2800
Campinas,62,2,1,2,7,1,0,609,1187974,1500
São Paulo,77,2,1,1,5,1,0,1148,11904961,3100
São Paulo,136,2,4,2,7,1,0,1540,11904961,4800
São Paulo,200,4,2,1,5,1,0,2115,11904961,5000
São Paulo,35,1,1,0,1,0,0,250,11904961,1305
São Paulo,250,4,3,2,0,1,1,10,11904961,4500
São Paulo,90,2,2,2,0,1,1,0,11904961,4100
Campinas,72,2,2,1,7,1,0,480,1187974,850
São Paulo,168,3,3,5,16,1,0,1675,11904961,3500
Porto Alegre,360,3,4,3,5,1,1,4000,1388794,13200
Campinas,38,1,1,1,9,1,0,500,1187974,740
São Paulo,23,1,1,1,26,1,0,487,11904961,2300
Porto Alegre,440,3,3,3,7,0,0,100,1388794,10500
São Paulo,120,3,3,2,9,1,1,1200,11904961,3500
Rio de Janeiro,90,2,2,0,5,1,0,830,6730729,2500
Porto Alegre,125,4,2,0,7,1,0,1006,1388794,1632
São Paulo,200,3,4,3,6,1,1,1800,11904961,5058
São Paulo,190,3,3,2,5,1,0,1800,11904961,3260
Belo Horizonte,123,3,2,1,3,1,0,363,2415872,2600
Campinas,53,2,1,1,0,1,0,284,1187974,2000
Rio de Janeiro,70,2,1,1,2,1,0,560,6730729,2180
São Paulo,90,2,2,2,17,1,1,1500,11904961,12200
São Paulo,95,3,2,0,0,1,0,0,11904961,1590
Campinas,74,3,1,1,4,1,0,474,1187974,900
São Paulo,64,1,1,1,15,0,0,620,11904961,3600
São Paulo,155,4,5,3,14,0,0,1850,11904961,6000
Rio de Janeiro,125,3,1,2,3,0,0,1000,6730729,2200
São Paulo,40,1,1,1,9,1,1,350,11904961,1580
Porto Alegre,350,3,2,4,0,1,1,0,1388794,6522
Belo Horizonte,417,3,5,8,0,1,0,0,2415872,7650
Porto Alegre,350,4,4,4,0,1,0,0,1388794,6000
São Paulo,40,1,1,1,8,0,0,440,11904961,2800
São Paulo,30,1,1,1,15,0,1,668,11904961,3500
São Paulo,142,3,4,2,4,1,0,1100,11904961,4500
Porto Alegre,110,3,3,2,5,1,1,1300,1388794,4000
São Paulo,100,4,4,1,0,1,0,0,11904961,10000
São Paulo,377,5,4,3,0,1,0,0,11904961,8000
São Paulo,230,2,3,3,17,1,1,2575,11904961,8000
São Paulo,35,1,1,0,5,0,1,450,11904961,1800
São Paulo,32,1,1,1,16,1,0,533,11904961,2900
São Paulo,74,2,1,1,5,1,0,569,11904961,2024
São Paulo,147,2,3,4,19,1,0,2600,11904961,1200
São Paulo,35,1,1,0,3,1,1,480,11904961,2500
Rio de Janeiro,26,1,1,0,7,1,1,630,6730729,1500
São Paulo,70,2,2,1,5,1,1,517,11904961,1700
São Paulo,150,3,3,3,19,1,1,1800,11904961,2800
São Paulo,200,3,3,2,0,1,0,0,11904961,8000
Campinas,60,1,1,1,14,1,0,583,1187974,1100
São Paulo,250,4,5,3,2,1,0,1700,11904961,2550
São Paulo,44,1,2,0,12,0,1,3300,11904961,3300
São Paulo,250,7,5,2,0,1,1,0,11904961,6000
São Paulo,157,3,2,0,7,1,0,1325,11904961,4500
São Paulo,97,2,2,0,1,1,0,1200,11904961,5600
Belo Horizonte,548,4,7,6,17,1,0,5905,2415872,15000
São Paulo,28,1,1,0,1,1,0,0,11904961,1325
São Paulo,250,3,4,0,1,1,1,2000,11904961,10000
Belo Horizonte,193,4,2,2,0,1,0,0,2415872,8900
Belo Horizonte,428,5,5,4,0,1,1,0,2415872,9600
São Paulo,50,2,1,0,2,0,0,200,11904961,950
São Paulo,135,2,3,2,5,0,0,2000,11904961,12300
Rio de Janeiro,103,2,2,1,8,1,0,530,6730729,1600
Campinas,103,3,2,2,2,1,0,1500,1187974,1360
São Paulo,80,3,2,1,0,1,0,740,11904961,1500
São Paulo,160,3,3,2,10,1,0,1229,11904961,4000
São Paulo,238,4,3,4,24,1,0,2980,11904961,10200
Belo Horizonte,500,7,4,4,0,1,0,0,2415872,5500
São Paulo,580,5,5,4,4,1,0,9900,11904961,15000
São Paulo,80,1,1,0,0,1,0,0,11904961,1370
São Paulo,210,4,5,3,12,1,1,2620,11904961,2975
Porto Alegre,106,3,3,1,7,1,0,900,1388794,2250
Rio de Janeiro,30,1,1,0,11,1,0,500,6730729,1200
São Paulo,156,3,2,1,0,1,0,0,11904961,2000
São Paulo,60,1,1,1,0,1,0,0,11904961,1250
São Paulo,200,3,4,0,2,1,0,3672,11904961,3600
São Paulo,70,2,2,0,1,1,0,280,11904961,1000
São Paulo,177,4,5,4,5,1,0,1500,11904961,9200
São Paulo,103,3,3,2,0,1,0,735,11904961,2500
São Paulo,440,4,4,4,0,1,0,0,11904961,12000
São Paulo,65,2,1,1,8,1,1,600,11904961,1700
Belo Horizonte,260,5,3,3,12,1,0,2000,2415872,4000
São Paulo,200,4,4,6,0,1,0,0,11904961,4320
São Paulo,96,3,2,1,12,1,0,1122,11904961,3050
São Paulo,68,2,2,1,2,1,1,690,11904961,2900
Belo Horizonte,300,5,5,5,0,0,0,0,2415872,4500
São Paulo,34,1,1,0,2,1,0,305,11904961,750
Campinas,398,5,6,0,2,1,0,3500,1187974,8500
Belo Horizonte,100,1,1,0,1,1,0,0,2415872,2600
Belo Horizonte,176,4,5,3,6,1,1,2136,2415872,6500
Belo Horizonte,90,2,2,2,4,0,1,500,2415872,4000
Belo Horizonte,680,7,6,8,0,1,0,0,2415872,8000
Belo Horizonte,220,4,3,0,9,1,1,3000,2415872,15000
São Paulo,110,2,2,2,0,0,0,0,11904961,2120
São Paulo,180,3,2,1,2,1,1,1260,11904961,5500
São Paulo,36,1,1,1,8,1,0,410,11904961,1800
Belo Horizonte,450,4,4,4,8,1,0,2394,2415872,12700
Rio de Janeiro,103,3,2,0,1,1,0,812,6730729,3300
Porto Alegre,101,2,2,2,5,1,0,480,1388794,1800
São Paulo,196,4,4,0,11,1,0,2450,11904961,6000
Rio de Janeiro,28,1,1,0,0,1,0,495,6730729,1980
São Paulo,260,3,4,4,0,1,0,0,11904961,4500
São Paulo,330,4,2,5,0,1,0,0,11904961,1870
Rio de Janeiro,70,3,2,1,6,1,0,607,6730729,1189
Rio de Janeiro,33,1,1,0,3,1,0,500,6730729,1200
São Paulo,160,3,3,2,3,1,0,2200,11904961,10500
São Paulo,60,2,1,1,9,1,0,506,11904961,1350
São Paulo,36,1,1,1,1,1,0,130,11904961,1379
São Paulo,20,1,1,0,1,1,1,0,11904961,2060
Porto Alegre,70,2,1,0,1,1,0,375,1388794,750
São Paulo,180,3,4,4,0,1,1,0,11904961,4700
São Paulo,105,3,3,1,5,1,0,980,11904961,2150
São Paulo,275,4,5,4,1,1,0,4200,11904961,9700
Belo Horizonte,450,2,2,5,0,1,0,0,2415872,1512
Campinas,360,4,6,4,0,1,0,864,1187974,7700
São Paulo,140,2,2,1,5,0,1,700,11904961,1900
São Paulo,900,3,5,8,0,1,0,0,11904961,8000
Porto Alegre,152,3,5,3,9,1,0,1600,1388794,6000
São Paulo,280,3,4,3,0,1,1,0,11904961,8000
São Paulo,230,4,4,3,5,0,0,2564,11904961,2500
Campinas,92,3,2,3,6,1,0,700,1187974,2100
Belo Horizonte,58,1,1,1,0,1,0,0,2415872,1100
Campinas,41,2,1,1,5,0,0,248,1187974,1193
São Paulo,206,4,4,3,10,1,0,1890,11904961,12000
Campinas,214,3,3,2,1,1,0,2016,1187974,5900
São Paulo,110,2,2,1,18,1,0,1286,11904961,1710
Belo Horizonte,100,2,1,0,0,1,0,0,2415872,777
Belo Horizonte,80,2,2,1,4,1,0,250,2415872,1200
Belo Horizonte,311,3,4,3,20,0,0,3075,2415872,13000
São Paulo,200,2,3,2,1,1,1,1700,11904961,15000
Campinas,96,3,2,2,10,1,0,800,1187974,3200
Rio de Janeiro,140,4,2,1,1,0,0,1700,6730729,6000
São Paulo,138,3,3,2,17,1,0,1100,11904961,7070
São Paulo,140,3,3,1,6,1,1,2200,11904961,3900
Rio de Janeiro,60,2,2,1,2,0,0,592,6730729,1250
São Paulo,40,1,1,0,0,0,0,0,11904961,600
São Paulo,178,3,4,4,6,1,1,2700,11904961,10200
São Paulo,140,3,3,2,0,1,1,0,11904961,4900
São Paulo,72,2,1,0,1,1,0,864,11904961,1020
São Paulo,117,2,1,1,5,0,1,720,11904961,2700
São Paulo,35,1,1,1,1,1,0,0,11904961,977
Porto Alegre,42,1,1,0,1,1,1,360,1388794,890
Belo Horizonte,29,1,1,0,1,1,0,0,2415872,1100
São Paulo,130,2,1,0,1,1,0,650,11904961,2150
Rio de Janeiro,100,3,2,1,4,1,0,2350,6730729,5000
Rio de Janeiro,39,1,1,0,4,1,0,450,6730729,609
São Paulo,61,1,1,0,9,0,0,394,11904961,1600
Campinas,750,4,5,5,0,0,0,0,1187974,10400
Belo Horizonte,142,4,3,2,3,1,0,900,2415872,2700
Campinas,650,4,4,8,0,1,0,0,1187974,7500
São Paulo,69,2,2,0,0,1,0,0,11904961,1700
São Paulo,100,2,2,4,0,1,0,0,11904961,2600
Belo Horizonte,300,4,2,2,3,1,0,1750,2415872,8000
São Paulo,190,3,4,3,14,1,1,1700,11904961,2740
Rio de Janeiro,115,2,2,0,13,1,0,950,6730729,4500
Campinas,119,3,1,1,5,1,0,926,1187974,1200
São Paulo,100,2,3,1,4,1,1,1200,11904961,1890
São Paulo,55,2,1,1,3,1,0,400,11904961,1087
São Paulo,44,1,1,1,2,1,1,724,11904961,3000
São Paulo,316,4,6,4,18,1,1,4767,11904961,8000
São Paulo,83,2,3,2,0,1,0,200,11904961,3500
Belo Horizonte,1000,5,7,8,0,1,0,0,2415872,14980
São Paulo,150,3,2,1,8,1,0,1172,11904961,4800
São Paulo,53,2,1,1,7,1,0,450,11904961,4200
São Paulo,49,2,1,1,0,1,0,400,11904961,970
Campinas,185,3,3,2,6,1,0,1200,1187974,2200
Rio de Janeiro,40,1,1,0,0,1,0,0,6730729,1200
São Paulo,65,2,1,0,3,1,0,654,11904961,1140
São Paulo,67,3,2,1,10,0,0,496,11904961,1560
São Paulo,46,1,1,1,9,1,0,500,11904961,2200
Campinas,205,3,2,1,2,1,0,950,1187974,2200
Porto Alegre,550,5,5,3,0,1,0,0,1388794,9000
Campinas,50,1,1,1,3,1,0,393,1187974,650
São Paulo,266,4,5,4,7,1,0,2900,11904961,10900
Rio de Janeiro,280,3,2,2,10,1,1,3140,6730729,8000
São Paulo,1600,6,6,6,0,1,1,0,11904961,7600
São Paulo,70,1,1,0,4,1,0,760,11904961,2400
São Paulo,84,3,2,2,8,0,0,700,11904961,2340
Belo Horizonte,40,1,1,0,3,0,0,496,2415872,1000
Rio de Janeiro,117,3,2,1,7,1,0,750,6730729,4110
São Paulo,68,2,2,2,8,1,1,1030,11904961,3430
Belo Horizonte,140,2,2,2,11,1,1,692,2415872,2800
São Paulo,450,4,2,3,0,1,0,0,11904961,13000
Porto Alegre,44,1,2,0,3,1,0,140,1388794,1350
São Paulo,40,1,1,1,3,1,1,686,11904961,3200
São Paulo,70,1,2,1,1,1,1,1300,11904961,8250
São Paulo,50,1,2,0,0,1,0,0,11904961,900
Belo Horizonte,405,2,3,0,7,1,0,3500,2415872,4000
São Paulo,75,2,2,1,1,1,0,700,11904961,3160
Belo Horizonte,80,3,3,1,3,1,0,560,2415872,1501
São Paulo,450,4,5,6,0,1,0,0,11904961,12000
São Paulo,225,4,5,4,10,1,1,1600,11904961,7106
São Paulo,250,3,2,3,35,1,1,2500,11904961,15000
São Paulo,60,2,1,1,5,0,0,965,11904961,2200
São Paulo,31,1,1,1,9,0,1,1500,11904961,3400
São Paulo,100,3,1,3,0,1,0,0,11904961,2000
Belo Horizonte,20,1,1,0,6,0,0,420,2415872,1050
São Paulo,200,3,4,8,0,1,0,0,11904961,7000
Campinas,50,1,1,1,8,1,0,780,1187974,1690
São Paulo,61,3,2,2,15,1,0,712,11904961,2200
São Paulo,200,3,4,2,3,1,0,4475,11904961,9800
Belo Horizonte,100,2,2,0,0,1,0,0,2415872,11000
São Paulo,365,4,5,6,4,1,0,3722,11904961,13900
São Paulo,38,1,1,0,13,1,0,414,11904961,3000
Rio de Janeiro,49,2,1,0,4,1,0,362,6730729,1350
São Paulo,207,3,5,4,6,1,0,2400,11904961,12000
Campinas,82,3,2,1,6,1,0,825,1187974,1500
São Paulo,400,5,4,3,0,1,0,0,11904961,4000
Rio de Janeiro,170,4,2,2,6,1,0,2420,6730729,9000
Porto Alegre,105,3,2,2,3,1,1,370,1388794,2890
São Paulo,383,4,4,5,2,1,0,2189,11904961,3004
São Paulo,168,3,3,3,3,1,0,1605,11904961,2700
São Paulo,53,2,2,1,10,1,1,1940,11904961,2400
Porto Alegre,320,4,3,2,0,1,0,0,1388794,4500
São Paulo,300,3,4,3,18,1,0,3500,11904961,9900
Campinas,100,3,2,3,0,1,0,0,1187974,2200
São Paulo,40,1,1,0,0,1,0,0,11904961,900
São Paulo,180,3,1,0,0,1,0,0,11904961,2500
São Paulo,257,4,5,4,8,1,1,2730,11904961,7500
São Paulo,178,2,4,2,2,1,0,2300,11904961,7000
São Paulo,179,3,3,0,9,0,1,1828,11904961,12000
Porto Alegre,64,2,1,0,1,1,0,300,1388794,1750
Porto Alegre,60,2,1,0,1,1,0,326,1388794,990
São Paulo,55,1,1,1,11,0,0,696,11904961,2200
São Paulo,50,1,1,0,8,0,0,470,11904961,1970
São Paulo,82,3,2,2,19,0,0,470,11904961,1994
Rio de Janeiro,60,1,1,1,7,1,0,650,6730729,1210
Porto Alegre,40,1,1,1,9,0,1,1300,1388794,1200
Campinas,230,4,4,8,0,1,0,0,1187974,5100
São Paulo,73,2,1,1,2,1,0,680,11904961,1300
São Paulo,79,2,2,1,1,1,1,600,11904961,2000
São Paulo,230,3,4,2,3,1,0,2000,11904961,4800
Rio de Janeiro,214,3,3,3,4,1,0,3575,6730729,14000
São Paulo,120,2,1,0,0,1,0,0,11904961,1500
São Paulo,200,4,2,1,0,0,0,0,11904961,2500
Porto Alegre,85,3,2,2,9,0,1,940,1388794,3300
São Paulo,45,1,1,1,1,0,1,3000,11904961,5520
Porto Alegre,30,1,1,0,4,1,0,198,1388794,755
São Paulo,57,2,2,1,3,1,0,476,11904961,2300
São Paulo,500,4,7,3,0,1,0,0,11904961,15000
São Paulo,322,4,5,5,17,1,1,2700,11904961,15000
São Paulo,20,1,1,0,3,0,0,224,11904961,1530
Porto Alegre,100,2,2,1,0,0,0,0,1388794,1346
São Paulo,620,4,6,4,1,1,0,8133,11904961,15000
Porto Alegre,240,4,3,5,0,1,0,0,1388794,2500
São Paulo,95,3,2,2,10,1,0,900,11904961,7000
São Paulo,35,1,1,1,6,1,0,542,11904961,2100
Belo Horizonte,325,5,4,7,0,1,1,0,2415872,8900
São Paulo,58,3,1,1,1,1,1,456,11904961,2800
São Paulo,200,4,4,3,6,0,0,1400,11904961,9000
São Paulo,92,3,2,2,2,1,0,1407,11904961,1100
Belo Horizonte,65,2,1,1,9,1,0,450,2415872,1545
Campinas,57,2,1,0,2,1,0,378,1187974,800
São Paulo,50,2,1,1,2,1,0,400,11904961,1600
São Paulo,165,4,5,2,4,1,1,2500,11904961,9500
Rio de Janeiro,70,2,1,1,6,1,0,900,6730729,1900
São Paulo,230,4,3,1,1,0,0,2400,11904961,4000
Rio de Janeiro,34,1,1,0,3,0,1,820,6730729,2000
Rio de Janeiro,25,1,1,0,0,0,0,0,6730729,660
São Paulo,50,2,1,1,2,1,0,0,11904961,1800
Porto Alegre,120,3,2,2,2,1,1,700,1388794,2975
Porto Alegre,60,2,1,1,0,1,0,0,1388794,1400
São Paulo,67,2,2,1,8,1,0,980,11904961,2240
São Paulo,22,1,1,0,26,1,0,384,11904961,2100
São Paulo,197,3,1,2,0,1,0,0,11904961,2100
Porto Alegre,105,3,3,1,3,1,1,1300,1388794,2300
São Paulo,80,2,2,1,0,0,0,0,11904961,1556
Belo Horizonte,140,4,2,2,5,0,0,820,2415872,2500
Rio de Janeiro,70,2,2,1,9,1,0,1200,6730729,4000
Porto Alegre,383,5,5,4,0,1,0,0,1388794,10000
São Paulo,172,3,4,3,5,1,0,1650,11904961,9000
Porto Alegre,57,2,2,1,6,0,0,425,1388794,1800
São Paulo,32,1,1,1,23,1,0,1800,11904961,2000
Belo Horizonte,341,10,6,7,0,1,0,0,2415872,5500
Belo Horizonte,600,5,6,8,0,1,1,0,2415872,10500
São Paulo,43,2,1,1,13,0,0,307,11904961,2000
Campinas,98,3,2,1,1,1,0,727,1187974,1233
São Paulo,36,2,1,0,6,1,0,590,11904961,1790
Rio de Janeiro,42,1,1,0,4,1,1,500,6730729,2800
Campinas,120,3,3,3,8,0,0,700,1187974,2700
Rio de Janeiro,78,2,2,1,8,1,0,720,6730729,1400
São Paulo,113,3,4,2,7,1,0,1600,11904961,4000
São Paulo,47,2,1,1,1,0,0,560,11904961,1390
São Paulo,60,2,2,1,5,1,0,478,11904961,1300
Porto Alegre,77,2,1,0,1,0,0,0,1388794,1130
Porto Alegre,75,2,2,1,3,1,0,200,1388794,1500
São Paulo,60,3,1,1,3,1,0,470,11904961,1550
São Paulo,240,3,4,3,9,1,0,2100,11904961,5800
São Paulo,48,1,1,1,4,1,0,633,11904961,3400
Belo Horizonte,70,3,1,1,8,1,0,395,2415872,1300
Belo Horizonte,345,3,3,0,0,0,1,0,2415872,3500
São Paulo,250,4,2,3,2,0,1,3000,11904961,15000
São Paulo,158,4,4,3,4,1,1,1990,11904961,3500
Porto Alegre,55,2,1,1,0,1,1,0,1388794,1300
Rio de Janeiro,80,2,1,1,17,1,0,866,6730729,1820
Porto Alegre,42,1,1,1,11,1,0,500,1388794,2200
São Paulo,80,3,3,2,20,1,0,600,11904961,4450
São Paulo,50,1,1,0,1,1,0,519,11904961,1550
Rio de Janeiro,380,4,3,2,9,1,0,3220,6730729,15000
São Paulo,85,2,2,1,6,1,1,1200,11904961,5300
Belo Horizonte,120,4,3,2,1,1,0,0,2415872,3250
São Paulo,214,4,5,4,6,1,0,2235,11904961,3251
São Paulo,277,4,4,6,5,1,0,4200,11904961,3800
Campinas,50,2,1,1,4,1,0,330,1187974,1080
Belo Horizonte,90,3,2,2,2,0,0,530,2415872,2000
São Paulo,287,4,5,2,0,1,1,0,11904961,6000
São Paulo,11,1,1,0,1,0,1,300,11904961,2000
Porto Alegre,62,2,1,1,7,0,0,485,1388794,1620
São Paulo,45,1,1,1,7,0,1,522,11904961,3100
Porto Alegre,80,2,1,1,1,1,0,200,1388794,1650
São Paulo,115,3,3,2,5,0,0,1000,11904961,4890
Porto Alegre,110,2,2,1,3,1,1,600,1388794,1800
São Paulo,162,3,3,2,4,1,0,1756,11904961,7000
Rio de Janeiro,85,3,2,1,4,1,0,1250,6730729,1800
Belo Horizonte,105,4,3,3,5,1,0,1148,2415872,1900
São Paulo,180,2,2,5,0,1,0,1,11904961,3000
Rio de Janeiro,80,2,1,0,9,1,0,330,6730729,831
São Paulo,56,2,1,1,6,1,0,680,11904961,2200
São Paulo,70,2,1,1,15,1,0,1049,11904961,1200
Rio de Janeiro,70,1,2,1,6,0,0,1100,6730729,1200
Belo Horizonte,75,3,1,1,4,0,0,482,2415872,1000
São Paulo,420,4,6,4,0,1,0,300,11904961,6500
São Paulo,279,3,3,8,0,1,1,0,11904961,3500
São Paulo,160,4,4,2,0,1,0,0,11904961,2400
São Paulo,41,1,1,0,0,1,0,250,11904961,1100
São Paulo,97,2,2,2,3,1,0,1400,11904961,2200
Porto Alegre,40,1,1,1,7,1,1,400,1388794,1400
São Paulo,110,3,2,1,5,1,1,1217,11904961,3600
Belo Horizonte,298,4,3,2,3,1,1,330,2415872,2500
Belo Horizonte,87,4,2,2,2,1,0,370,2415872,1600
São Paulo,150,5,5,4,3,0,1,1800,11904961,3700
São Paulo,113,3,2,2,8,1,0,1750,11904961,2975
Belo Horizonte,293,6,2,3,0,1,0,0,2415872,2600
São Paulo,90,3,2,2,1,1,0,1017,11904961,2000
Belo Horizonte,305,4,3,3,14,1,0,2500,2415872,9000
Campinas,50,2,1,1,0,0,0,0,1187974,1040
São Paulo,150,3,3,2,0,1,0,0,11904961,3300
Porto Alegre,367,3,4,4,8,0,0,7000,1388794,15000
Rio de Janeiro,50,2,1,0,9,1,1,505,6730729,2350
São Paulo,230,3,4,3,7,0,0,3200,11904961,8000
São Paulo,125,3,3,1,6,1,1,1600,11904961,5500
Rio de Janeiro,140,3,2,1,4,1,0,1100,6730729,1350
São Paulo,63,3,2,0,18,1,0,550,11904961,1800
São Paulo,110,2,1,1,21,1,0,975,11904961,3300
São Paulo,54,2,1,1,13,1,0,480,11904961,1610
Porto Alegre,67,2,1,0,3,1,0,330,1388794,1523
São Paulo,296,3,4,4,2,1,0,1860,11904961,8864
Belo Horizonte,70,2,1,1,0,1,0,0,2415872,1000
São Paulo,50,2,1,0,0,0,0,50,11904961,1100
São Paulo,160,3,2,4,0,0,0,0,11904961,3500
São Paulo,60,2,2,1,14,0,0,460,11904961,2200
São Paulo,220,3,4,3,12,1,1,3120,11904961,8000
São Paulo,340,4,3,8,0,1,0,0,11904961,13000
São Paulo,52,2,1,0,1,0,0,50,11904961,1150
Belo Horizonte,50,2,1,1,1,1,0,100,2415872,915
Belo Horizonte,60,2,1,0,3,1,0,290,2415872,2200
São Paulo,125,3,3,3,0,1,0,100,11904961,2450
São Paulo,36,2,1,0,0,0,0,0,11904961,1080
Belo Horizonte,100,3,2,1,5,1,0,730,2415872,1500
São Paulo,550,4,7,3,0,1,1,0,11904961,11500
São Paulo,60,3,1,2,4,0,0,383,11904961,1105
Campinas,48,1,1,0,4,0,0,490,1187974,500
São Paulo,164,3,3,1,3,1,1,1795,11904961,9000
Belo Horizonte,90,3,2,1,2,1,0,280,2415872,1200
Porto Alegre,78,3,2,1,4,1,0,450,1388794,2800
São Paulo,44,2,1,0,1,1,0,260,11904961,1125
Belo Horizonte,180,3,3,2,1,1,0,1500,2415872,2950
Campinas,82,3,2,1,1,1,0,650,1187974,1200
São Paulo,49,1,1,1,7,1,1,830,11904961,2900
São Paulo,400,5,4,5,0,0,0,0,11904961,13970
São Paulo,74,2,3,2,26,1,0,450,11904961,3200
São Paulo,110,2,1,1,0,1,0,0,11904961,1500
São Paulo,58,1,1,1,1,1,1,475,11904961,3500
Rio de Janeiro,23,1,1,0,5,0,0,320,6730729,1540
Rio de Janeiro,95,3,2,1,3,1,0,1061,6730729,2500
São Paulo,196,4,3,3,13,0,0,2420,11904961,5000
São Paulo,70,2,1,0,0,1,0,0,11904961,2300
Porto Alegre,148,2,1,2,3,1,0,385,1388794,1650
São Paulo,70,2,1,0,2,1,0,1100,11904961,1280
São Paulo,30,1,1,1,5,0,0,610,11904961,2300
São Paulo,300,3,2,4,0,1,0,0,11904961,2700
São Paulo,53,1,1,1,5,0,1,1132,11904961,2600
São Paulo,96,3,2,2,5,1,1,920,11904961,3148
São Paulo,190,3,4,2,10,0,0,1764,11904961,6000
São Paulo,250,3,5,8,0,1,1,0,11904961,6000
Belo Horizonte,130,4,1,3,0,0,0,0,2415872,2150
São Paulo,250,3,3,6,0,1,0,0,11904961,4250
Campinas,50,1,1,0,7,1,0,305,1187974,650
Belo Horizonte,840,5,6,5,0,1,0,0,2415872,8000
Rio de Janeiro,95,3,3,0,5,1,0,750,6730729,1999
São Paulo,33,1,1,0,1,0,0,250,11904961,1305
Rio de Janeiro,60,2,1,0,2,1,0,380,6730729,1350
São Paulo,51,1,1,0,11,1,1,900,11904961,4950
Rio de Janeiro,200,4,3,2,2,1,0,1900,6730729,8000
São Paulo,212,4,5,6,7,1,0,2850,11904961,4500
Belo Horizonte,66,3,1,0,0,1,0,15,2415872,1525
São Paulo,150,3,5,2,14,1,0,1423,11904961,3102
Rio de Janeiro,48,2,1,1,12,1,0,400,6730729,1270
São Paulo,90,2,2,1,0,1,0,0,11904961,2500
Porto Alegre,136,4,3,2,3,0,0,750,1388794,4000
São Paulo,40,1,1,1,14,1,0,557,11904961,3000
São Paulo,100,1,2,2,0,0,0,0,11904961,1700
São Paulo,32,1,1,0,18,1,0,330,11904961,1200
São Paulo,30,1,1,1,13,1,1,700,11904961,3300
São Paulo,170,2,2,5,0,1,0,0,11904961,5500
Campinas,184,4,3,4,0,1,0,0,1187974,3240
São Paulo,368,4,5,4,1,1,0,4210,11904961,5000
São Paulo,230,3,4,4,12,1,0,3300,11904961,7000
São Paulo,214,4,6,4,4,1,1,2000,11904961,11000
Belo Horizonte,37,1,1,1,7,0,0,425,2415872,2000
São Paulo,450,5,5,4,0,0,0,0,11904961,5540
São Paulo,87,3,2,0,6,1,0,1284,11904961,2000
São Paulo,70,2,1,1,0,1,0,0,11904961,1300
São Paulo,54,2,1,1,0,1,0,480,11904961,1250
Belo Horizonte,155,4,3,3,7,1,0,1200,2415872,3300
São Paulo,35,1,1,0,0,1,0,0,11904961,1100
São Paulo,160,4,4,5,0,1,0,0,11904961,4500
Belo Horizonte,95,3,2,2,1,1,0,210,2415872,1400
São Paulo,113,2,1,1,5,1,0,1000,11904961,3000
Rio de Janeiro,70,3,2,1,9,1,0,1002,6730729,850
São Paulo,131,3,2,2,1,1,0,1497,11904961,1800
Belo Horizonte,130,3,3,1,2,1,0,690,2415872,3200
Porto Alegre,72,2,1,0,1,1,0,80,1388794,1300
Belo Horizonte,130,2,1,1,0,1,0,0,2415872,1280
Rio de Janeiro,80,2,3,1,7,1,1,850,6730729,1300
São Paulo,50,3,2,2,0,1,0,150,11904961,2800
São Paulo,54,2,1,1,4,0,0,570,11904961,2000
São Paulo,130,3,3,3,23,1,0,1290,11904961,2800
Porto Alegre,230,4,1,1,3,1,0,1287,1388794,3500
São Paulo,50,2,1,1,1,1,0,300,11904961,1100
Belo Horizonte,100,3,2,3,0,1,0,0,2415872,2800
Belo Horizonte,40,1,1,1,2,0,1,0,2415872,970
Campinas,75,3,1,1,1,0,0,296,1187974,12000
São Paulo,30,1,1,1,4,0,1,1787,11904961,1200
Porto Alegre,68,2,2,1,3,1,0,400,1388794,1800
São Paulo,117,3,3,2,0,1,0,0,11904961,2700
Porto Alegre,600,5,4,5,0,1,1,0,1388794,12000
São Paulo,126,3,2,2,18,0,0,990,11904961,1610
Porto Alegre,290,4,4,3,0,1,0,0,1388794,2500
Porto Alegre,120,3,1,0,4,1,0,1090,1388794,1500
Rio de Janeiro,35,1,1,0,3,1,1,450,6730729,1600
São Paulo,56,2,2,1,4,1,0,500,11904961,2000
Campinas,53,2,1,1,1,1,0,0,1187974,800
São Paulo,270,4,4,4,11,1,1,2800,11904961,15000
Porto Alegre,150,4,2,2,0,1,0,600,1388794,1100
São Paulo,40,1,1,0,1,0,0,0,11904961,980
São Paulo,31,1,1,0,9,1,1,400,11904961,3280
São Paulo,50,2,2,1,1,1,0,450,11904961,1275
São Paulo,347,5,5,4,0,1,0,0,11904961,7000
São Paulo,70,3,1,1,14,0,0,428,11904961,1800
Rio de Janeiro,75,2,1,0,4,1,0,440,6730729,1200
Porto Alegre,90,3,2,0,3,0,0,405,1388794,1105
São Paulo,200,3,4,1,10,1,0,1600,11904961,1190
São Paulo,201,4,4,4,13,1,0,2600,11904961,5933
São Paulo,37,1,1,0,1,1,0,0,11904961,1400
São Paulo,75,3,1,1,8,0,0,837,11904961,2200
São Paulo,42,1,1,0,6,1,0,1290,11904961,1650
Campinas,148,3,2,0,14,1,0,610,1187974,1700
São Paulo,200,2,2,0,0,1,0,0,11904961,3000
São Paulo,216,3,3,3,16,1,0,2328,11904961,13000
São Paulo,300,3,2,0,0,1,1,0,11904961,8300
São Paulo,73,1,1,0,2,1,0,0,11904961,1350
Rio de Janeiro,77,3,1,0,2,1,1,1163,6730729,4200
Belo Horizonte,50,2,1,0,0,1,0,0,2415872,850
São Paulo,480,4,7,8,0,1,0,0,11904961,14000
São Paulo,300,5,5,2,0,1,0,0,11904961,4000
Rio de Janeiro,180,3,2,1,9,1,0,1600,6730729,4900
Porto Alegre,68,3,2,1,10,1,0,600,1388794,1600
São Paulo,62,2,2,1,1,1,0,560,11904961,1550
São Paulo,62,2,2,2,6,0,0,1000,11904961,3230
Campinas,212,4,1,2,0,1,0,0,1187974,1500
São Paulo,340,3,4,4,0,1,0,0,11904961,10000
Porto Alegre,280,5,4,8,0,1,0,0,1388794,10000
São Paulo,250,4,3,4,0,1,0,0,11904961,7200
São Paulo,64,2,1,0,8,1,0,500,11904961,1600
São Paulo,25,1,1,0,12,1,0,318,11904961,2100
São Paulo,37,1,1,0,11,0,0,346,11904961,3250
Campinas,51,3,1,1,0,1,0,246,1187974,1100
Rio de Janeiro,75,2,3,1,2,1,0,862,6730729,1600
São Paulo,40,1,1,1,0,0,0,0,11904961,972
Rio de Janeiro,25,1,1,0,1,1,0,50,6730729,700
Porto Alegre,340,5,4,4,0,1,0,0,1388794,4800
Rio de Janeiro,60,2,1,0,2,1,0,880,6730729,2650
Campinas,90,1,1,1,7,0,1,1750,1187974,1680
São Paulo,120,3,3,2,0,1,0,0,11904961,8900
São Paulo,200,1,2,0,0,1,0,0,11904961,8000
São Paulo,168,4,4,3,6,1,0,1400,11904961,3250
São Paulo,212,4,5,4,16,1,0,4000,11904961,10000
São Paulo,40,1,1,1,7,1,0,450,11904961,2400
São Paulo,78,1,2,1,10,0,0,900,11904961,2440
São Paulo,340,3,4,3,0,1,1,0,11904961,9800
Belo Horizonte,300,4,4,4,4,1,0,2200,2415872,10000
Belo Horizonte,181,3,3,3,0,1,0,0,2415872,5500
São Paulo,68,2,2,0,6,0,1,630,11904961,6443
São Paulo,600,6,7,4,0,1,1,10000,11904961,15000
São Paulo,138,3,3,2,0,1,0,0,11904961,2700
Belo Horizonte,65,2,1,1,6,0,0,486,2415872,1200
São Paulo,44,1,1,1,6,0,0,571,11904961,2000
São Paulo,600,5,7,8,0,1,1,0,11904961,9000
Belo Horizonte,53,1,1,0,1,1,0,398,2415872,1300
Belo Horizonte,340,4,5,4,20,1,0,2260,2415872,12000
São Paulo,183,6,5,2,2,0,0,800,11904961,3800
São Paulo,80,2,3,0,6,1,0,1312,11904961,3300
Campinas,50,1,1,1,7,0,1,406,1187974,2800
São Paulo,293,4,3,3,5,1,0,3300,11904961,1050
Belo Horizonte,80,3,2,1,2,1,0,413,2415872,1800
São Paulo,30,1,1,0,1,1,1,143,11904961,1318
São Paulo,150,3,4,2,0,1,0,0,11904961,2000
Campinas,70,3,2,2,2,1,1,359,1187974,2010
São Paulo,85,2,1,1,1,1,0,500,11904961,2300
Rio de Janeiro,500,5,5,1,0,1,0,0,6730729,7900
Porto Alegre,49,2,1,1,0,1,0,150,1388794,1220
São Paulo,325,4,5,7,0,1,1,0,11904961,11500
Rio de Janeiro,35,1,1,0,6,0,1,0,6730729,2570
São Paulo,270,4,3,3,2,1,0,3260,11904961,7500
São Paulo,540,4,7,5,11,1,0,4922,11904961,15000
São Paulo,150,3,5,3,2,1,1,990,11904961,11000
Belo Horizonte,300,3,3,2,0,1,0,0,2415872,5000
São Paulo,42,1,1,1,21,0,1,2406,11904961,2500
São Paulo,126,2,1,0,0,1,0,0,11904961,1700
São Paulo,67,2,1,1,4,1,0,1500,11904961,2099
São Paulo,80,3,3,2,4,1,1,1374,11904961,2000
São Paulo,85,3,1,2,4,1,0,1600,11904961,1900
Porto Alegre,290,5,5,3,4,0,0,3500,1388794,5600
São Paulo,274,2,3,4,0,1,0,0,11904961,3000
Campinas,46,2,1,1,3,1,0,250,1187974,970
Belo Horizonte,50,2,1,1,4,1,0,250,2415872,860
São Paulo,42,1,1,0,0,0,0,0,11904961,1600
Campinas,55,1,1,1,2,1,0,0,1187974,1195
Rio de Janeiro,55,1,2,1,2,1,0,650,6730729,1200
Belo Horizonte,80,2,3,2,6,1,0,980,2415872,3260
São Paulo,42,1,1,1,5,1,0,460,11904961,2300
Campinas,70,2,1,1,3,1,0,500,1187974,1275
Campinas,78,3,2,1,15,1,0,542,1187974,1935
Belo Horizonte,55,2,1,1,2,1,0,200,2415872,1100
São Paulo,63,2,1,1,3,1,0,600,11904961,1120
São Paulo,57,2,2,1,8,1,0,358,11904961,2550
Porto Alegre,78,2,1,0,2,1,0,80,1388794,1330
São Paulo,140,2,2,2,7,1,0,1260,11904961,6740
Belo Horizonte,71,3,2,2,3,1,0,270,2415872,1300
São Paulo,845,5,9,6,0,1,1,0,11904961,8499
Belo Horizonte,70,2,1,1,3,0,0,344,2415872,1100
Campinas,40,1,1,0,8,0,0,327,1187974,595
São Paulo,82,2,2,1,2,1,1,750,11904961,3100
São Paulo,31,1,1,1,4,1,0,272,11904961,3200
Porto Alegre,62,2,2,1,7,0,1,800,1388794,3900
São Paulo,156,4,4,3,9,1,1,1531,11904961,3510
São Paulo,300,3,4,7,0,0,0,0,11904961,4340
Rio de Janeiro,35,1,1,0,0,1,0,0,6730729,750
São Paulo,40,1,1,1,13,0,0,1100,11904961,1600
São Paulo,39,1,1,1,5,1,1,300,11904961,1700
Belo Horizonte,100,3,3,2,6,0,0,720,2415872,1800
Rio de Janeiro,60,2,1,0,7,1,0,528,6730729,1100
São Paulo,43,2,1,0,1,0,0,0,11904961,1250
Rio de Janeiro,120,2,2,0,8,1,1,990,6730729,12000
Belo Horizonte,90,3,1,1,0,1,0,0,2415872,1360
São Paulo,170,3,2,1,14,1,1,1670,11904961,10500
Belo Horizonte,154,4,2,3,4,0,1,2150,2415872,5400
São Paulo,108,3,3,2,3,1,0,1800,11904961,4800
São Paulo,20,1,1,0,4,1,1,602,11904961,1800
Rio de Janeiro,200,4,3,2,7,1,0,1940,6730729,2300
Belo Horizonte,800,7,7,4,0,1,1,0,2415872,8900
São Paulo,43,2,2,0,0,0,1,0,11904961,1750
Campinas,125,2,1,0,4,1,0,778,1187974,850
Campinas,28,1,1,0,0,0,1,0,1187974,1390
São Paulo,37,1,1,1,1,0,1,604,11904961,2600
São Paulo,60,3,2,1,0,1,1,0,11904961,2430
São Paulo,121,2,3,1,20,1,0,825,11904961,2560
Belo Horizonte,600,5,5,2,0,1,0,0,2415872,7500
São Paulo,161,3,3,2,10,1,0,1500,11904961,2750
Campinas,60,2,1,1,2,1,0,497,1187974,1350
São Paulo,60,3,1,1,7,1,0,630,11904961,1700
Rio de Janeiro,55,2,1,0,2,1,0,523,6730729,2300
São Paulo,90,3,1,1,2,1,0,1000,11904961,3000
São Paulo,65,2,1,0,0,1,0,0,11904961,1500
Porto Alegre,18,1,1,0,16,1,0,480,1388794,700
São Paulo,345,3,3,5,2,1,0,3000,11904961,12750
Porto Alegre,50,2,1,1,4,1,0,600,1388794,1190
São Paulo,230,4,5,4,7,1,0,3240,11904961,12500
São Paulo,100,2,2,1,3,1,0,299,11904961,1850
Porto Alegre,263,3,3,0,2,1,1,30,1388794,3500
Belo Horizonte,65,2,2,2,3,1,0,230,2415872,1700
Belo Horizonte,166,2,2,2,6,0,0,300,2415872,2100
Campinas,308,4,3,4,0,1,0,0,1187974,3900
São Paulo,400,4,3,5,0,1,0,0,11904961,10600
Belo Horizonte,140,3,4,3,11,1,0,525,2415872,3000
Campinas,47,1,1,0,1,1,1,380,1187974,550
São Paulo,178,3,3,3,8,1,1,2500,11904961,8300
Belo Horizonte,100,3,2,1,1,1,0,288,2415872,1500
São Paulo,62,3,2,1,6,0,1,1550,11904961,4800
São Paulo,390,4,4,5,8,0,1,8500,11904961,8600
São Paulo,217,3,4,1,10,1,0,2200,11904961,9000
Belo Horizonte,280,4,4,3,8,1,1,2850,2415872,9000
São Paulo,30,1,1,1,4,0,0,673,11904961,2500
São Paulo,39,1,1,1,11,1,1,390,11904961,2500
Belo Horizonte,118,3,3,1,1,1,0,350,2415872,1230
São Paulo,42,1,1,1,17,0,1,1352,11904961,1900
São Paulo,120,2,3,2,19,1,1,0,11904961,9920
São Paulo,174,4,5,4,13,1,1,1850,11904961,4745
São Paulo,450,4,4,3,7,1,0,5096,11904961,10000
Belo Horizonte,50,2,1,1,2,1,0,250,2415872,900
São Paulo,50,2,2,2,6,1,1,1720,11904961,7070
Rio de Janeiro,80,2,1,0,2,1,0,300,6730729,2000
Porto Alegre,134,3,2,2,4,1,0,985,1388794,2900
Campinas,188,5,4,0,0,1,0,0,1187974,4000
Rio de Janeiro,90,2,2,2,3,1,1,1100,6730729,4850
São Paulo,340,4,4,3,14,0,0,5000,11904961,5000
São Paulo,110,3,3,2,0,1,0,0,11904961,2800
Rio de Janeiro,58,2,1,1,9,1,0,500,6730729,2673
Rio de Janeiro,37,1,1,0,10,1,1,687,6730729,1840
São Paulo,280,3,5,3,0,1,0,0,11904961,8000
São Paulo,220,3,4,3,16,1,1,1500,11904961,8000
São Paulo,272,5,5,2,0,1,0,0,11904961,11000
São Paulo,49,2,1,1,18,1,1,370,11904961,2000
Campinas,54,1,1,1,5,1,0,750,1187974,773
Belo Horizonte,68,2,1,1,11,1,0,400,2415872,500
São Paulo,227,3,4,4,18,0,1,2100,11904961,12000
Belo Horizonte,350,5,4,4,0,1,0,0,2415872,15000
Porto Alegre,116,3,2,1,9,1,0,700,1388794,2600
São Paulo,130,2,2,1,17,1,0,993,11904961,5600
São Paulo,94,2,2,1,6,1,0,1000,11904961,3500
São Paulo,330,5,4,4,0,1,0,0,11904961,4600
Rio de Janeiro,230,4,4,0,6,1,0,2500,6730729,11000
Belo Horizonte,55,2,1,1,7,0,0,160,2415872,900
São Paulo,148,3,2,3,5,1,1,1750,11904961,3300
São Paulo,500,3,3,7,0,1,0,0,11904961,5500
Rio de Janeiro,250,4,4,0,1,1,0,2000,6730729,5000
Belo Horizonte,306,3,5,0,0,1,0,0,2415872,8000
Belo Horizonte,20,1,1,0,7,1,0,420,2415872,1050
Porto Alegre,60,1,1,0,2,0,0,300,1388794,920
São Paulo,130,3,2,2,15,0,0,1400,11904961,6200
São Paulo,450,4,5,7,0,1,1,0,11904961,12000
Rio de Janeiro,113,3,1,0,1,0,1,700,6730729,2500
Rio de Janeiro,66,2,1,1,3,0,0,699,6730729,1170
Campinas,83,2,1,1,1,0,0,390,1187974,960
Belo Horizonte,83,3,3,2,6,1,1,450,2415872,3655
São Paulo,50,1,1,1,3,0,0,1450,11904961,4600
São Paulo,52,2,1,1,2,1,0,789,11904961,3350
São Paulo,250,3,3,3,0,1,0,0,11904961,3210
São Paulo,121,2,2,1,2,1,1,1800,11904961,3100
Rio de Janeiro,85,2,3,1,5,1,0,950,6730729,7100
São Paulo,152,4,3,3,13,0,0,1607,11904961,4700
São Paulo,32,1,1,1,14,0,1,2000,11904961,1700
São Paulo,311,4,5,6,4,1,1,5083,11904961,14000
São Paulo,97,3,2,2,1,1,0,730,11904961,3000
São Paulo,250,4,5,4,9,1,0,4000,11904961,8440
Rio de Janeiro,32,1,1,0,8,1,0,574,6730729,1400
São Paulo,360,4,9,8,0,1,0,0,11904961,8540
São Paulo,24,1,1,0,0,0,0,0,11904961,870
São Paulo,55,1,1,1,10,1,1,920,11904961,3190
Belo Horizonte,83,3,2,2,1,1,0,200,2415872,1250
São Paulo,87,3,2,2,9,0,0,940,11904961,2600
Campinas,64,2,1,1,2,1,0,549,1187974,850
São Paulo,25,1,1,0,0,0,0,0,11904961,1350
São Paulo,30,1,1,1,6,1,0,1900,11904961,2001
Rio de Janeiro,500,2,5,5,0,0,0,0,6730729,1810
Porto Alegre,75,2,2,2,4,1,1,400,1388794,2750
São Paulo,205,3,3,4,0,1,0,0,11904961,6500
Belo Horizonte,88,3,2,0,0,1,0,0,2415872,1200
Porto Alegre,60,3,2,1,3,1,0,700,1388794,1800
Belo Horizonte,70,2,1,1,3,1,0,215,2415872,1100
Rio de Janeiro,100,2,3,0,1,1,0,0,6730729,1700
Porto Alegre,37,1,1,0,2,1,0,220,1388794,628
São Paulo,45,1,1,0,0,0,0,50,11904961,1050
São Paulo,330,3,3,5,0,1,0,0,11904961,8500
São Paulo,35,1,1,0,2,0,1,726,11904961,2800
Belo Horizonte,144,3,1,2,0,1,0,483,2415872,2300
Belo Horizonte,70,3,2,1,3,1,0,250,2415872,1200
São Paulo,68,2,2,1,14,1,0,762,11904961,2083
São Paulo,101,3,2,2,6,0,0,1205,11904961,5250
São Paulo,33,1,1,1,5,1,0,842,11904961,2000
São Paulo,200,4,2,2,0,1,0,0,11904961,5800
São Paulo,80,2,1,0,0,1,0,0,11904961,1439
São Paulo,74,2,1,0,0,0,0,0,11904961,1290
Belo Horizonte,65,2,2,1,2,1,0,300,2415872,1500
Campinas,111,3,3,3,6,0,1,1000,1187974,5000
São Paulo,380,3,6,8,0,1,1,0,11904961,9000
São Paulo,60,2,1,0,0,1,0,120,11904961,1720
São Paulo,300,3,3,5,0,1,0,0,11904961,4250
Porto Alegre,72,2,2,2,6,1,0,400,1388794,2400
Rio de Janeiro,75,2,2,1,5,0,1,1832,6730729,2750
São Paulo,70,2,1,2,7,1,0,543,11904961,1400
Belo Horizonte,360,5,4,1,0,1,0,0,2415872,4600
São Paulo,23,1,1,0,1,1,0,423,11904961,1580
São Paulo,100,3,2,2,10,0,0,2152,11904961,3500
São Paulo,150,4,4,3,0,1,0,0,11904961,4100
Rio de Janeiro,57,1,1,1,2,1,1,2480,6730729,2480
São Paulo,180,3,2,2,0,1,0,0,11904961,3270
Belo Horizonte,360,3,3,4,0,1,0,0,2415872,5000
São Paulo,120,3,3,2,11,1,0,995,11904961,2200
Belo Horizonte,45,2,1,1,1,0,0,300,2415872,900
Rio de Janeiro,30,1,1,0,8,1,0,456,6730729,900
São Paulo,40,1,1,1,6,0,1,1300,11904961,3000
São Paulo,130,3,2,1,2,0,0,1100,11904961,4500
Campinas,68,2,1,1,3,1,0,482,1187974,831
São Paulo,70,2,1,1,1,1,0,280,11904961,1000
Rio de Janeiro,77,2,2,1,1,1,0,1150,6730729,3000
São Paulo,220,4,4,1,19,1,0,1800,11904961,5500
Campinas,55,1,1,1,10,1,0,550,1187974,720
Porto Alegre,70,3,1,1,13,1,0,500,1388794,1300
São Paulo,250,4,4,4,9,1,0,3300,11904961,12000
São Paulo,110,3,2,2,6,1,0,950,11904961,5550
Campinas,151,2,2,1,8,1,1,900,1187974,2000
Campinas,45,1,1,0,4,1,0,290,1187974,700
Belo Horizonte,40,1,1,1,13,1,0,591,2415872,2600
Belo Horizonte,98,3,2,2,3,1,0,260,2415872,1100
São Paulo,70,2,2,1,1,1,0,280,11904961,1000
São Paulo,205,4,3,3,10,1,0,3800,11904961,10000
São Paulo,40,1,1,1,3,0,0,225,11904961,1080
São Paulo,100,3,2,1,6,1,0,1684,11904961,3600
Belo Horizonte,55,2,1,1,1,1,0,250,2415872,1200
São Paulo,288,3,3,3,0,1,0,0,11904961,12000
Rio de Janeiro,70,1,1,0,9,0,1,776,6730729,3400
São Paulo,70,2,1,1,8,0,0,600,11904961,2000
São Paulo,100,2,2,2,15,1,0,1050,11904961,2780
Porto Alegre,72,2,1,0,3,1,1,620,1388794,1600
Rio de Janeiro,20,1,1,0,0,1,1,422,6730729,980
Porto Alegre,360,4,4,4,0,0,0,0,1388794,2820
São Paulo,150,3,3,2,0,1,0,0,11904961,4680
São Paulo,130,3,4,0,3,1,1,0,11904961,2443
São Paulo,22,1,1,0,25,1,0,385,11904961,2100
Campinas,53,1,1,1,8,1,1,1350,1187974,3110
Rio de Janeiro,53,2,1,0,11,0,0,500,6730729,1000
São Paulo,642,4,7,4,0,1,0,0,11904961,9050
São Paulo,240,4,5,5,9,1,1,3442,11904961,9900
São Paulo,450,3,3,1,0,1,0,1125,11904961,6500
Campinas,57,2,1,1,3,0,0,343,1187974,850
Belo Horizonte,130,4,3,1,1,1,0,350,2415872,2600
São Paulo,53,2,2,1,7,1,0,450,11904961,2350
Porto Alegre,39,1,1,1,5,0,1,350,1388794,2600
São Paulo,850,6,7,4,0,0,0,15000,11904961,13000
São Paulo,67,1,1,0,0,1,0,0,11904961,1300
São Paulo,120,3,2,1,6,1,0,850,11904961,2600
São Paulo,200,5,6,4,6,1,0,3300,11904961,5000
Belo Horizonte,69,3,1,2,4,1,0,230,2415872,1300
Porto Alegre,60,2,1,1,0,1,0,0,1388794,540
Belo Horizonte,30,1,1,1,1,1,1,800,2415872,890
Campinas,650,4,6,4,0,1,0,760,1187974,13000
Porto Alegre,80,2,1,1,3,0,0,500,1388794,1500
Rio de Janeiro,135,3,2,1,6,1,0,1850,6730729,4100
São Paulo,60,2,1,0,3,1,1,260,11904961,1800
Belo Horizonte,80,2,2,1,4,1,0,700,2415872,1070
Campinas,80,2,2,1,0,1,0,0,1187974,1500
Belo Horizonte,160,4,6,3,7,0,0,1750,2415872,4750
São Paulo,135,2,2,1,12,1,0,1313,11904961,8700
Campinas,340,4,5,0,0,0,0,800,1187974,4000
São Paulo,35,1,1,1,1,0,1,444,11904961,3507
Porto Alegre,38,1,1,0,6,0,0,670,1388794,806
Porto Alegre,81,3,2,1,6,1,0,490,1388794,1630
Belo Horizonte,150,3,3,3,0,1,0,0,2415872,5950
São Paulo,126,3,1,2,0,1,0,0,11904961,4200
São Paulo,71,1,1,0,1,1,0,718,11904961,1443
São Paulo,20,1,1,0,0,1,1,602,11904961,1800
Campinas,55,1,1,1,5,0,0,730,1187974,750
Campinas,76,2,2,2,9,1,1,1027,1187974,2800
Rio de Janeiro,40,1,1,0,3,1,0,700,6730729,2800
São Paulo,400,3,5,5,0,1,0,0,11904961,12500
Belo Horizonte,70,3,1,2,2,1,0,230,2415872,1000
São Paulo,38,1,1,1,16,1,1,473,11904961,2800
Rio de Janeiro,80,2,1,0,6,1,0,1050,6730729,1500
Rio de Janeiro,64,1,1,0,7,1,0,670,6730729,1200
Belo Horizonte,300,4,3,2,0,1,0,0,2415872,10000
São Paulo,71,3,4,0,0,1,0,0,11904961,4000
São Paulo,25,1,1,1,5,0,1,600,11904961,3500
São Paulo,1000,4,7,4,10,1,1,6000,11904961,15000
São Paulo,196,3,5,3,3,1,1,3338,11904961,8440
Campinas,48,2,1,1,3,1,0,183,1187974,1190
São Paulo,315,3,5,2,14,0,0,4300,11904961,20000
Belo Horizonte,184,3,1,2,1,1,1,300,2415872,4000
Porto Alegre,450,5,4,4,0,1,1,0,1388794,9000
São Paulo,102,3,2,2,1,1,0,1300,11904961,2000
Campinas,135,3,2,2,3,1,0,1100,1187974,2040
São Paulo,41,1,1,1,14,0,0,707,11904961,3000
São Paulo,144,2,4,6,0,1,0,0,11904961,2196
Rio de Janeiro,110,3,3,1,6,0,0,1300,6730729,1000
Porto Alegre,43,1,1,1,4,1,0,240,1388794,1870
São Paulo,450,4,5,2,0,0,1,0,11904961,15000
Belo Horizonte,70,2,1,2,1,1,0,222,2415872,1600
São Paulo,220,4,4,4,5,0,0,2056,11904961,3230
São Paulo,52,1,2,1,13,1,0,1100,11904961,5000
São Paulo,198,2,2,2,13,1,0,1700,11904961,5500
São Paulo,30,2,1,0,0,1,0,0,11904961,1500
Rio de Janeiro,217,3,3,2,5,1,1,2487,6730729,10300
São Paulo,290,4,4,0,0,1,0,0,11904961,6800
Porto Alegre,70,2,1,0,1,1,1,350,1388794,1450
Rio de Janeiro,45,1,1,0,5,0,1,700,6730729,2500
São Paulo,40,1,1,1,8,0,0,800,11904961,1675
Campinas,180,4,3,2,0,1,0,1050,1187974,4348
Rio de Janeiro,90,2,1,0,2,1,0,200,6730729,1200
São Paulo,26,1,1,0,4,0,0,394,11904961,1178
São Paulo,629,4,4,4,0,1,0,0,11904961,15000
São Paulo,120,4,3,2,0,1,0,0,11904961,3000
Porto Alegre,49,1,1,0,1,0,0,600,1388794,600
São Paulo,44,2,1,1,13,1,0,290,11904961,1250
São Paulo,427,4,6,4,13,1,0,3440,11904961,10000
São Paulo,286,4,5,4,12,1,1,3150,11904961,4000
Porto Alegre,88,2,2,2,1,1,0,240,1388794,1600
São Paulo,120,2,3,2,20,1,0,2000,11904961,7000
São Paulo,74,1,2,2,16,1,1,1300,11904961,3560
Porto Alegre,350,3,4,4,0,0,0,0,1388794,3500
Porto Alegre,80,2,2,1,4,1,0,693,1388794,1600
São Paulo,63,2,2,1,18,1,0,784,11904961,4300
São Paulo,22,1,1,0,5,1,0,423,11904961,1600
São Paulo,94,2,3,0,9,1,0,1700,11904961,1300
São Paulo,60,2,1,0,0,1,0,0,11904961,1600
Rio de Janeiro,190,4,4,0,4,1,0,2200,6730729,4000
São Paulo,78,2,1,1,1,1,0,410,11904961,2500
Belo Horizonte,300,5,4,4,0,1,0,0,2415872,9000
São Paulo,211,4,4,4,26,0,0,1500,11904961,2880
Campinas,84,2,1,1,7,1,0,590,1187974,1100
Porto Alegre,300,3,3,5,0,1,0,0,1388794,3825
Belo Horizonte,497,5,5,4,0,0,0,0,2415872,8000
São Paulo,71,3,2,1,2,1,0,530,11904961,2500
Rio de Janeiro,138,2,1,0,3,1,0,810,6730729,1000
Rio de Janeiro,120,3,2,1,12,1,0,1300,6730729,2480
Rio de Janeiro,110,2,2,1,2,1,0,1000,6730729,3500
São Paulo,30,1,1,1,14,1,0,457,11904961,2800
São Paulo,386,4,6,3,21,1,0,3890,11904961,12750
Rio de Janeiro,70,2,1,0,4,1,0,680,6730729,2000
Belo Horizonte,120,3,2,2,2,1,0,150,2415872,1700
São Paulo,300,2,3,2,1,1,0,7000,11904961,3560
São Paulo,210,3,2,1,5,1,1,3400,11904961,7500
Rio de Janeiro,62,3,2,1,4,1,1,800,6730729,2100
Rio de Janeiro,84,3,2,1,6,1,0,839,6730729,1820
São Paulo,23,1,1,0,23,1,0,385,11904961,2050
São Paulo,140,2,4,2,19,0,0,950,11904961,6599
São Paulo,40,1,1,1,5,1,0,512,11904961,2100
São Paulo,148,3,3,0,6,1,0,2056,11904961,2400
São Paulo,75,3,2,2,14,1,0,658,11904961,2300
São Paulo,40,1,1,0,0,1,0,0,11904961,650
Rio de Janeiro,77,2,2,2,2,1,0,1039,6730729,4200
São Paulo,90,2,2,0,1,0,0,657,11904961,1800
Rio de Janeiro,300,4,4,0,0,1,0,0,6730729,3800
Rio de Janeiro,98,2,2,0,1,0,1,820,6730729,3050
São Paulo,64,2,2,1,4,1,0,750,11904961,2800
São Paulo,100,3,2,2,7,0,0,1400,11904961,3500
Belo Horizonte,80,2,1,0,2,1,0,275,2415872,1500
São Paulo,110,3,2,1,2,0,0,1341,11904961,4400
São Paulo,40,1,1,0,1,1,0,0,11904961,1000
Rio de Janeiro,80,2,1,0,3,1,0,877,6730729,1800
São Paulo,17,1,1,0,2,1,0,0,11904961,2700
São Paulo,137,2,2,1,0,0,0,0,11904961,4600
São Paulo,230,4,3,4,17,0,1,2217,11904961,6000
Rio de Janeiro,90,3,3,1,5,1,0,811,6730729,1700
São Paulo,347,4,7,6,0,1,0,0,11904961,8900
Belo Horizonte,200,4,3,0,0,1,0,0,2415872,15000
São Paulo,56,1,1,0,9,1,0,390,11904961,1300
Campinas,650,5,4,8,0,1,1,0,1187974,8500
Rio de Janeiro,30,1,1,0,1,1,0,310,6730729,1200
Campinas,52,1,1,1,17,1,1,750,1187974,1250
São Paulo,120,3,2,2,5,0,0,1520,11904961,5000
Rio de Janeiro,50,1,1,1,5,1,0,90,6730729,1010
São Paulo,120,3,2,1,17,1,0,1250,11904961,2000
Belo Horizonte,80,2,2,2,12,1,1,1100,2415872,4800
São Paulo,58,2,2,1,6,1,0,450,11904961,4700
Porto Alegre,89,3,1,0,3,1,0,631,1388794,1100
São Paulo,250,3,4,3,1,1,1,2900,11904961,9800
São Paulo,242,5,3,2,0,1,0,0,11904961,4250
São Paulo,55,2,1,1,1,1,1,300,11904961,2200
Belo Horizonte,45,1,1,0,0,1,0,0,2415872,1100
São Paulo,204,4,6,4,8,1,1,3900,11904961,6800
Rio de Janeiro,37,1,1,0,4,1,1,709,6730729,1200
São Paulo,50,1,1,0,6,1,1,240,11904961,2640
São Paulo,73,2,2,2,1,1,0,778,11904961,1200
Porto Alegre,180,6,2,2,2,1,0,0,1388794,4100
Rio de Janeiro,300,4,2,0,0,1,0,219,6730729,6500
Porto Alegre,71,2,2,1,3,1,0,861,1388794,1300
São Paulo,284,3,2,2,9,1,1,2300,11904961,6600
Campinas,37,1,1,1,2,1,0,478,1187974,555
São Paulo,35,1,1,0,0,0,0,0,11904961,750
São Paulo,190,2,2,4,0,1,0,0,11904961,4200
São Paulo,67,2,1,1,2,1,1,894,11904961,1600
Rio de Janeiro,98,2,2,0,10,1,0,950,6730729,2882
São Paulo,260,4,5,2,1,1,1,2600,11904961,8000
São Paulo,139,3,2,2,1,0,0,1600,11904961,3870
Porto Alegre,76,2,2,1,4,1,0,700,1388794,2200
Belo Horizonte,150,3,2,1,3,1,0,480,2415872,3000
Rio de Janeiro,51,1,1,1,4,1,0,800,6730729,1100
Belo Horizonte,120,3,2,2,2,1,0,150,2415872,1700
Porto Alegre,42,1,1,0,3,1,1,150,1388794,1050
Belo Horizonte,180,4,2,2,1,1,0,1500,2415872,2800
São Paulo,65,2,1,0,1,1,1,286,11904961,4200
São Paulo,420,5,4,4,7,1,0,8000,11904961,12000
São Paulo,90,2,2,2,9,0,0,1649,11904961,1400
São Paulo,44,1,1,0,7,1,0,460,11904961,1700
São Paulo,240,2,3,1,3,1,1,2300,11904961,6500
São Paulo,280,4,5,4,0,1,0,0,11904961,6350
São Paulo,120,2,2,3,9,1,0,2449,11904961,3300
Belo Horizonte,140,4,3,4,10,0,0,1050,2415872,2300
São Paulo,65,2,2,1,16,1,0,489,11904961,1750
Belo Horizonte,52,1,2,1,11,1,1,1000,2415872,3600
Porto Alegre,199,3,4,3,7,1,1,900,1388794,8750
Porto Alegre,71,2,2,1,4,1,0,1080,1388794,2700
São Paulo,42,1,1,0,2,1,0,530,11904961,2800
São Paulo,420,4,3,4,0,1,0,0,11904961,15000
Porto Alegre,169,2,1,1,0,1,0,0,1388794,2800
São Paulo,170,3,2,4,6,1,0,3678,11904961,1500
São Paulo,45,2,2,0,0,0,0,0,11904961,1650
São Paulo,60,2,1,1,6,1,0,660,11904961,2700
São Paulo,76,3,2,2,3,1,0,915,11904961,1450
São Paulo,22,1,1,0,25,1,0,472,11904961,2200
Rio de Janeiro,63,2,2,1,1,1,0,600,6730729,1800
São Paulo,33,1,1,1,7,0,1,630,11904961,3600
São Paulo,96,3,2,2,19,1,0,480,11904961,2300
Belo Horizonte,573,4,3,6,0,1,0,0,2415872,10000
Rio de Janeiro,84,3,1,0,2,1,0,805,6730729,2400
Campinas,400,4,4,3,0,1,0,1200,1187974,8700
Belo Horizonte,150,3,3,2,4,1,0,350,2415872,1950
São Paulo,120,3,1,0,11,1,0,680,11904961,2040
São Paulo,78,2,1,1,0,1,0,0,11904961,1700
Porto Alegre,117,2,1,1,4,1,0,380,1388794,2100
São Paulo,40,1,1,0,1,1,1,350,11904961,2090
Rio de Janeiro,50,2,1,0,1,0,0,1000,6730729,1059
Porto Alegre,80,3,1,1,1,1,0,350,1388794,1300
São Paulo,65,2,1,1,1,1,0,580,11904961,2600
Porto Alegre,90,2,2,0,3,1,0,320,1388794,1125
São Paulo,76,2,1,1,16,1,1,700,11904961,5600
Campinas,85,3,2,2,9,1,1,510,1187974,3000
São Paulo,76,1,2,2,5,1,1,540,11904961,2800
Rio de Janeiro,92,2,1,1,12,1,0,1000,6730729,1839
São Paulo,150,3,3,3,0,1,0,100,11904961,4600
São Paulo,515,5,4,3,5,1,0,5600,11904961,15000
Porto Alegre,91,2,1,0,2,1,0,316,1388794,1350
São Paulo,161,3,3,3,23,1,1,2000,11904961,15000
São Paulo,64,2,1,1,2,1,0,500,11904961,1400
Porto Alegre,59,1,1,1,12,1,0,300,1388794,2200
Belo Horizonte,150,4,4,4,12,1,0,890,2415872,4200
São Paulo,90,3,4,2,9,1,1,1200,11904961,5500
Rio de Janeiro,30,1,1,0,5,1,0,653,6730729,1800
São Paulo,127,2,3,1,0,1,0,0,11904961,3200
São Paulo,48,1,1,1,2,0,0,867,11904961,2300
São Paulo,90,2,2,1,0,0,0,0,11904961,4500
São Paulo,82,2,1,1,5,1,0,1060,11904961,3300
São Paulo,66,2,2,2,15,1,0,580,11904961,2500
São Paulo,81,3,1,1,3,1,0,900,11904961,2800
São Paulo,170,3,3,3,0,1,0,0,11904961,4200
Belo Horizonte,280,4,7,4,6,0,0,350,2415872,3000
Belo Horizonte,70,2,1,1,2,1,0,250,2415872,1400
Porto Alegre,69,2,2,2,10,1,0,670,1388794,2500
Belo Horizonte,143,3,2,3,11,0,0,680,2415872,2500
São Paulo,50,1,1,0,0,0,0,0,11904961,1250
Campinas,102,3,2,0,15,1,0,918,1187974,2500
São Paulo,60,2,1,0,0,1,0,0,11904961,1200
Campinas,265,3,3,2,0,1,0,0,1187974,2400
Rio de Janeiro,76,2,1,1,3,1,0,1353,6730729,2750
São Paulo,96,3,2,2,14,0,1,1122,11904961,8500
São Paulo,70,2,1,1,7,1,1,467,11904961,1800
São Paulo,140,3,4,2,11,1,1,1750,11904961,12000
São Paulo,81,2,1,1,3,0,0,710,11904961,2810
Porto Alegre,52,2,1,0,2,1,0,380,1388794,1500
São Paulo,298,5,3,3,0,1,0,0,11904961,8000
Porto Alegre,70,2,2,2,9,1,0,535,1388794,1600
São Paulo,92,2,1,1,2,1,0,425,11904961,1536
Rio de Janeiro,190,4,3,2,17,1,1,2500,6730729,9300
Porto Alegre,42,1,1,0,10,1,0,32000,1388794,700
São Paulo,40,1,1,1,6,0,0,765,11904961,2500
Rio de Janeiro,312,4,4,3,13,1,0,4000,6730729,15000
São Paulo,106,2,1,2,0,0,0,0,11904961,2100
Campinas,110,3,3,2,0,1,0,560,1187974,3700
São Paulo,384,5,5,3,13,1,0,4000,11904961,8000
Porto Alegre,69,2,1,0,2,1,0,240,1388794,1200
São Paulo,82,2,2,0,13,1,1,800,11904961,4500
Belo Horizonte,500,7,6,3,0,1,0,0,2415872,15000
São Paulo,130,3,2,1,12,1,0,1267,11904961,4500
São Paulo,55,1,1,0,0,1,0,0,11904961,1500
São Paulo,170,4,4,2,4,0,0,1411,11904961,2800
Campinas,183,4,2,0,0,1,0,920,1187974,2400
São Paulo,336,3,5,3,0,1,1,299,11904961,6000
São Paulo,40,1,1,0,3,1,1,350,11904961,1700
Belo Horizonte,45,3,1,0,0,1,0,0,2415872,1300
Rio de Janeiro,180,3,3,0,0,1,0,20,6730729,2550
São Paulo,23,1,1,0,23,1,0,399,11904961,2100
Porto Alegre,53,1,1,0,2,1,0,277,1388794,500
São Paulo,100,2,2,1,6,1,0,1050,11904961,4000
São Paulo,400,4,5,4,8,1,1,3884,11904961,8700
Rio de Janeiro,92,1,3,1,10,0,0,1450,6730729,2720
Belo Horizonte,420,6,4,0,5,1,0,927,2415872,3500
Rio de Janeiro,78,3,1,1,14,0,1,900,6730729,2800
São Paulo,70,2,1,1,11,0,1,500,11904961,1800
Campinas,500,6,5,8,0,1,0,0,1187974,8000
São Paulo,130,3,4,2,3,0,1,2500,11904961,2000
Rio de Janeiro,24,1,1,0,12,0,0,445,6730729,2000
São Paulo,125,2,1,1,11,1,0,700,11904961,2000
São Paulo,242,3,4,2,2,1,0,2200,11904961,4500
São Paulo,69,3,1,1,1,1,0,413,11904961,1199
São Paulo,135,2,2,1,8,1,1,1063,11904961,3250
Belo Horizonte,43,2,1,1,2,1,0,199,2415872,620
São Paulo,565,4,5,6,0,1,1,2337,11904961,14850
Porto Alegre,62,2,1,1,6,0,0,485,1388794,1296
Belo Horizonte,112,4,1,2,0,1,0,0,2415872,1900
São Paulo,31,1,1,1,14,1,0,478,11904961,2500
São Paulo,89,3,3,0,9,1,1,990,11904961,3550
Porto Alegre,100,2,2,0,0,1,0,0,1388794,2200
São Paulo,65,2,1,0,24,1,1,650,11904961,6000
Campinas,60,3,2,0,2,1,0,350,1187974,2362
Porto Alegre,75,3,2,1,3,0,1,450,1388794,1950
Porto Alegre,41,1,1,1,2,1,0,540,1388794,1150
São Paulo,100,2,1,0,1,1,1,765,11904961,3300
São Paulo,288,3,2,2,0,1,0,0,11904961,3700
São Paulo,400,5,6,0,0,1,0,0,11904961,5200
São Paulo,240,3,2,1,0,1,0,0,11904961,15000
São Paulo,80,1,1,1,0,1,0,0,11904961,1150
Campinas,43,2,1,1,0,1,0,274,1187974,1000
São Paulo,25,1,1,0,1,0,0,0,11904961,1200
São Paulo,49,2,1,1,17,0,1,665,11904961,2000
São Paulo,40,1,1,0,0,0,0,0,11904961,970
Porto Alegre,71,2,1,0,2,1,0,0,1388794,1500
São Paulo,50,2,1,0,10,1,0,450,11904961,1430
São Paulo,44,1,1,0,0,1,1,0,11904961,1800
São Paulo,400,4,2,8,0,1,0,0,11904961,7200
Porto Alegre,225,3,3,2,3,1,0,1100,1388794,3800
Rio de Janeiro,82,3,2,2,4,1,0,967,6730729,2200
São Paulo,102,3,1,1,0,1,0,0,11904961,1760
Porto Alegre,981,3,2,4,0,1,1,0,1388794,7000
São Paulo,230,3,4,0,16,1,1,1700,11904961,3000
São Paulo,280,3,4,3,3,1,0,1717,11904961,5200
São Paulo,69,3,1,1,8,1,0,650,11904961,1350
Rio de Janeiro,58,1,2,0,5,1,0,700,6730729,1600
Campinas,58,1,1,0,3,1,0,500,1187974,1050
Campinas,64,2,1,1,0,1,0,441,1187974,730
São Paulo,84,3,1,1,6,1,0,670,11904961,2180
Rio de Janeiro,35,1,1,0,7,0,0,450,6730729,1100
Rio de Janeiro,78,2,1,0,5,1,0,850,6730729,1600
São Paulo,55,2,1,2,4,0,0,780,11904961,980
São Paulo,250,4,5,4,5,1,1,3500,11904961,15000
Rio de Janeiro,110,3,2,0,7,0,0,1100,6730729,4860
São Paulo,206,2,1,3,0,1,0,0,11904961,3500
São Paulo,150,3,4,1,0,1,0,0,11904961,4250
São Paulo,180,4,3,2,11,1,1,1880,11904961,9000
São Paulo,330,4,5,4,0,1,0,0,11904961,6500
São Paulo,68,1,1,0,0,0,0,0,11904961,1100
São Paulo,280,4,4,4,6,0,1,3200,11904961,6000
Campinas,85,3,2,1,7,1,0,915,1187974,1500
São Paulo,55,2,1,0,1,1,0,340,11904961,1530
São Paulo,90,3,2,1,13,0,0,1100,11904961,2800
Belo Horizonte,96,3,1,1,0,0,0,0,2415872,1200
Belo Horizonte,250,4,1,8,0,1,0,0,2415872,2125
Porto Alegre,80,2,2,1,2,1,0,500,1388794,1800
Porto Alegre,41,1,2,1,9,1,0,400,1388794,2800
São Paulo,75,2,1,3,5,0,0,700,11904961,2500
São Paulo,800,7,7,8,0,1,0,0,11904961,9000
Rio de Janeiro,45,1,1,0,5,1,0,750,6730729,1000
São Paulo,74,2,2,2,17,1,0,1000,11904961,5000
Belo Horizonte,160,4,3,2,0,1,0,0,2415872,3700
São Paulo,50,1,1,0,3,1,0,400,11904961,1500
São Paulo,126,2,3,1,9,1,1,2000,11904961,10000
Rio de Janeiro,65,1,1,1,6,0,1,1100,6730729,4000
São Paulo,120,3,2,2,8,1,0,740,11904961,4000
Belo Horizonte,150,4,2,2,8,1,0,730,2415872,4200
Campinas,76,1,1,1,1,0,1,969,1187974,2500
São Paulo,226,4,5,4,1,1,0,4360,11904961,15000
Campinas,154,3,3,1,14,0,0,1700,1187974,6500
São Paulo,56,2,2,2,1,1,0,480,11904961,1630
Belo Horizonte,212,3,5,4,0,1,0,0,2415872,4200
São Paulo,62,3,2,1,4,1,0,400,11904961,1300
Rio de Janeiro,80,2,2,2,3,0,0,4200,6730729,7800
São Paulo,420,4,4,4,7,1,0,6000,11904961,12000
Porto Alegre,32,1,1,0,0,1,1,230,1388794,750
São Paulo,30,1,1,1,9,0,0,0,11904961,3000
Campinas,70,2,2,0,5,0,0,0,1187974,1000
São Paulo,200,3,3,2,0,0,0,0,11904961,6000
São Paulo,25,1,1,0,2,1,0,105,11904961,1330
São Paulo,42,1,1,1,9,1,1,768,11904961,3696
São Paulo,135,3,3,2,1,1,1,1650,11904961,4250
Porto Alegre,47,1,1,0,3,1,0,250,1388794,900
Porto Alegre,35,1,1,0,3,1,1,200,1388794,880
São Paulo,75,3,2,0,12,0,1,800,11904961,2236
São Paulo,300,2,2,0,0,1,1,0,11904961,3000
São Paulo,45,1,1,1,14,0,1,2200,11904961,2300
Belo Horizonte,850,5,7,8,0,1,0,0,2415872,10000
Porto Alegre,140,3,2,2,3,1,0,686,1388794,3000
São Paulo,60,2,1,0,0,0,0,0,11904961,1222
Campinas,150,4,5,2,1,1,0,1100,1187974,2860
São Paulo,160,3,2,1,1,1,0,185,11904961,7693
São Paulo,334,3,3,8,0,1,0,0,11904961,8600
São Paulo,330,4,3,0,0,1,0,0,11904961,9800
Porto Alegre,38,1,1,0,4,1,1,190,1388794,1800
Belo Horizonte,280,4,7,4,6,0,0,350,2415872,3000
São Paulo,200,3,3,2,12,1,0,2000,11904961,6500
São Paulo,100,4,5,2,7,1,0,2400,11904961,8500
Rio de Janeiro,80,2,1,0,2,1,1,515,6730729,1400
São Paulo,267,3,6,6,0,1,0,0,11904961,4800
Rio de Janeiro,130,3,1,1,2,1,0,1000,6730729,3500
Belo Horizonte,70,2,3,1,12,1,1,700,2415872,2450
São Paulo,213,3,5,5,10,1,0,3800,11904961,6200
São Paulo,35,1,1,0,0,0,0,0,11904961,780
Belo Horizonte,312,4,5,4,15,1,0,3150,2415872,15000
São Paulo,160,3,4,3,4,1,0,2087,11904961,2500
São Paulo,22,1,1,0,26,1,0,295,11904961,2000
São Paulo,400,4,4,3,1,1,1,3000,11904961,10000
São Paulo,45,1,2,1,11,1,0,495,11904961,2100
São Paulo,237,4,4,0,13,0,0,3168,11904961,8000
São Paulo,180,3,3,0,0,1,0,0,11904961,13000
São Paulo,30,1,1,0,2,0,0,349,11904961,1805
São Paulo,13,1,1,0,2,1,0,0,11904961,2200
São Paulo,140,4,4,2,0,1,1,0,11904961,6800
Belo Horizonte,62,2,1,1,3,1,0,100,2415872,1050
Rio de Janeiro,76,2,1,0,3,1,0,625,6730729,1000
São Paulo,220,3,4,4,15,1,0,1587,11904961,4250
Campinas,143,3,3,2,6,1,0,1600,1187974,3300
Campinas,44,2,1,0,2,1,0,272,1187974,650
São Paulo,90,3,2,1,10,1,0,934,11904961,1450
Belo Horizonte,190,4,3,3,10,1,1,1384,2415872,4800
São Paulo,79,2,3,1,14,1,0,2500,11904961,3100
São Paulo,45,1,1,2,8,1,0,695,11904961,1800
Campinas,73,3,2,2,17,1,0,570,1187974,2400
São Paulo,168,3,4,5,7,1,1,1610,11904961,3600
São Paulo,95,3,2,3,20,0,0,687,11904961,2500
Porto Alegre,180,2,2,1,4,1,0,170,1388794,2001
Porto Alegre,65,2,2,0,5,0,0,485,1388794,1390
Belo Horizonte,110,4,2,0,0,1,0,0,2415872,1850
São Paulo,58,1,1,1,13,1,1,750,11904961,4700
Belo Horizonte,15,1,1,0,0,1,0,45,2415872,665
São Paulo,213,4,3,5,0,1,0,0,11904961,3900
São Paulo,162,4,4,3,7,0,0,1500,11904961,5500
São Paulo,49,1,1,0,12,0,1,443,11904961,3800
São Paulo,32,1,1,0,2,1,0,0,11904961,1400
Belo Horizonte,78,3,2,2,16,1,0,875,2415872,2300
Porto Alegre,240,4,4,2,0,1,0,0,1388794,5000
Campinas,150,3,2,1,0,1,0,0,1187974,1320
Belo Horizonte,60,2,1,1,2,1,0,275,2415872,1200
Belo Horizonte,160,3,2,3,4,0,0,460,2415872,3500
São Paulo,74,2,2,2,7,1,0,1100,11904961,3400
São Paulo,280,4,4,8,0,1,0,0,11904961,7040
Porto Alegre,42,1,1,0,6,0,0,320,1388794,850
Porto Alegre,102,3,2,5,0,1,0,0,1388794,2975
São Paulo,123,3,2,2,11,1,0,1342,11904961,2174
Porto Alegre,50,2,1,1,0,1,0,0,1388794,1000
São Paulo,125,3,2,2,0,1,0,0,11904961,1700
Porto Alegre,240,3,2,4,0,1,0,0,1388794,5500
São Paulo,85,3,2,3,3,1,1,1100,11904961,1999
Belo Horizonte,260,4,5,4,5,1,0,2405,2415872,15000
São Paulo,22,1,1,0,0,0,0,0,11904961,870
São Paulo,278,3,2,1,11,1,0,2640,11904961,7800
São Paulo,18,1,1,0,8,1,0,400,11904961,1130
Rio de Janeiro,196,3,4,1,11,1,0,1500,6730729,5500
São Paulo,26,1,1,0,3,1,0,200,11904961,3500
São Paulo,100,4,2,2,0,1,0,0,11904961,3500
São Paulo,460,4,3,6,8,1,0,4400,11904961,10000
São Paulo,189,4,3,2,5,0,1,2300,11904961,6500
São Paulo,226,3,3,0,0,1,1,0,11904961,6000
São Paulo,418,2,4,3,17,0,0,5274,11904961,6875
Campinas,660,5,5,4,0,1,0,1400,1187974,5000
Campinas,120,1,2,1,0,1,0,0,1187974,1112
São Paulo,70,2,1,1,1,1,0,484,11904961,1100
São Paulo,400,10,5,8,0,1,0,0,11904961,10900
Campinas,82,3,3,2,4,1,0,550,1187974,1500
São Paulo,210,3,4,4,11,1,1,2000,11904961,15000
São Paulo,92,3,2,2,11,1,0,660,11904961,1900
Belo Horizonte,64,3,1,0,3,0,0,215,2415872,1400
Porto Alegre,35,2,1,0,1,0,1,0,1388794,1350
São Paulo,120,2,2,2,0,1,0,0,11904961,2690
São Paulo,16,1,1,0,1,0,0,0,11904961,1200
Porto Alegre,60,2,1,0,2,1,0,300,1388794,950
Campinas,223,3,5,2,2,1,0,1400,1187974,3300
São Paulo,50,1,1,0,0,0,0,0,11904961,800
Porto Alegre,30,1,1,0,5,1,0,400,1388794,940
São Paulo,111,2,2,1,14,0,0,1400,11904961,3500
São Paulo,290,4,3,2,1,0,1,2890,11904961,7150
Campinas,80,3,1,1,1,1,0,380,1187974,1328
São Paulo,353,4,5,5,46,1,0,3000,11904961,10000
São Paulo,55,2,1,1,18,1,0,635,11904961,1990
Campinas,49,2,1,1,1,1,0,263,1187974,1000
Rio de Janeiro,50,2,1,0,4,1,0,450,6730729,850
São Paulo,182,4,4,2,10,1,0,2965,11904961,6000
São Paulo,42,1,1,1,9,1,1,565,11904961,3800
São Paulo,500,5,7,5,22,1,0,5500,11904961,14000
São Paulo,56,1,1,0,0,0,0,0,11904961,1200
Rio de Janeiro,170,3,2,1,9,1,0,2000,6730729,4600
São Paulo,160,3,3,2,8,1,0,2000,11904961,5000
São Paulo,70,1,1,2,0,1,0,0,11904961,1300
Campinas,120,2,1,4,0,1,0,0,1187974,2400
Rio de Janeiro,65,2,1,1,3,1,1,550,6730729,1650
São Paulo,300,4,4,6,7,0,1,4000,11904961,5500
São Paulo,140,3,2,2,8,1,1,1050,11904961,12000
São Paulo,108,2,3,2,0,1,0,450,11904961,2100
Porto Alegre,220,3,3,4,0,1,0,0,1388794,2500
São Paulo,157,3,3,4,19,1,0,1300,11904961,4900
São Paulo,101,3,4,2,5,1,0,1300,11904961,3120
São Paulo,87,3,2,4,14,1,0,800,11904961,2000
Campinas,123,3,2,2,13,1,0,834,1187974,2000
São Paulo,67,1,2,1,12,1,1,815,11904961,2479
São Paulo,200,3,3,8,0,1,0,0,11904961,4480
São Paulo,48,2,1,1,8,1,0,545,11904961,1720
Belo Horizonte,51,2,1,1,2,1,0,260,2415872,700
São Paulo,54,2,1,1,5,0,0,245,11904961,1300
São Paulo,280,3,3,2,9,1,1,3000,11904961,5650
São Paulo,172,3,4,3,5,1,1,1650,11904961,7800
São Paulo,136,3,2,2,13,1,1,1259,11904961,15000
São Paulo,300,4,2,0,5,1,0,6000,11904961,15000
São Paulo,26,1,1,0,6,1,1,250,11904961,2300
Rio de Janeiro,52,1,1,0,2,1,0,477,6730729,1172
Rio de Janeiro,72,2,2,1,5,1,0,500,6730729,1200
Rio de Janeiro,240,3,3,1,8,1,1,2300,6730729,7000
São Paulo,100,3,2,6,0,1,0,0,11904961,7500
Rio de Janeiro,145,3,3,2,4,0,0,4000,6730729,11960
São Paulo,60,2,2,2,0,1,0,165,11904961,1950
Porto Alegre,260,2,2,1,3,1,0,170,1388794,2000
Belo Horizonte,28,1,1,0,0,0,1,550,2415872,1100
Campinas,25,1,1,0,3,0,0,300,1187974,1000
São Paulo,45,2,1,1,9,1,0,300,11904961,1920
Belo Horizonte,115,3,2,2,3,1,0,450,2415872,1950
Porto Alegre,48,2,1,0,4,1,0,468,1388794,800
São Paulo,150,3,3,8,0,1,0,0,11904961,8000
São Paulo,160,4,3,2,0,1,0,0,11904961,3800
São Paulo,700,4,4,4,0,1,0,0,11904961,10000
São Paulo,340,4,6,4,11,0,0,4800,11904961,7650
Rio de Janeiro,25,1,1,0,3,1,0,561,6730729,1513
São Paulo,79,3,2,2,11,1,0,652,11904961,1290
São Paulo,35,1,1,1,2,1,0,530,11904961,1600
São Paulo,270,3,4,0,1,1,0,0,11904961,3500
São Paulo,156,3,4,3,7,0,0,1417,11904961,5000
São Paulo,50,1,1,1,8,1,1,600,11904961,2800
São Paulo,60,1,1,2,2,0,0,3398,11904961,1900
São Paulo,140,3,4,3,18,1,0,1100,11904961,4000
São Paulo,53,1,1,0,2,0,0,170,11904961,1680
São Paulo,200,4,4,4,0,1,0,0,11904961,4220
Belo Horizonte,125,4,2,2,1,0,0,1100,2415872,2100
São Paulo,160,3,4,3,0,1,1,0,11904961,9350
Campinas,300,4,5,3,9,1,0,1650,1187974,9500
Belo Horizonte,175,3,3,2,4,1,1,400,2415872,3700
Rio de Janeiro,158,3,2,2,14,1,1,2000,6730729,8000
Rio de Janeiro,110,3,2,1,4,1,0,1200,6730729,2850
São Paulo,168,3,2,2,0,1,0,0,11904961,2500
São Paulo,120,3,1,2,0,0,0,0,11904961,3500
Belo Horizonte,230,4,3,4,7,1,1,3100,2415872,15000
São Paulo,255,3,4,2,10,1,1,2600,11904961,6000
São Paulo,23,1,1,1,26,1,0,472,11904961,2300
São Paulo,120,3,2,1,1,0,0,870,11904961,2500
Belo Horizonte,154,3,2,1,1,1,0,300,2415872,2000
Rio de Janeiro,50,1,1,1,13,0,1,0,6730729,4520
Rio de Janeiro,104,3,2,2,4,1,1,1549,6730729,7000
São Paulo,50,2,1,1,9,1,0,978,11904961,2430
Porto Alegre,75,2,2,1,6,1,0,383,1388794,1400
São Paulo,145,3,2,1,2,1,1,1017,11904961,2000
São Paulo,211,3,5,3,12,1,1,2500,11904961,7000
São Paulo,30,1,1,0,2,0,0,0,11904961,2060
Campinas,170,4,3,1,10,0,0,1470,1187974,3700
São Paulo,86,2,2,1,4,1,0,690,11904961,1900
Rio de Janeiro,230,3,4,3,10,1,0,2000,6730729,3000
São Paulo,61,1,2,2,1,0,1,2200,11904961,4000
São Paulo,383,4,4,5,11,0,0,2189,11904961,3004
São Paulo,210,3,3,0,0,1,0,0,11904961,5500
São Paulo,60,2,2,1,14,0,1,916,11904961,5650
São Paulo,213,4,6,4,1,1,1,3200,11904961,8500
Porto Alegre,93,2,2,3,6,1,1,873,1388794,3900
São Paulo,50,1,1,1,20,0,1,781,11904961,5300
São Paulo,149,2,3,3,21,1,0,1603,11904961,4500
São Paulo,410,4,5,5,1,1,0,0,11904961,20000
São Paulo,40,1,1,1,14,1,1,474,11904961,3175
Rio de Janeiro,46,1,1,0,11,1,1,659,6730729,1500
São Paulo,378,4,4,8,0,1,1,0,11904961,10000
São Paulo,60,2,2,2,11,1,1,760,11904961,3800
Rio de Janeiro,180,2,3,1,3,1,1,2500,6730729,8500
Belo Horizonte,70,2,2,2,1,0,0,300,2415872,1450
São Paulo,68,2,1,1,9,1,0,0,11904961,2100
Rio de Janeiro,85,2,2,1,4,1,0,763,6730729,1800
Belo Horizonte,140,4,2,2,2,1,0,450,2415872,2281
Belo Horizonte,52,2,2,1,2,0,0,360,2415872,1650
Porto Alegre,63,2,2,0,7,0,1,400,1388794,2600
São Paulo,65,2,2,2,13,1,1,1084,11904961,3300
Belo Horizonte,60,3,1,1,1,1,0,348,2415872,950
Belo Horizonte,27,1,1,0,2,0,0,0,2415872,1167
São Paulo,260,4,4,3,11,0,0,3500,11904961,15000
São Paulo,44,1,1,1,13,1,0,400,11904961,1200
São Paulo,170,3,3,2,0,1,0,0,11904961,4850
São Paulo,118,3,2,1,11,0,0,1116,11904961,4775
São Paulo,114,3,2,2,9,1,0,900,11904961,3780
Belo Horizonte,154,4,2,2,2,1,0,1465,2415872,2800
Rio de Janeiro,108,3,1,1,3,0,1,2300,6730729,15000
São Paulo,147,3,2,2,4,1,1,1313,11904961,3600
São Paulo,365,3,4,3,15,1,0,3700,11904961,12000
Porto Alegre,109,3,2,1,2,1,1,681,1388794,2423
Belo Horizonte,148,3,3,2,3,1,1,284,2415872,2500
São Paulo,250,3,4,2,0,1,0,0,11904961,6000
Campinas,79,2,1,1,3,0,0,245,1187974,1000
Rio de Janeiro,66,2,1,1,9,1,0,997,6730729,2400
Campinas,54,1,1,1,6,0,0,0,1187974,1370
Campinas,87,3,1,1,6,1,0,730,1187974,1200
São Paulo,640,4,4,4,12,1,1,5400,11904961,10200
São Paulo,71,2,1,0,3,1,1,613,11904961,1040
São Paulo,35,1,1,1,6,0,1,886,11904961,1250
São Paulo,57,2,2,1,2,0,1,584,11904961,2300
São Paulo,38,1,1,0,8,0,0,480,11904961,1220
Rio de Janeiro,70,2,2,1,3,1,0,990,6730729,3700
São Paulo,350,2,4,8,0,0,0,0,11904961,3300
Rio de Janeiro,300,4,3,2,5,0,1,2500,6730729,12000
Porto Alegre,80,2,2,0,8,1,0,430,1388794,1320
Rio de Janeiro,160,3,3,1,4,1,0,1050,6730729,2900
Porto Alegre,117,3,2,2,10,1,0,1564,1388794,5500
Porto Alegre,112,3,2,2,3,1,1,800,1388794,4100
Rio de Janeiro,100,2,2,1,0,1,0,0,6730729,1870
Rio de Janeiro,160,4,2,1,2,1,0,1500,6730729,4230
Porto Alegre,68,2,1,0,3,1,0,270,1388794,700
São Paulo,530,4,4,4,4,0,0,3857,11904961,5000
São Paulo,210,3,2,2,0,1,1,0,11904961,3500
Rio de Janeiro,33,1,1,0,8,0,1,600,6730729,3300
São Paulo,40,2,1,0,3,1,0,348,11904961,1100
Belo Horizonte,200,5,5,8,0,1,0,0,2415872,6000
São Paulo,58,2,1,2,10,1,0,383,11904961,1360
São Paulo,120,3,3,2,6,1,0,1800,11904961,3400
São Paulo,162,3,4,0,0,1,0,0,11904961,3200
São Paulo,301,4,5,4,3,1,1,4265,11904961,12500
São Paulo,40,1,1,0,1,0,0,150,11904961,1800
Rio de Janeiro,135,3,2,1,2,1,0,1940,6730729,3060
São Paulo,135,3,2,1,4,1,0,1378,11904961,3290
Porto Alegre,102,3,2,2,8,1,1,1125,1388794,5525
São Paulo,76,2,2,2,6,1,0,978,11904961,1400
São Paulo,180,4,1,1,13,1,0,2420,11904961,8500
Belo Horizonte,72,2,2,1,0,1,0,0,2415872,1250
São Paulo,128,2,3,1,4,1,0,755,11904961,4339
São Paulo,44,1,1,0,4,1,1,450,11904961,2500
São Paulo,189,3,3,1,12,1,0,2143,11904961,5800
Porto Alegre,450,6,2,8,0,1,0,0,1388794,4000
São Paulo,286,4,4,5,0,1,0,0,11904961,10800
São Paulo,276,4,6,4,10,1,1,3450,11904961,4500
São Paulo,60,1,2,1,9,0,1,844,11904961,3800
São Paulo,40,1,1,0,0,0,0,0,11904961,880
Rio de Janeiro,57,2,2,1,4,1,0,600,6730729,1800
Campinas,45,1,1,1,3,1,0,521,1187974,600
São Paulo,42,1,1,1,12,0,1,712,11904961,3500
Rio de Janeiro,68,2,1,1,2,1,0,560,6730729,1100
Rio de Janeiro,120,3,2,1,4,1,0,1650,6730729,4800
São Paulo,360,4,4,2,4,1,0,3340,11904961,11050
São Paulo,140,2,1,0,0,1,0,0,11904961,1650
São Paulo,16,1,1,0,1,0,0,0,11904961,910
Campinas,110,3,1,1,13,1,0,780,1187974,1100
Campinas,69,2,1,1,7,0,0,485,1187974,980
Belo Horizonte,59,2,2,0,2,0,1,510,2415872,1400
São Paulo,336,4,4,6,0,1,0,0,11904961,7677
São Paulo,210,4,4,3,5,1,1,2800,11904961,5000
São Paulo,242,4,5,4,4,1,1,3270,11904961,12000
Porto Alegre,28,1,1,0,4,1,0,350,1388794,550
São Paulo,220,4,3,3,2,0,1,4208,11904961,9000
Porto Alegre,62,3,2,1,1,0,0,485,1388794,1629
Rio de Janeiro,111,3,2,2,11,1,1,1100,6730729,3500
Campinas,159,3,2,2,1,1,0,1000,1187974,2500
Rio de Janeiro,70,2,2,0,5,1,1,690,6730729,2250
São Paulo,150,3,2,2,2,1,0,1181,11904961,2000
São Paulo,50,1,1,1,17,1,1,776,11904961,4000
São Paulo,450,3,3,8,0,1,1,0,11904961,5015
Belo Horizonte,64,2,1,1,2,1,0,252,2415872,850
São Paulo,600,5,7,5,0,1,0,0,11904961,5200
São Paulo,70,1,1,0,8,1,0,430,11904961,3200
São Paulo,76,3,2,0,6,1,0,1160,11904961,1240
São Paulo,280,3,3,4,0,1,0,0,11904961,6520
São Paulo,172,2,4,3,23,1,0,1400,11904961,11000
São Paulo,246,3,4,4,3,1,1,3800,11904961,12000
São Paulo,64,2,1,1,8,1,0,400,11904961,1500
Belo Horizonte,30,1,1,0,2,0,0,0,2415872,550
São Paulo,80,3,2,1,0,1,0,0,11904961,2170
Rio de Janeiro,87,3,1,1,7,1,0,786,6730729,1800
Porto Alegre,50,1,1,1,7,1,0,250,1388794,800
Porto Alegre,50,1,1,0,6,1,0,400,1388794,800
São Paulo,30,1,1,0,0,0,0,0,11904961,1850
São Paulo,43,1,1,0,6,1,0,219,11904961,1472
São Paulo,300,3,4,0,0,1,1,0,11904961,10000
Campinas,58,1,2,1,10,0,0,850,1187974,750
São Paulo,30,1,1,1,14,0,0,1379,11904961,1660
São Paulo,54,2,1,0,2,0,0,571,11904961,1700
Rio de Janeiro,80,2,2,1,2,0,0,1050,6730729,3500
Porto Alegre,62,2,2,1,10,1,0,480,1388794,1600
Porto Alegre,66,2,2,0,3,1,0,550,1388794,1200
São Paulo,80,2,2,1,2,1,0,400,11904961,1500
São Paulo,560,4,4,7,2,1,0,8600,11904961,15000
São Paulo,30,1,1,1,5,1,1,500,11904961,3900
São Paulo,50,1,1,0,0,1,0,0,11904961,1600
Rio de Janeiro,81,2,2,1,8,1,1,615,6730729,3500
São Paulo,218,4,4,4,3,0,0,2488,11904961,4930
Campinas,54,2,1,2,6,1,0,300,1187974,1200
Rio de Janeiro,60,2,1,0,0,0,0,0,6730729,1200
Belo Horizonte,100,3,1,1,2,1,0,150,2415872,1200
São Paulo,156,2,3,2,8,1,1,2040,11904961,13590
São Paulo,300,3,4,3,1,1,1,3000,11904961,4000
São Paulo,39,1,1,1,3,0,1,680,11904961,2500
São Paulo,150,4,3,4,0,1,0,0,11904961,3000
São Paulo,140,2,3,4,10,1,1,2300,11904961,6170
São Paulo,240,4,4,3,1,1,0,2800,11904961,4200
São Paulo,70,2,1,0,0,1,0,0,11904961,1300
Campinas,462,4,7,4,0,1,0,0,1187974,5000
Campinas,67,3,1,1,1,0,0,351,1187974,890
Belo Horizonte,100,2,1,0,0,1,0,0,2415872,1200
Belo Horizonte,113,3,3,1,1,1,0,350,2415872,1100
São Paulo,99,3,2,1,3,1,0,390,11904961,2500
São Paulo,120,2,1,1,0,1,0,0,11904961,2100
São Paulo,110,3,2,3,0,1,0,0,11904961,2600
Porto Alegre,38,1,1,1,5,1,0,342,1388794,980
Campinas,100,3,1,1,7,1,0,999,1187974,1090
Rio de Janeiro,135,4,2,2,7,1,0,1378,6730729,4200
Rio de Janeiro,130,3,2,1,10,1,1,1338,6730729,3250
Belo Horizonte,80,3,2,1,1,1,0,305,2415872,1200
São Paulo,300,3,2,5,0,1,0,0,11904961,11500
Belo Horizonte,72,2,1,2,4,0,0,195,2415872,1300
São Paulo,70,3,2,2,3,1,0,1058,11904961,1659
São Paulo,395,4,4,3,16,1,1,2137,11904961,15000
Porto Alegre,540,6,8,3,0,1,0,0,1388794,15000
São Paulo,318,4,6,4,13,1,1,3450,11904961,10160
Belo Horizonte,42,2,1,1,5,1,0,170,2415872,900
Rio de Janeiro,52,1,1,1,1,1,0,613,6730729,1400
São Paulo,167,3,2,1,7,1,0,1787,11904961,10850
São Paulo,50,1,1,0,6,0,0,467,11904961,1209
Campinas,65,2,2,1,4,0,0,412,1187974,1000
São Paulo,140,4,4,3,5,1,0,1800,11904961,3600
São Paulo,92,3,1,1,3,1,0,340,11904961,1600
Belo Horizonte,150,4,3,3,5,0,0,1200,2415872,3300
Campinas,60,1,1,0,3,1,0,250,1187974,1300
Belo Horizonte,308,4,5,6,18,1,1,2000,2415872,13500
São Paulo,159,2,3,1,8,0,1,1276,11904961,3230
São Paulo,240,3,5,4,0,1,0,0,11904961,7500
Porto Alegre,65,3,2,0,5,0,0,450,1388794,1690
São Paulo,200,3,2,2,0,1,0,0,11904961,5000
Campinas,130,3,5,2,2,1,0,1170,1187974,3610
Rio de Janeiro,21,1,1,0,11,1,0,519,6730729,1200
São Paulo,68,2,1,1,5,1,0,525,11904961,1600
Porto Alegre,40,1,1,0,4,1,0,450,1388794,900
Belo Horizonte,310,4,3,6,0,1,0,0,2415872,3100
Campinas,103,2,1,1,4,0,0,635,1187974,1060
Rio de Janeiro,650,5,7,4,0,1,1,4100,6730729,15000
Campinas,30,1,1,0,5,0,1,380,1187974,500
Belo Horizonte,155,4,5,3,5,0,0,1200,2415872,5000
São Paulo,107,2,2,1,0,1,0,400,11904961,2600
São Paulo,340,4,5,5,16,1,1,5200,11904961,12000
Belo Horizonte,70,3,1,0,3,0,0,275,2415872,1200
Belo Horizonte,58,2,2,1,4,1,0,310,2415872,950
São Paulo,70,3,2,1,6,0,1,569,11904961,3300
São Paulo,240,3,3,0,0,1,0,300,11904961,4300
Rio de Janeiro,130,3,2,1,5,1,0,1300,6730729,2800
São Paulo,310,5,6,5,5,1,0,6900,11904961,10000
Rio de Janeiro,60,1,1,1,10,1,0,731,6730729,1300
São Paulo,319,4,6,5,16,0,0,5000,11904961,10050
Porto Alegre,81,2,1,0,2,1,0,350,1388794,1150
São Paulo,113,2,2,1,6,1,0,1000,11904961,3000
São Paulo,280,3,4,2,3,0,0,4000,11904961,6000
São Paulo,270,3,3,3,16,1,0,2800,11904961,13000
São Paulo,78,2,1,1,7,1,0,645,11904961,2000
São Paulo,60,1,2,1,0,1,0,0,11904961,1500
São Paulo,30,1,1,0,0,1,0,0,11904961,750
Rio de Janeiro,58,2,1,1,10,1,0,594,6730729,800
Rio de Janeiro,65,1,1,0,2,1,0,350,6730729,1800
São Paulo,58,1,1,1,1,0,0,580,11904961,1740
São Paulo,32,1,1,1,13,0,1,811,11904961,3200
Campinas,176,3,5,3,3,1,0,1350,1187974,5200
Belo Horizonte,350,7,5,4,0,1,0,0,2415872,7500
São Paulo,260,4,4,2,5,1,1,2570,11904961,4400
São Paulo,100,2,1,0,0,1,0,0,11904961,2300
Rio de Janeiro,65,1,1,0,10,0,1,750,6730729,3500
Rio de Janeiro,600,7,6,1,12,0,1,1300,6730729,15000
Rio de Janeiro,300,4,3,1,0,1,0,0,6730729,5000
São Paulo,430,4,3,4,0,1,0,0,11904961,8500
São Paulo,260,5,5,4,20,0,0,4000,11904961,8000
Belo Horizonte,211,3,4,3,0,0,0,0,2415872,8400
Campinas,103,3,2,1,9,0,0,885,1187974,1800
Porto Alegre,62,2,2,0,2,1,0,400,1388794,1556
Rio de Janeiro,80,2,2,1,1,1,1,1100,6730729,3499
São Paulo,60,1,1,1,0,0,0,0,11904961,1180
São Paulo,27,1,1,0,5,0,0,1404,11904961,3500
São Paulo,486,4,6,5,8,0,0,4614,11904961,4861
São Paulo,40,1,1,1,12,1,1,480,11904961,1680
Rio de Janeiro,60,2,1,0,7,1,1,806,6730729,2800
Rio de Janeiro,64,2,2,0,10,1,0,665,6730729,2200
Campinas,660,5,7,4,17,1,0,5381,1187974,10000
São Paulo,62,3,2,1,5,1,0,487,11904961,2400
Porto Alegre,50,2,1,1,3,1,0,180,1388794,946
São Paulo,380,3,4,4,0,1,0,0,11904961,8000
Campinas,134,3,3,2,7,0,0,1000,1187974,2500
São Paulo,74,2,2,0,4,1,1,1105,11904961,3600
Belo Horizonte,68,2,2,1,5,1,1,1183,2415872,2500
Rio de Janeiro,33,1,1,0,2,1,0,470,6730729,1600
São Paulo,60,2,1,0,0,1,0,0,11904961,1100
São Paulo,50,1,1,1,25,0,1,707,11904961,3700
São Paulo,57,2,2,2,6,1,0,834,11904961,1630
São Paulo,39,1,1,1,4,1,0,529,11904961,995
Porto Alegre,45,1,1,1,1,0,0,30,1388794,760
São Paulo,221,3,2,2,7,1,0,1980,11904961,4500
São Paulo,140,3,2,0,8,1,1,2500,11904961,1799
Rio de Janeiro,650,5,4,2,9,1,0,5718,6730729,9000
São Paulo,210,5,4,1,0,1,0,0,11904961,15000
Belo Horizonte,100,4,2,3,10,1,0,1027,2415872,2600
Rio de Janeiro,220,3,3,2,4,1,1,2500,6730729,9000
São Paulo,42,1,1,0,1,1,0,400,11904961,1150
Rio de Janeiro,98,3,2,0,7,1,0,891,6730729,3000
Rio de Janeiro,150,3,1,2,2,1,0,3290,6730729,5200
São Paulo,170,3,3,4,0,1,0,0,11904961,3500
São Paulo,60,2,1,0,0,1,0,1,11904961,1610
São Paulo,120,3,4,2,0,1,0,187,11904961,3450
São Paulo,142,2,3,2,18,1,0,1400,11904961,3550
Porto Alegre,90,2,2,1,18,0,0,500,1388794,2500
São Paulo,140,3,3,2,3,1,0,2400,11904961,6000
Rio de Janeiro,26,1,1,0,3,1,0,325,6730729,1200
São Paulo,20,1,1,0,0,0,0,0,11904961,790
Porto Alegre,24,1,1,1,0,0,0,0,1388794,550
Rio de Janeiro,140,3,2,0,5,1,0,350,6730729,2900
Belo Horizonte,134,4,2,3,1,0,0,650,2415872,3000
São Paulo,400,5,4,2,12,1,0,2675,11904961,2000
Rio de Janeiro,18,1,1,0,3,1,0,628,6730729,650
Rio de Janeiro,62,1,1,1,8,1,0,1550,6730729,2800
São Paulo,192,3,3,3,16,1,1,1790,11904961,6500
São Paulo,80,3,2,1,6,1,0,850,11904961,1790
Porto Alegre,38,1,1,1,9,1,0,350,1388794,2900
Belo Horizonte,112,2,3,2,10,1,0,442,2415872,1400
Rio de Janeiro,15,1,1,0,1,0,0,500,6730729,1100
São Paulo,29,1,1,0,5,1,0,257,11904961,1043
Belo Horizonte,55,2,1,1,1,1,0,200,2415872,1050
São Paulo,88,3,1,2,5,1,0,1900,11904961,2500
São Paulo,100,4,1,0,0,1,0,0,11904961,1600
Belo Horizonte,92,3,2,1,1,1,0,268,2415872,1800
Rio de Janeiro,154,4,2,2,2,1,0,1850,6730729,4250
São Paulo,240,4,3,3,6,1,0,2850,11904961,12000
Porto Alegre,28,1,1,0,1,1,1,0,1388794,1340
São Paulo,180,3,3,2,4,1,0,2100,11904961,8000
São Paulo,35,1,1,0,3,0,0,150,11904961,850
Rio de Janeiro,64,2,1,1,2,1,0,0,6730729,3500
São Paulo,60,2,1,1,8,1,0,550,11904961,1310
São Paulo,239,4,4,3,0,1,1,0,11904961,5950
São Paulo,130,3,2,1,10,0,1,1100,11904961,2300
Campinas,85,2,2,0,6,0,0,810,1187974,918
Rio de Janeiro,75,2,2,1,9,1,1,650,6730729,2000
São Paulo,90,2,2,1,0,1,0,0,11904961,1800
Belo Horizonte,100,3,1,1,2,1,0,300,2415872,1500
São Paulo,70,2,2,1,1,0,0,670,11904961,1450
Rio de Janeiro,86,3,1,0,3,1,0,800,6730729,1258
Rio de Janeiro,29,1,1,0,2,1,0,484,6730729,1500
Porto Alegre,82,2,2,1,5,1,0,450,1388794,1700
São Paulo,55,2,1,1,5,1,0,640,11904961,1625
São Paulo,33,1,1,0,15,0,0,550,11904961,4000
Campinas,50,1,1,1,11,0,0,650,1187974,1800
São Paulo,159,4,2,0,3,1,0,2064,11904961,1900
Belo Horizonte,62,3,2,1,4,0,0,230,2415872,1100
São Paulo,80,2,1,2,0,1,0,0,11904961,1569
São Paulo,170,3,4,3,21,1,0,1500,11904961,5000
Porto Alegre,68,2,2,1,1,1,0,400,1388794,1800
São Paulo,300,4,4,3,0,1,1,0,11904961,5080
Porto Alegre,50,2,1,1,2,1,0,100,1388794,1460
Rio de Janeiro,80,2,2,1,10,1,0,824,6730729,2000
Porto Alegre,40,2,1,1,3,1,0,300,1388794,820
São Paulo,270,3,4,2,6,1,0,2890,11904961,6500
Porto Alegre,75,3,1,1,1,1,0,360,1388794,1100
Porto Alegre,60,1,2,2,15,1,0,500,1388794,2800
São Paulo,300,4,5,4,1,1,0,3600,11904961,7500
Belo Horizonte,73,2,1,2,1,1,0,150,2415872,1200
Belo Horizonte,85,2,1,1,1,1,0,230,2415872,1000
São Paulo,100,3,3,1,0,1,0,0,11904961,2400
Porto Alegre,49,1,1,0,7,1,0,310,1388794,680
São Paulo,35,1,1,0,5,1,1,420,11904961,1800
São Paulo,240,3,4,1,6,0,0,1700,11904961,14850
São Paulo,45,1,1,0,0,1,0,0,11904961,900
São Paulo,55,2,1,1,9,1,1,565,11904961,2800
São Paulo,305,4,3,4,6,1,1,3428,11904961,11000
Belo Horizonte,622,5,5,6,0,1,0,0,2415872,10000
Belo Horizonte,55,2,1,1,2,0,0,250,2415872,1200
Rio de Janeiro,42,1,1,0,12,1,1,600,6730729,2300
Belo Horizonte,132,3,3,2,2,1,0,0,2415872,1500
Belo Horizonte,53,2,1,0,6,1,0,626,2415872,850
São Paulo,998,7,10,4,0,1,1,0,11904961,15000
São Paulo,22,1,1,0,4,0,1,350,11904961,2410
Rio de Janeiro,35,1,1,0,12,1,0,350,6730729,850
São Paulo,189,4,2,2,4,1,0,1970,11904961,8000
São Paulo,375,4,5,3,0,1,1,0,11904961,9000
São Paulo,65,2,1,1,3,1,0,315,11904961,1400
São Paulo,462,4,6,4,0,1,1,0,11904961,8000
São Paulo,150,2,1,0,1,1,0,180,11904961,2285
Campinas,350,2,2,2,0,1,0,0,1187974,4300
São Paulo,260,4,5,4,15,1,1,3471,11904961,7500
Porto Alegre,61,1,1,0,0,1,0,80,1388794,1100
São Paulo,175,4,3,2,0,1,0,0,11904961,2890
Porto Alegre,70,2,1,0,0,1,1,270,1388794,1800
Rio de Janeiro,60,2,1,1,10,1,1,520,6730729,1500
Campinas,296,6,4,8,0,1,0,0,1187974,5200
Rio de Janeiro,96,2,2,1,10,0,1,995,6730729,2900
São Paulo,150,4,2,3,2,1,0,3030,11904961,7377
São Paulo,375,4,4,3,0,1,0,0,11904961,6400
Campinas,70,3,1,1,1,1,0,600,1187974,1500
São Paulo,127,4,3,2,4,1,0,1040,11904961,4930
Belo Horizonte,67,2,2,2,3,0,0,850,2415872,2800
São Paulo,50,1,2,1,1,0,1,750,11904961,3300
Rio de Janeiro,56,2,1,0,4,1,0,502,6730729,1500
São Paulo,55,2,1,1,19,1,1,608,11904961,2100
São Paulo,34,1,1,0,0,0,0,0,11904961,900
Campinas,68,2,1,0,4,0,0,498,1187974,930
São Paulo,80,2,1,0,4,0,0,400,11904961,1777
Campinas,120,3,1,1,3,0,0,650,1187974,1800
Campinas,50,1,1,1,10,0,0,718,1187974,1600
Campinas,78,2,2,1,1,1,0,432,1187974,1200
Rio de Janeiro,90,2,2,1,9,1,0,880,6730729,3800
Belo Horizonte,320,5,4,6,0,0,0,0,2415872,8000
Rio de Janeiro,560,5,6,4,14,1,0,2190,6730729,2633
Rio de Janeiro,25,1,1,0,8,1,0,600,6730729,1850
Porto Alegre,37,1,1,0,3,1,0,270,1388794,650
Rio de Janeiro,95,3,1,0,16,1,0,1048,6730729,3600
São Paulo,130,3,3,2,7,1,0,1400,11904961,1650
Belo Horizonte,270,5,4,6,0,1,0,0,2415872,3910
Belo Horizonte,40,1,1,0,0,0,0,0,2415872,650
Belo Horizonte,65,2,2,3,7,1,0,366,2415872,1450
São Paulo,45,1,1,0,22,0,0,350,11904961,1015
São Paulo,20,1,1,0,1,0,1,0,11904961,2060
São Paulo,720,4,5,5,17,1,0,6471,11904961,6500
Belo Horizonte,80,3,2,2,1,1,1,280,2415872,2500
Belo Horizonte,90,2,1,0,1,1,0,0,2415872,1000
São Paulo,60,1,2,0,0,1,0,0,11904961,1062
Belo Horizonte,45,1,1,1,4,0,1,1550,2415872,3400
São Paulo,100,1,2,0,0,0,0,4320,11904961,3100
Belo Horizonte,553,4,6,3,3,0,0,2800,2415872,10870
São Paulo,250,4,3,2,0,1,0,0,11904961,3900
Campinas,92,3,2,3,17,1,0,643,1187974,3700
São Paulo,98,1,2,0,27,1,1,3177,11904961,15000
Campinas,114,3,2,1,4,1,0,967,1187974,1400
São Paulo,27,1,1,1,6,0,1,650,11904961,1900
Porto Alegre,225,1,2,0,0,1,0,0,1388794,3500
São Paulo,30,1,1,0,3,1,0,380,11904961,1700
Porto Alegre,135,3,3,4,5,1,0,200,1388794,4000
Campinas,150,4,3,4,0,0,0,750,1187974,4000
Belo Horizonte,190,4,2,0,10,1,0,1000,2415872,5580
Rio de Janeiro,120,3,1,1,0,1,0,0,6730729,1150
São Paulo,90,3,2,1,4,1,0,900,11904961,2066
São Paulo,350,4,5,2,0,0,1,0,11904961,7500
São Paulo,160,3,4,2,0,1,0,0,11904961,4300
Rio de Janeiro,150,3,2,0,5,1,0,1800,6730729,2500
Rio de Janeiro,35,1,1,0,3,1,0,790,6730729,2000
Porto Alegre,25,1,1,0,0,0,0,0,1388794,550
São Paulo,240,4,4,4,26,1,0,3250,11904961,13000
São Paulo,150,4,2,2,13,0,0,1700,11904961,4400
Rio de Janeiro,20,1,1,0,0,1,0,0,6730729,700
Campinas,85,3,2,1,4,1,0,690,1187974,1341
São Paulo,50,2,1,1,6,1,1,400,11904961,1900
São Paulo,197,3,3,2,8,1,0,4200,11904961,6000
São Paulo,70,3,2,1,7,1,0,800,11904961,2800
Rio de Janeiro,220,3,2,2,8,1,0,1850,6730729,3500
Belo Horizonte,270,4,3,2,3,1,0,1200,2415872,4800
Porto Alegre,100,3,2,2,2,1,0,650,1388794,2499
São Paulo,195,4,6,3,12,1,0,1400,11904961,8000
São Paulo,160,3,3,2,0,1,0,0,11904961,4200
São Paulo,470,4,6,3,0,1,0,0,11904961,7200
Campinas,60,3,2,1,5,1,0,366,1187974,1200
São Paulo,300,4,4,3,0,1,0,0,11904961,12900
São Paulo,330,5,6,2,11,1,0,800,11904961,8950
Porto Alegre,109,1,2,2,3,1,1,496,1388794,4300
São Paulo,240,4,5,4,15,1,1,3700,11904961,12000
São Paulo,150,3,2,5,0,1,0,0,11904961,2300
São Paulo,200,3,2,1,2,1,0,1750,11904961,4500
Belo Horizonte,140,4,3,1,2,1,0,475,2415872,2300
São Paulo,106,2,2,2,1,0,1,1170,11904961,10600
Porto Alegre,92,2,2,1,2,1,1,645,1388794,2100
São Paulo,35,1,1,1,7,1,0,380,11904961,2200
São Paulo,70,3,2,1,3,1,0,1200,11904961,2900
São Paulo,74,2,1,2,9,1,1,1100,11904961,6600
São Paulo,69,2,2,2,5,1,0,853,11904961,1900
São Paulo,50,1,1,0,0,0,0,0,11904961,830
Porto Alegre,450,5,3,6,0,1,0,0,1388794,4760
Rio de Janeiro,68,2,1,0,5,1,0,593,6730729,1000
São Paulo,71,1,1,1,11,1,0,1650,11904961,3000
Rio de Janeiro,69,2,1,1,9,1,1,500,6730729,1370
Belo Horizonte,32,1,1,1,9,1,0,197,2415872,1500
São Paulo,57,2,1,1,8,1,1,350,11904961,1800
São Paulo,28,1,1,0,1,1,1,500,11904961,2200
São Paulo,39,1,1,0,8,1,1,300,11904961,2000
Porto Alegre,140,3,3,0,2,1,0,750,1388794,1700
São Paulo,160,3,3,2,0,1,0,0,11904961,4500
São Paulo,235,3,3,1,3,1,0,2585,11904961,5150
São Paulo,171,3,2,1,13,1,0,1200,11904961,2200
Rio de Janeiro,139,3,2,2,1,1,0,2047,6730729,6000
Belo Horizonte,160,4,3,2,5,1,0,763,2415872,2300
Campinas,60,2,1,1,0,1,0,485,1187974,800
São Paulo,134,3,3,3,8,1,0,1680,11904961,2125
Belo Horizonte,70,2,1,1,11,1,0,897,2415872,1300
Rio de Janeiro,57,2,1,0,1,1,0,100,6730729,1530
São Paulo,240,3,3,4,6,1,1,2600,11904961,5500
São Paulo,50,1,1,0,0,0,0,0,11904961,800
Rio de Janeiro,120,3,2,1,8,1,0,1470,6730729,3550
Porto Alegre,200,3,3,4,2,1,0,2900,1388794,1200
São Paulo,572,6,6,4,0,1,1,0,11904961,7800
São Paulo,145,2,2,1,1,1,1,1463,11904961,4000
Belo Horizonte,70,2,1,2,1,0,0,80,2415872,1200
Rio de Janeiro,85,2,2,1,2,1,1,3700,6730729,8000
Belo Horizonte,140,3,2,0,2,0,0,0,2415872,3000
São Paulo,260,4,5,5,6,1,0,3000,11904961,12500
São Paulo,211,4,4,4,2,1,0,1800,11904961,3390
Campinas,58,2,1,1,2,1,0,280,1187974,650
Rio de Janeiro,110,1,1,2,3,1,0,1936,6730729,4500
São Paulo,72,2,2,0,10,1,0,820,11904961,1500
São Paulo,700,4,7,8,0,1,0,0,11904961,45000
São Paulo,68,1,2,1,5,1,0,1040,11904961,6000
Rio de Janeiro,100,3,3,2,8,1,0,1167,6730729,2700
São Paulo,240,3,2,0,7,1,1,1717,11904961,6500
Rio de Janeiro,104,3,1,0,6,1,0,784,6730729,3500
Campinas,70,1,1,1,2,1,1,290,1187974,1600
São Paulo,67,1,1,1,14,1,1,920,11904961,2600
Belo Horizonte,160,4,2,5,0,1,1,0,2415872,3780
São Paulo,140,3,3,5,8,0,1,2000,11904961,8000
Campinas,38,1,1,0,3,0,0,376,1187974,750
São Paulo,34,1,1,0,12,1,0,372,11904961,2700
São Paulo,54,2,1,0,7,1,0,535,11904961,2001
São Paulo,54,1,1,1,1,0,1,1050,11904961,7200
São Paulo,200,3,2,4,0,1,0,0,11904961,3500
São Paulo,107,3,2,2,1,1,0,1122,11904961,2600
Rio de Janeiro,70,2,2,0,11,1,0,879,6730729,1550
São Paulo,86,2,1,1,5,1,0,1002,11904961,2340
Rio de Janeiro,30,1,1,1,0,1,0,0,6730729,1480
Porto Alegre,108,3,2,1,3,1,1,826,1388794,2000
São Paulo,250,4,3,4,0,1,0,0,11904961,2700
São Paulo,80,2,1,0,4,1,0,740,11904961,2200
Rio de Janeiro,73,2,1,1,8,1,0,1022,6730729,1100
Porto Alegre,45,1,1,1,3,1,0,250,1388794,1205
São Paulo,255,4,4,0,15,1,1,4000,11904961,2500
Belo Horizonte,217,4,3,4,12,1,0,2644,2415872,6000
São Paulo,70,1,1,0,2,1,0,472,11904961,1870
São Paulo,25,1,1,0,1,0,0,0,11904961,885
Porto Alegre,110,3,3,0,1,1,0,400,1388794,3250
São Paulo,80,2,2,1,12,1,0,1200,11904961,10000
São Paulo,260,3,5,0,0,1,0,0,11904961,9000
São Paulo,50,2,2,1,10,1,0,624,11904961,2700
Campinas,60,2,1,1,1,0,0,430,1187974,815
São Paulo,400,3,6,6,0,1,1,0,11904961,6500
São Paulo,113,2,1,1,4,1,0,1000,11904961,3000
São Paulo,400,4,4,6,8,1,0,3900,11904961,8000
Porto Alegre,64,2,2,2,6,1,0,450,1388794,2250
São Paulo,82,2,1,2,10,1,1,2020,11904961,3100
São Paulo,65,2,1,3,9,1,0,800,11904961,2000
Porto Alegre,128,4,3,2,3,1,0,1160,1388794,4900
São Paulo,38,1,1,0,1,0,0,60,11904961,950
Campinas,175,3,2,0,0,0,0,0,1187974,2000
São Paulo,107,3,3,2,3,1,0,1600,11904961,4500
Rio de Janeiro,257,4,3,2,3,1,1,3250,6730729,3800
São Paulo,35,1,1,1,2,0,1,550,11904961,3250
São Paulo,463,4,7,6,0,1,0,0,11904961,12000
Rio de Janeiro,40,2,1,0,7,1,0,335,6730729,920
Belo Horizonte,297,4,2,3,6,1,0,2000,2415872,1870
São Paulo,137,3,3,1,9,1,1,1247,11904961,5500
Rio de Janeiro,35,1,1,0,10,0,0,498,6730729,1200
Rio de Janeiro,128,3,3,1,8,1,1,950,6730729,3500
Belo Horizonte,59,2,1,1,2,1,0,190,2415872,1250
Rio de Janeiro,400,4,4,2,0,1,0,634,6730729,11480
Rio de Janeiro,100,3,2,1,5,0,0,980,6730729,4500
Rio de Janeiro,50,1,1,0,10,1,1,680,6730729,2200
Porto Alegre,80,2,2,1,5,1,1,740,1388794,1900
Belo Horizonte,68,2,2,2,4,1,0,230,2415872,1650
São Paulo,32,1,1,1,22,1,1,2000,11904961,2000
Rio de Janeiro,161,3,3,3,14,1,0,1300,6730729,4500
São Paulo,85,2,2,0,0,1,0,0,11904961,1700
São Paulo,100,2,2,0,0,1,0,0,11904961,2500
São Paulo,136,3,4,3,7,1,0,1400,11904961,5000
São Paulo,362,4,5,2,0,1,0,0,11904961,7000
São Paulo,276,3,3,4,15,1,1,3600,11904961,6500
Rio de Janeiro,22,1,1,0,2,0,0,50,6730729,1322
Porto Alegre,60,2,1,0,1,1,0,114,1388794,980
São Paulo,500,4,7,8,0,1,0,0,11904961,9250
Porto Alegre,65,1,1,1,3,1,0,426,1388794,980
São Paulo,56,2,1,1,11,1,0,350,11904961,2600
São Paulo,35,1,1,1,4,0,1,300,11904961,2840
Porto Alegre,98,3,2,2,4,0,0,700,1388794,2550
São Paulo,45,1,1,0,1,0,0,0,11904961,950
Porto Alegre,48,2,1,1,2,1,0,300,1388794,800
Campinas,48,1,1,1,4,1,1,490,1187974,1500
São Paulo,114,2,3,1,1,1,1,902,11904961,7010
Belo Horizonte,197,4,2,3,3,1,0,850,2415872,4250
Belo Horizonte,200,4,1,2,4,1,0,345,2415872,2500
Belo Horizonte,110,3,2,0,0,1,0,0,2415872,2500
São Paulo,300,2,4,2,0,1,0,0,11904961,6000
Belo Horizonte,120,3,1,1,6,0,0,1140,2415872,1900
Porto Alegre,40,1,1,0,3,1,1,370,1388794,1084
São Paulo,92,2,1,1,7,0,1,690,11904961,3950
São Paulo,140,3,2,2,3,1,0,1640,11904961,5500
São Paulo,244,4,3,4,2,1,0,3460,11904961,7000
Porto Alegre,59,2,1,0,3,1,0,326,1388794,1000
Rio de Janeiro,35,1,1,0,3,1,0,0,6730729,791
São Paulo,120,3,2,3,16,1,0,1400,11904961,2000
São Paulo,248,4,5,4,1,0,0,2500,11904961,9100
São Paulo,63,2,2,1,17,1,0,783,11904961,1690
São Paulo,45,1,1,1,8,1,0,694,11904961,1800
São Paulo,129,2,3,2,16,1,1,1100,11904961,2376
São Paulo,300,3,3,8,0,1,0,0,11904961,4675
São Paulo,29,1,1,1,4,0,1,650,11904961,2200
Belo Horizonte,100,3,2,1,2,1,0,745,2415872,1300
São Paulo,153,4,3,3,3,1,0,2500,11904961,5500
Campinas,87,2,1,1,4,1,0,780,1187974,1200
São Paulo,75,1,1,2,8,1,1,976,11904961,7000
Rio de Janeiro,300,4,4,2,3,1,0,4100,6730729,12750
Porto Alegre,48,1,1,0,4,1,0,340,1388794,700
Campinas,71,2,1,1,7,1,0,670,1187974,977
São Paulo,84,4,1,3,5,0,0,1914,11904961,6000
São Paulo,208,3,4,3,0,0,0,0,11904961,3490
São Paulo,100,1,2,1,13,0,0,1520,11904961,6000
São Paulo,84,3,2,2,7,1,1,540,11904961,2200
São Paulo,145,4,3,2,1,1,0,1644,11904961,4800
São Paulo,300,4,3,2,0,1,1,0,11904961,15000
São Paulo,65,2,2,1,12,0,1,980,11904961,6000
São Paulo,27,1,1,0,0,0,0,0,11904961,836
Rio de Janeiro,102,3,2,1,2,1,0,1900,6730729,1350
Campinas,60,2,1,1,1,0,1,385,1187974,2848
Porto Alegre,60,1,1,0,1,1,0,230,1388794,1286
Rio de Janeiro,50,1,1,0,10,1,0,520,6730729,1620
São Paulo,97,3,1,1,10,1,0,762,11904961,2300
São Paulo,52,1,2,1,19,1,0,1100,11904961,5000
São Paulo,373,4,4,3,12,1,0,4500,11904961,12750
São Paulo,157,4,3,2,0,1,0,0,11904961,6608
Campinas,68,3,1,1,2,1,0,555,1187974,1100
São Paulo,172,4,4,3,15,1,1,1650,11904961,8800
São Paulo,64,2,2,2,25,0,0,865,11904961,3500
Rio de Janeiro,41,1,1,0,9,1,0,800,6730729,1700
Rio de Janeiro,106,2,2,1,2,1,0,900,6730729,2850
Belo Horizonte,150,4,2,3,1,1,1,900,2415872,3300
Belo Horizonte,135,4,2,2,4,1,0,450,2415872,3500
São Paulo,350,4,6,6,0,1,1,0,11904961,9600
Belo Horizonte,360,3,1,3,0,1,0,0,2415872,1500
São Paulo,700,4,7,8,0,1,1,0,11904961,15000
Rio de Janeiro,100,2,2,1,6,1,1,2400,6730729,8900
Belo Horizonte,50,1,1,2,4,1,0,300,2415872,1200
São Paulo,55,3,1,1,3,1,0,458,11904961,1300
São Paulo,215,4,4,2,10,0,0,1950,11904961,6000
São Paulo,287,3,2,5,0,1,0,0,11904961,15000
São Paulo,58,2,1,1,3,1,1,383,11904961,1500
São Paulo,90,3,2,2,10,1,0,850,11904961,1600
São Paulo,200,3,3,3,0,1,0,0,11904961,3315
São Paulo,65,3,2,1,8,1,0,650,11904961,2200
São Paulo,820,4,6,6,0,1,0,2500,11904961,10000
São Paulo,102,2,1,0,3,1,0,538,11904961,2000
Rio de Janeiro,108,3,2,2,3,1,0,2000,6730729,4500
São Paulo,86,3,2,2,6,1,1,800,11904961,3100
Campinas,210,6,3,0,0,1,0,0,1187974,4200
Belo Horizonte,140,4,2,2,4,1,0,995,2415872,4200
São Paulo,220,4,4,3,2,1,0,2500,11904961,4500
Campinas,66,2,1,1,0,1,0,265,1187974,1100
São Paulo,389,4,5,6,4,1,0,4000,11904961,8500
São Paulo,80,3,3,1,11,0,0,934,11904961,1700
São Paulo,78,2,2,1,1,1,0,792,11904961,2200
São Paulo,178,4,2,5,0,1,0,0,11904961,6000
São Paulo,47,2,1,1,4,1,0,565,11904961,1140
Belo Horizonte,160,4,1,1,0,1,0,0,2415872,2150
São Paulo,80,2,2,2,0,1,0,50,11904961,1700
São Paulo,144,3,3,2,0,1,1,0,11904961,5000
Campinas,400,5,7,4,5,1,0,3200,1187974,7900
Belo Horizonte,100,3,2,1,0,1,0,0,2415872,14500
São Paulo,48,2,1,0,2,1,0,90,11904961,1150
São Paulo,64,3,2,2,16,1,0,500,11904961,1530
Porto Alegre,50,2,1,0,0,1,0,100,1388794,700
São Paulo,50,1,1,1,11,1,1,1140,11904961,5156
São Paulo,60,2,2,1,5,1,0,700,11904961,1465
Rio de Janeiro,180,3,2,1,2,1,0,2000,6730729,4800
São Paulo,339,3,3,4,0,1,0,0,11904961,3880
Campinas,54,1,1,1,5,1,1,751,1187974,2350
São Paulo,420,4,6,4,10,1,0,5700,11904961,12000
Campinas,350,4,5,4,0,1,0,680,1187974,8000
São Paulo,72,2,2,2,6,0,0,800,11904961,3060
São Paulo,50,1,1,0,0,0,0,0,11904961,800
São Paulo,450,4,4,4,0,1,0,0,11904961,11000
Rio de Janeiro,60,2,1,0,6,0,1,800,6730729,2900
São Paulo,160,2,3,3,0,1,0,0,11904961,7500
Belo Horizonte,450,4,4,5,10,0,0,2200,2415872,13500
São Paulo,265,3,4,3,0,1,1,0,11904961,3490
São Paulo,103,3,1,3,2,1,0,1054,11904961,3400
São Paulo,60,2,2,1,8,1,0,640,11904961,1650
São Paulo,136,3,3,3,15,1,1,1450,11904961,7900
Belo Horizonte,45,2,1,1,5,0,0,227,2415872,750
São Paulo,206,3,3,4,25,1,0,1800,11904961,12500
São Paulo,229,4,2,3,2,1,1,1100,11904961,5500
Campinas,70,1,2,1,2,0,0,450,1187974,1000
São Paulo,130,3,2,0,18,1,1,1386,11904961,4500
Campinas,87,2,1,0,10,1,0,415,1187974,1100
São Paulo,200,4,5,3,7,0,0,2750,11904961,6000
Rio de Janeiro,50,1,1,1,2,1,0,170,6730729,1320
São Paulo,120,3,2,1,0,1,0,0,11904961,3000
São Paulo,40,1,1,0,1,0,0,600,11904961,1300
São Paulo,54,2,1,1,0,1,0,600,11904961,1800
São Paulo,48,2,1,0,2,1,0,100,11904961,1350
São Paulo,149,3,4,3,7,1,1,1300,11904961,6000
São Paulo,45,2,1,1,14,1,0,270,11904961,1500
São Paulo,76,2,2,2,4,0,0,850,11904961,2650
São Paulo,60,2,1,0,3,1,0,487,11904961,1850
São Paulo,118,3,3,2,5,0,0,1800,11904961,9000
São Paulo,200,2,3,1,2,0,1,2300,11904961,13000
São Paulo,200,2,2,1,0,1,0,0,11904961,5000
São Paulo,138,3,4,2,18,1,1,1500,11904961,10000
São Paulo,53,2,1,1,8,1,1,950,11904961,1200
Porto Alegre,61,1,1,1,13,1,1,1237,1388794,3800
São Paulo,135,3,3,2,7,0,1,1855,11904961,2800
São Paulo,50,1,1,0,0,0,0,0,11904961,750
São Paulo,34,1,1,1,9,0,0,1200,11904961,1300
São Paulo,218,3,3,3,17,0,0,2300,11904961,4000
São Paulo,400,3,5,4,20,1,1,3500,11904961,10000
Belo Horizonte,25,1,1,1,1,0,0,0,2415872,550
Porto Alegre,360,5,3,3,0,1,0,0,1388794,3500
São Paulo,72,2,1,1,9,1,0,990,11904961,2630
São Paulo,45,2,1,1,17,1,0,300,11904961,1600
Belo Horizonte,340,3,5,5,0,1,0,0,2415872,4600
São Paulo,130,3,3,2,0,1,0,0,11904961,3100
São Paulo,72,3,2,2,15,1,0,616,11904961,3000
São Paulo,50,1,1,0,0,0,0,0,11904961,900
São Paulo,100,2,2,0,8,0,1,1100,11904961,4999
São Paulo,270,3,2,4,21,1,0,3200,11904961,13000
Belo Horizonte,60,2,1,1,3,1,0,122,2415872,1325
Belo Horizonte,700,3,3,8,0,1,0,0,2415872,10000
São Paulo,550,4,5,0,1,1,0,2700,11904961,8800
Belo Horizonte,21,1,1,1,2,0,0,1000,2415872,980
São Paulo,55,1,2,1,17,1,0,777,11904961,3800
São Paulo,40,1,2,1,28,0,1,1935,11904961,4200
Belo Horizonte,50,1,1,1,12,0,1,571,2415872,1500
São Paulo,52,1,1,1,15,1,1,650,11904961,3950
São Paulo,46,2,1,1,6,1,0,280,11904961,1434
Belo Horizonte,20,1,1,1,0,1,1,0,2415872,1100
São Paulo,50,1,1,0,0,1,0,0,11904961,1050
Rio de Janeiro,49,1,2,1,10,1,0,761,6730729,2400
Porto Alegre,440,3,2,3,6,0,0,100,1388794,10500
Porto Alegre,59,2,1,1,2,1,0,382,1388794,900
Belo Horizonte,150,4,1,3,1,1,0,0,2415872,2300
São Paulo,100,3,2,0,7,1,0,750,11904961,2020
São Paulo,72,2,2,1,4,1,0,880,11904961,2100
São Paulo,500,7,7,8,0,0,1,0,11904961,9000
São Paulo,264,3,5,0,0,1,0,0,11904961,6000
São Paulo,76,2,2,2,14,1,0,909,11904961,5500
São Paulo,16,1,1,0,1,0,0,0,11904961,870
São Paulo,198,3,2,2,8,1,0,1400,11904961,3250
São Paulo,190,3,2,1,3,1,0,1600,11904961,4000
São Paulo,210,4,4,4,4,0,0,2857,11904961,11500
Campinas,233,3,1,1,0,1,0,0,1187974,2700
São Paulo,180,3,2,2,0,1,0,0,11904961,11000
Belo Horizonte,1020,5,4,6,0,1,1,0,2415872,6520
São Paulo,320,3,3,2,0,1,0,0,11904961,7200
São Paulo,116,3,2,2,5,1,0,1884,11904961,3800
São Paulo,128,2,1,1,9,1,1,1200,11904961,8500
Campinas,42,2,1,1,4,1,0,191,1187974,1020
São Paulo,70,2,1,1,6,1,0,660,11904961,3800
São Paulo,320,3,4,4,7,1,1,3440,11904961,15000
Campinas,77,2,2,1,9,1,0,725,1187974,1200
São Paulo,208,3,3,3,4,1,1,2490,11904961,15000
São Paulo,115,3,3,3,0,1,0,0,11904961,2400
Porto Alegre,60,2,1,1,1,1,1,400,1388794,1300
Porto Alegre,50,1,1,0,1,1,0,200,1388794,1045
São Paulo,108,2,4,2,7,1,0,1289,11904961,4500
São Paulo,64,2,2,1,7,0,0,1182,11904961,6950
São Paulo,178,3,2,1,0,1,1,0,11904961,3500
Porto Alegre,53,1,1,0,2,1,1,240,1388794,1480
Rio de Janeiro,118,3,2,0,2,1,0,1334,6730729,1560
Campinas,65,2,1,1,3,1,0,420,1187974,1250
Rio de Janeiro,180,3,3,2,6,1,0,2000,6730729,7000
Campinas,348,3,3,3,0,1,0,0,1187974,4850
São Paulo,150,3,3,1,3,0,0,2229,11904961,4500
Porto Alegre,45,1,1,0,6,1,0,350,1388794,650
São Paulo,37,1,1,1,3,0,1,485,11904961,3300
São Paulo,540,4,4,6,0,1,0,0,11904961,5220
Belo Horizonte,521,5,2,3,0,1,0,0,2415872,10000
Campinas,147,4,3,3,8,1,0,1600,1187974,4800
Rio de Janeiro,130,3,2,1,8,1,0,1889,6730729,2610
São Paulo,190,3,2,1,0,1,0,0,11904961,3700
Rio de Janeiro,28,1,1,0,16,1,0,1100,6730729,730
São Paulo,160,3,3,3,0,0,0,1509,11904961,5850
Rio de Janeiro,310,3,2,0,5,1,0,2500,6730729,5200
São Paulo,530,4,5,6,0,0,0,0,11904961,13000
São Paulo,59,2,1,1,9,1,1,801,11904961,1200
São Paulo,800,5,4,8,0,1,0,0,11904961,14200
São Paulo,77,2,1,0,3,1,0,590,11904961,2050
São Paulo,160,3,2,1,6,1,0,1500,11904961,4300
São Paulo,47,1,1,1,15,1,0,530,11904961,1800
Belo Horizonte,52,2,1,1,1,1,0,160,2415872,1000
São Paulo,60,1,2,1,2,1,0,1155,11904961,4000
Rio de Janeiro,120,3,3,2,9,1,0,750,6730729,3000
Belo Horizonte,55,2,1,0,2,0,0,0,2415872,850
Campinas,110,3,3,2,0,1,0,560,1187974,3200
Porto Alegre,145,3,4,0,2,1,1,250,1388794,2950
São Paulo,88,2,4,2,8,1,0,840,11904961,2300
São Paulo,49,2,1,1,11,1,0,350,11904961,2000
São Paulo,26,1,1,0,4,1,1,550,11904961,3500
São Paulo,36,1,1,0,6,1,0,300,11904961,1600
São Paulo,150,3,2,5,0,1,0,0,11904961,2100
São Paulo,77,1,1,1,8,0,0,0,11904961,5700
Campinas,60,1,1,2,0,1,0,0,1187974,1610
Rio de Janeiro,58,2,2,1,1,1,0,761,6730729,1190
São Paulo,145,4,4,3,14,1,0,1663,11904961,4500
São Paulo,408,4,6,3,20,1,0,2800,11904961,15000
São Paulo,50,1,1,0,0,1,0,0,11904961,800
São Paulo,85,3,2,2,12,1,0,900,11904961,3300
Belo Horizonte,210,3,3,3,1,1,0,400,2415872,4200
Belo Horizonte,100,3,1,2,3,1,0,200,2415872,1646
Porto Alegre,68,2,1,1,6,0,1,480,1388794,1900
Campinas,42,1,1,1,16,0,0,472,1187974,2000
Campinas,87,3,1,0,15,1,0,725,1187974,1300
São Paulo,40,1,1,0,1,1,0,240,11904961,950
São Paulo,50,2,1,1,4,1,0,540,11904961,1850
Porto Alegre,85,2,2,0,7,1,1,660,1388794,2520
Porto Alegre,55,1,1,1,3,1,1,550,1388794,1910
São Paulo,127,2,2,2,5,1,0,1550,11904961,5500
São Paulo,172,3,5,3,0,1,0,0,11904961,5800
Porto Alegre,75,2,1,2,2,1,0,380,1388794,1200
São Paulo,50,1,1,1,6,0,0,500,11904961,3000
Campinas,120,4,2,5,0,1,0,0,1187974,4200
São Paulo,95,3,2,2,15,1,0,720,11904961,3490
Belo Horizonte,300,5,3,6,0,1,0,0,2415872,5200
Rio de Janeiro,44,1,1,0,1,1,1,360,6730729,1600
Porto Alegre,563,3,6,4,12,1,0,5200,1388794,15000
Rio de Janeiro,65,2,2,0,2,0,0,150,6730729,1700
Rio de Janeiro,170,2,2,1,9,1,0,884,6730729,2940
Belo Horizonte,22,1,1,1,1,0,1,0,2415872,1500
Belo Horizonte,410,4,4,4,0,1,1,0,2415872,4900
Rio de Janeiro,60,2,1,1,2,1,0,561,6730729,1400
São Paulo,47,1,1,0,7,1,0,890,11904961,2700
Belo Horizonte,157,4,3,3,3,1,1,1717,2415872,9000
São Paulo,280,3,4,2,0,1,0,0,11904961,7000
Rio de Janeiro,68,3,2,1,14,1,0,830,6730729,1050
Campinas,56,1,1,0,3,0,0,428,1187974,560
São Paulo,140,2,4,1,11,1,0,2200,11904961,8900
Campinas,50,2,1,0,2,0,0,386,1187974,830
Campinas,40,2,1,1,3,1,0,320,1187974,1200
São Paulo,260,3,4,4,4,1,1,5000,11904961,12000
São Paulo,700,6,8,8,0,1,1,0,11904961,14000
São Paulo,130,2,1,0,0,1,1,0,11904961,1900
São Paulo,215,3,2,0,4,0,0,1054,11904961,4000
Rio de Janeiro,300,4,3,2,1,1,0,2500,6730729,4500
São Paulo,250,4,5,4,1,1,0,4200,11904961,12000
Rio de Janeiro,80,2,2,1,7,1,1,1180,6730729,5435
Porto Alegre,54,2,1,0,13,1,1,460,1388794,1200
Campinas,57,1,2,1,12,0,0,660,1187974,650
São Paulo,130,3,2,1,9,0,0,1500,11904961,4500
São Paulo,48,1,1,2,15,0,1,2121,11904961,6800
Porto Alegre,318,4,3,0,0,1,0,0,1388794,19000
São Paulo,77,1,2,1,29,1,1,750,11904961,7740
São Paulo,42,1,1,1,14,1,1,1202,11904961,2650
Rio de Janeiro,74,3,1,0,0,1,0,0,6730729,1600
São Paulo,452,4,6,4,13,1,0,3033,11904961,9980
Porto Alegre,41,1,2,1,6,1,0,400,1388794,2400
São Paulo,90,2,2,2,1,1,0,1200,11904961,1917
Rio de Janeiro,145,1,3,1,5,0,1,1200,6730729,8000
São Paulo,70,1,2,0,2,1,0,450,11904961,2035
São Paulo,180,3,4,5,0,1,0,0,11904961,3300
São Paulo,68,2,1,0,12,1,0,470,11904961,1300
São Paulo,300,4,4,3,0,1,0,0,11904961,10000
São Paulo,270,3,3,1,0,1,1,0,11904961,6500
São Paulo,63,1,1,1,3,1,0,298,11904961,650
São Paulo,140,2,3,1,3,1,1,1306,11904961,5000
São Paulo,220,5,4,3,0,0,0,0,11904961,8000
São Paulo,90,3,2,2,5,1,0,1478,11904961,2500
São Paulo,62,2,2,1,2,0,1,733,11904961,3200
São Paulo,55,1,1,0,1,0,0,140,11904961,770
Belo Horizonte,170,3,2,3,0,1,0,0,2415872,4000
Belo Horizonte,75,3,2,1,1,1,0,290,2415872,1100
São Paulo,150,3,4,3,10,1,0,1700,11904961,2490
Porto Alegre,270,4,4,2,0,1,0,0,1388794,7000
Porto Alegre,55,2,1,0,1,0,0,185,1388794,1500
Rio de Janeiro,38,1,1,0,4,0,0,457,6730729,1050
Porto Alegre,87,2,2,1,2,1,0,580,1388794,1970
Belo Horizonte,26,1,1,1,1,1,0,60,2415872,750
Belo Horizonte,384,5,4,6,0,0,0,0,2415872,5000
Belo Horizonte,62,2,1,1,2,1,0,100,2415872,1050
São Paulo,70,2,1,1,6,1,0,900,11904961,1750
Porto Alegre,48,1,1,1,8,1,1,1580,1388794,1288
São Paulo,396,4,4,4,0,1,0,0,11904961,10000
Rio de Janeiro,480,3,4,1,3,1,0,5200,6730729,7000
Belo Horizonte,230,4,4,3,3,1,0,1700,2415872,6300
Rio de Janeiro,60,1,1,0,5,1,0,650,6730729,2210
Rio de Janeiro,80,2,2,2,2,1,0,1088,6730729,1900
Rio de Janeiro,150,4,3,3,5,1,0,1609,6730729,7500
Belo Horizonte,85,3,1,0,2,0,0,150,2415872,1100
São Paulo,25,1,1,0,14,1,0,304,11904961,2200
Porto Alegre,105,3,3,0,3,1,0,840,1388794,2125
São Paulo,144,4,2,2,6,1,0,1820,11904961,4800
Belo Horizonte,80,3,2,2,301,1,0,750,2415872,2600
São Paulo,100,1,1,0,0,1,0,0,11904961,1530
Belo Horizonte,649,5,5,6,0,1,1,0,2415872,15000
Porto Alegre,55,2,1,1,2,1,0,300,1388794,850
Porto Alegre,68,2,2,1,2,1,0,400,1388794,1800
São Paulo,265,3,3,0,0,1,0,0,11904961,8500
São Paulo,96,2,1,0,9,1,1,940,11904961,4387
Belo Horizonte,241,5,4,3,0,1,0,0,2415872,5200
Rio de Janeiro,65,2,1,1,8,1,0,610,6730729,900
Campinas,71,2,1,1,3,1,0,670,1187974,1130
São Paulo,90,1,1,0,1,0,0,200,11904961,1550
São Paulo,90,3,2,0,9,1,0,900,11904961,2100
Campinas,42,1,1,1,9,1,0,460,1187974,1020
Porto Alegre,109,3,1,1,5,1,0,500,1388794,1400
Rio de Janeiro,260,4,1,2,5,1,1,3800,6730729,15000
São Paulo,154,3,3,2,12,1,1,1042,11904961,2000
Belo Horizonte,55,1,1,0,0,0,0,0,2415872,1020
São Paulo,49,2,2,1,8,1,0,632,11904961,2400
São Paulo,56,1,1,0,2,1,1,0,11904961,8000
Campinas,67,2,1,1,2,1,0,500,1187974,1230
São Paulo,160,4,4,0,9,1,1,1300,11904961,3175
Porto Alegre,118,3,2,1,3,1,0,300,1388794,1800
Belo Horizonte,47,2,1,1,6,1,0,350,2415872,1480
São Paulo,132,3,4,3,2,0,0,2137,11904961,2980
Porto Alegre,47,1,1,0,20,1,0,280,1388794,755
Campinas,60,3,2,1,13,0,0,340,1187974,1700
São Paulo,250,4,5,0,14,1,0,3392,11904961,7880
Porto Alegre,400,3,4,5,0,1,1,0,1388794,8500
Rio de Janeiro,28,1,1,0,4,1,1,484,6730729,2200
São Paulo,300,3,4,2,9,1,1,2000,11904961,14000
São Paulo,78,2,1,2,9,1,1,0,11904961,5900
São Paulo,56,2,1,0,3,1,0,250,11904961,1800
São Paulo,110,2,2,0,4,1,1,1356,11904961,3360
São Paulo,65,2,2,1,7,1,0,630,11904961,1800
Belo Horizonte,59,3,1,1,1,1,0,100,2415872,1018
São Paulo,20,1,1,0,1,1,1,602,11904961,1800
São Paulo,65,3,1,1,11,1,0,510,11904961,1800
São Paulo,235,4,4,4,5,1,1,3330,11904961,14900
São Paulo,137,2,3,2,1,1,0,2800,11904961,14000
São Paulo,50,1,1,1,0,0,0,0,11904961,1500
São Paulo,120,3,1,4,0,1,0,0,11904961,3500
São Paulo,80,2,1,0,0,0,0,0,11904961,1576
Rio de Janeiro,82,3,1,0,3,0,1,460,6730729,2700
São Paulo,160,3,2,1,0,1,0,0,11904961,4700
São Paulo,51,1,1,0,1,1,1,785,11904961,2350
São Paulo,56,2,1,0,0,1,0,200,11904961,1400
São Paulo,170,3,4,0,14,1,1,2200,11904961,4000
São Paulo,300,4,5,4,19,1,0,3150,11904961,3800
São Paulo,60,2,1,1,11,1,1,500,11904961,3400
Rio de Janeiro,50,1,1,1,2,1,0,470,6730729,990
São Paulo,250,5,6,2,0,1,0,0,11904961,9000
Rio de Janeiro,80,2,2,2,12,1,0,900,6730729,935
Rio de Janeiro,110,2,1,1,6,0,0,1200,6730729,3800
Belo Horizonte,430,4,5,3,0,1,0,0,2415872,6000
Belo Horizonte,144,4,3,3,14,0,1,1050,2415872,4500
São Paulo,80,2,1,1,1,1,0,875,11904961,24000
Campinas,30,1,1,0,5,1,0,280,1187974,580
São Paulo,163,2,3,2,18,1,1,1464,11904961,8000
Belo Horizonte,80,2,2,2,9,1,0,400,2415872,2600
São Paulo,300,5,4,7,0,1,0,0,11904961,15000
Belo Horizonte,544,4,3,7,0,1,0,0,2415872,3200
Belo Horizonte,95,3,2,2,4,0,0,666,2415872,1800
Porto Alegre,65,2,1,0,1,1,0,355,1388794,1030
Belo Horizonte,305,4,5,5,26,1,0,5071,2415872,14000
Belo Horizonte,103,2,2,2,1,0,0,400,2415872,1200
São Paulo,135,3,2,2,3,1,0,1650,11904961,2300
São Paulo,200,3,4,2,13,1,0,1900,11904961,7000
Rio de Janeiro,47,2,2,1,12,1,0,500,6730729,1000
Rio de Janeiro,35,1,1,0,3,1,0,310,6730729,700
Campinas,44,2,1,1,2,1,0,244,1187974,1000
São Paulo,82,2,1,1,5,1,0,860,11904961,3400
São Paulo,50,1,1,1,0,0,0,0,11904961,900
Belo Horizonte,360,4,3,3,0,1,0,0,2415872,3300
Porto Alegre,95,3,2,2,2,1,0,350,1388794,2500
São Paulo,83,2,3,2,8,1,0,1555,11904961,3200
São Paulo,60,1,1,1,6,1,0,683,11904961,2100
São Paulo,122,3,2,1,9,1,0,1766,11904961,5800
São Paulo,150,3,4,4,14,1,0,1076,11904961,7925
Campinas,450,5,4,8,0,1,0,0,1187974,3460
Porto Alegre,58,2,1,1,4,1,0,350,1388794,1000
São Paulo,380,4,2,4,0,1,0,0,11904961,4600
Belo Horizonte,430,4,5,3,7,1,0,1945,2415872,8000
Porto Alegre,280,3,5,2,3,1,1,729,1388794,5280
Belo Horizonte,580,5,6,5,0,0,0,0,2415872,15000
Porto Alegre,98,2,2,0,2,1,0,310,1388794,1100
São Paulo,40,1,1,1,2,0,0,225,11904961,1080
Rio de Janeiro,50,2,1,1,2,0,1,328,6730729,2300
São Paulo,40,1,1,1,11,1,1,1233,11904961,4065
Rio de Janeiro,75,4,4,1,9,0,1,700,6730729,4500
Rio de Janeiro,72,1,1,1,1,1,0,957,6730729,3500
São Paulo,429,5,4,6,0,1,0,0,11904961,12750
São Paulo,380,4,2,0,0,1,0,0,11904961,8000
Belo Horizonte,72,3,1,1,3,0,0,300,2415872,900
São Paulo,114,3,3,0,0,1,0,150,11904961,2600
São Paulo,100,3,2,4,0,1,0,0,11904961,3880
São Paulo,120,4,2,2,11,1,0,1630,11904961,4000
São Paulo,100,3,3,2,6,1,0,1250,11904961,5500
Porto Alegre,170,2,3,2,0,1,0,0,1388794,6500
São Paulo,62,1,2,1,4,1,1,2400,11904961,12000
São Paulo,62,2,2,1,5,1,0,510,11904961,2500
São Paulo,94,2,3,2,18,0,0,1600,11904961,4400
Rio de Janeiro,144,3,2,1,7,1,1,1500,6730729,8200
Campinas,68,2,1,2,1,1,0,520,1187974,1200
Porto Alegre,42,1,1,0,5,0,1,290,1388794,2200
Porto Alegre,84,3,1,0,3,1,1,70,1388794,1460
São Paulo,165,3,4,4,15,1,0,2000,11904961,10000
São Paulo,50,2,1,1,9,1,0,390,11904961,1072
Porto Alegre,65,2,1,1,3,0,1,400,1388794,1750
Campinas,52,1,1,1,8,0,1,1000,1187974,2300
São Paulo,136,3,3,2,12,1,0,738,11904961,3400
Belo Horizonte,75,2,1,1,3,0,0,200,2415872,1100
São Paulo,212,3,5,3,7,1,0,2300,11904961,7000
São Paulo,70,2,1,1,1,1,0,580,11904961,1400
São Paulo,57,2,1,1,5,1,1,550,11904961,2300
São Paulo,128,2,3,3,9,1,0,2000,11904961,3900
São Paulo,62,2,2,1,1,0,0,0,11904961,2350
São Paulo,140,3,3,2,0,1,0,0,11904961,3800
São Paulo,55,2,1,1,14,1,0,420,11904961,1399
São Paulo,130,3,2,1,8,1,0,2400,11904961,5500
São Paulo,82,3,2,2,4,0,0,860,11904961,2600
São Paulo,100,3,2,1,5,1,0,1221,11904961,1200
São Paulo,122,2,2,2,10,1,0,1761,11904961,3950
Porto Alegre,87,2,1,0,2,1,0,300,1388794,1300
Belo Horizonte,70,2,1,2,4,1,0,290,2415872,780
Rio de Janeiro,123,3,2,1,1,1,0,2800,6730729,3700
Porto Alegre,91,3,2,2,3,1,0,400,1388794,3390
São Paulo,50,1,1,0,4,1,0,100,11904961,1100
São Paulo,189,4,3,3,14,1,0,3300,11904961,5780
Campinas,45,2,1,1,3,1,0,312,1187974,850
Rio de Janeiro,35,1,1,0,7,1,1,560,6730729,1950
São Paulo,350,5,5,4,8,0,0,3000,11904961,7200
Belo Horizonte,73,1,1,0,13,0,0,744,2415872,1460
São Paulo,35,2,1,1,0,1,0,125,11904961,2100
São Paulo,685,4,3,5,11,1,0,3960,11904961,13000
São Paulo,140,5,2,1,1,1,1,0,11904961,3999
São Paulo,78,3,3,2,10,1,0,639,11904961,2800
São Paulo,200,6,4,2,0,1,0,0,11904961,5600
Porto Alegre,102,2,2,1,11,1,1,1900,1388794,3000
Campinas,48,2,1,1,5,1,0,263,1187974,1000
São Paulo,84,3,2,1,3,0,1,741,11904961,2175
São Paulo,80,2,1,1,0,1,0,30,11904961,1300
São Paulo,391,4,5,2,15,1,0,2900,11904961,10000
São Paulo,227,4,4,3,7,0,1,2000,11904961,15000
São Paulo,180,3,3,4,27,1,0,1800,11904961,6500
Belo Horizonte,178,4,4,4,1,1,0,1200,2415872,3900
São Paulo,105,1,1,2,29,0,0,1300,11904961,8700
São Paulo,26,1,1,0,4,1,1,400,11904961,4300
São Paulo,200,2,3,1,10,1,0,1750,11904961,4500
Belo Horizonte,78,2,2,2,3,1,0,150,2415872,1300
São Paulo,309,4,5,3,0,1,0,0,11904961,12000
Porto Alegre,66,3,2,1,11,1,0,400,1388794,1500
Rio de Janeiro,20,1,1,0,11,0,1,0,6730729,1650
Campinas,35,1,1,1,13,1,0,475,1187974,750
São Paulo,130,2,4,3,2,1,0,1800,11904961,6000
São Paulo,120,3,1,0,1,1,0,0,11904961,1210
Rio de Janeiro,75,2,2,0,1,0,0,670,6730729,2200
São Paulo,120,3,3,2,23,0,0,1500,11904961,7300
Rio de Janeiro,65,2,1,1,1,1,1,0,6730729,1530
São Paulo,62,3,1,2,1,1,0,750,11904961,1400
São Paulo,129,3,4,2,8,1,0,1800,11904961,3000
São Paulo,70,2,2,4,0,1,0,0,11904961,3000
Rio de Janeiro,38,1,1,0,12,0,0,600,6730729,1700
Porto Alegre,120,3,3,3,7,1,0,800,1388794,5000
São Paulo,180,2,3,2,0,1,0,0,11904961,3150
São Paulo,82,1,1,2,1,1,0,1650,11904961,8000
Belo Horizonte,58,2,2,2,7,1,0,304,2415872,1400
São Paulo,52,2,1,1,3,0,0,450,11904961,2400
São Paulo,67,2,1,0,3,1,0,385,11904961,1300
Belo Horizonte,100,3,1,1,2,1,0,0,2415872,2900
São Paulo,570,4,5,4,14,1,0,3800,11904961,10870
São Paulo,54,2,1,1,1,1,0,280,11904961,2200
Campinas,150,4,2,0,0,1,0,0,1187974,2500
São Paulo,32,1,1,1,11,1,1,652,11904961,3870
São Paulo,127,3,2,2,1,1,0,0,11904961,5000
Porto Alegre,58,2,1,1,0,1,0,170,1388794,800
São Paulo,230,3,2,2,0,1,1,0,11904961,4590
São Paulo,60,1,1,0,0,0,0,0,11904961,1600
Porto Alegre,60,1,1,0,2,0,1,100,1388794,1170
São Paulo,245,3,5,4,13,1,1,2450,11904961,11500
São Paulo,180,3,2,2,2,1,0,2500,11904961,7000
Porto Alegre,42,1,1,1,2,1,0,280,1388794,900
Porto Alegre,41,1,1,0,5,1,1,300,1388794,1090
Belo Horizonte,800,4,4,3,0,1,0,0,2415872,8000
Belo Horizonte,700,7,6,5,0,1,0,0,2415872,15000
São Paulo,140,3,3,2,0,1,0,0,11904961,2300
Porto Alegre,222,4,3,2,13,1,0,2300,1388794,4000
Porto Alegre,122,3,3,2,2,1,0,600,1388794,2500
Rio de Janeiro,62,1,1,0,7,0,1,943,6730729,2700
São Paulo,107,2,2,0,6,0,0,799,11904961,3150
Rio de Janeiro,40,1,1,0,4,1,1,510,6730729,1360
Campinas,72,3,1,1,1,1,1,470,1187974,1075
Belo Horizonte,400,4,6,4,15,1,0,1840,2415872,6000
São Paulo,84,2,3,2,25,1,1,634,11904961,6900
Belo Horizonte,80,3,2,2,11,1,0,700,2415872,1800
São Paulo,90,2,2,0,0,1,0,0,11904961,1750
Belo Horizonte,413,4,4,0,1,1,0,2314,2415872,7900
São Paulo,120,4,4,1,0,1,0,0,11904961,4500
Belo Horizonte,66,2,1,1,3,1,0,200,2415872,1000
Rio de Janeiro,140,3,2,1,22,0,0,732,6730729,3000
Belo Horizonte,190,4,2,2,4,1,0,970,2415872,3500
São Paulo,325,5,5,4,0,1,0,0,11904961,6000
Rio de Janeiro,60,2,2,0,15,1,1,1640,6730729,2300
São Paulo,310,4,4,3,0,1,0,0,11904961,7000
São Paulo,100,2,2,2,6,1,1,1700,11904961,6500
Campinas,120,2,1,0,3,1,0,830,1187974,1100
Belo Horizonte,52,2,1,1,4,0,0,180,2415872,730
São Paulo,52,2,1,1,17,1,0,540,11904961,1100
Campinas,115,3,3,1,5,1,0,1035,1187974,1900
Rio de Janeiro,47,1,1,1,5,1,0,390,6730729,1000
São Paulo,66,2,1,1,8,0,0,530,11904961,1780
São Paulo,100,2,1,2,0,1,0,0,11904961,1650
Porto Alegre,55,2,1,1,2,1,0,300,1388794,1319
São Paulo,200,3,4,3,20,0,1,2450,11904961,12000
Campinas,51,2,1,1,1,0,0,390,1187974,800
São Paulo,140,3,3,2,6,1,0,2420,11904961,2580
Belo Horizonte,200,4,4,3,4,1,0,1200,2415872,4200
Porto Alegre,30,2,2,1,1,1,0,250,1388794,1275
Belo Horizonte,87,3,2,2,11,1,0,700,2415872,3500
Porto Alegre,100,3,2,1,6,1,0,1374,1388794,1800
São Paulo,48,1,1,1,8,0,0,415,11904961,2000
Rio de Janeiro,40,1,1,1,20,0,0,800,6730729,1160
Porto Alegre,78,2,2,1,4,1,0,700,1388794,2300
São Paulo,200,3,4,3,5,1,1,3249,11904961,5500
Belo Horizonte,234,3,3,3,0,1,0,0,2415872,8200
Rio de Janeiro,136,3,1,0,8,1,1,2000,6730729,3000
São Paulo,250,3,4,4,18,1,0,2200,11904961,3300
Rio de Janeiro,125,3,2,1,8,0,1,1164,6730729,3000
São Paulo,86,2,1,0,0,1,0,0,11904961,1387
Porto Alegre,62,2,1,0,8,1,0,504,1388794,1100
São Paulo,120,3,2,2,0,1,0,0,11904961,3110
Campinas,61,1,1,0,8,1,1,378,1187974,1900
Porto Alegre,160,3,2,1,5,1,0,1200,1388794,2500
Campinas,64,1,1,0,3,1,0,680,1187974,1100
Rio de Janeiro,70,3,2,1,7,1,0,1292,6730729,2100
Campinas,258,2,2,1,0,1,0,0,1187974,1400
Belo Horizonte,163,4,3,2,2,1,0,300,2415872,2300
São Paulo,360,4,5,4,8,1,0,3500,11904961,1700
Rio de Janeiro,90,2,2,1,2,0,0,1389,6730729,3973
São Paulo,50,1,1,0,0,1,0,0,11904961,1100
Rio de Janeiro,264,4,4,1,2,0,1,3200,6730729,7000
Rio de Janeiro,70,2,1,0,5,1,0,950,6730729,2500
São Paulo,126,2,2,1,8,0,0,889,11904961,3120
São Paulo,35,1,1,1,14,0,0,450,11904961,2700
Porto Alegre,98,2,2,1,2,1,0,465,1388794,1300
Rio de Janeiro,47,2,1,1,4,1,0,466,6730729,1375
São Paulo,70,3,2,1,3,1,0,758,11904961,2000
Porto Alegre,85,3,3,0,0,0,0,550,1388794,2500
Rio de Janeiro,90,2,2,1,4,1,0,1200,6730729,3800
São Paulo,250,3,4,3,8,1,0,2850,11904961,9000
Rio de Janeiro,160,4,2,0,0,1,0,0,6730729,6800
São Paulo,97,2,3,2,15,1,0,768,11904961,3300
Rio de Janeiro,66,2,1,1,3,1,0,477,6730729,1100
São Paulo,78,3,2,2,1,1,0,780,11904961,1540
São Paulo,248,3,4,3,10,1,0,2200,11904961,6000
São Paulo,163,3,2,1,1,1,0,1100,11904961,4000
São Paulo,332,5,4,3,17,1,0,3200,11904961,15000
São Paulo,30,1,1,1,10,1,1,730,11904961,1850
Rio de Janeiro,172,3,3,3,3,1,0,2000,6730729,5000
Belo Horizonte,100,3,2,0,0,1,0,0,2415872,1550
São Paulo,260,4,4,2,0,1,0,0,11904961,5200
São Paulo,432,5,7,6,21,1,0,3208,11904961,15000
São Paulo,46,2,1,1,5,0,0,600,11904961,1180
São Paulo,999,5,7,4,0,0,0,100,11904961,15000
Belo Horizonte,274,6,6,2,0,1,0,0,2415872,9000
Belo Horizonte,210,4,4,2,1,0,0,1500,2415872,4200
São Paulo,400,4,5,4,0,1,0,3413,11904961,11000
São Paulo,110,3,2,1,7,1,0,1200,11904961,1200
São Paulo,160,3,2,2,0,0,0,0,11904961,3500
Rio de Janeiro,95,3,2,2,3,1,0,1200,6730729,5800
São Paulo,38,1,1,0,16,0,0,188,11904961,2001
São Paulo,220,4,3,3,20,1,1,2080,11904961,5500
Belo Horizonte,396,4,5,6,0,1,0,0,2415872,10000
São Paulo,360,4,7,5,2,1,0,3900,11904961,3990
Rio de Janeiro,25,1,1,0,4,1,1,659,6730729,1910
São Paulo,120,3,2,8,0,1,0,0,11904961,3000
São Paulo,556,6,7,4,0,1,0,0,11904961,7500
Belo Horizonte,100,3,1,1,0,1,0,0,2415872,1970
Campinas,55,2,1,1,2,1,0,235,1187974,700
Rio de Janeiro,60,2,1,0,1,0,0,500,6730729,2000
São Paulo,70,3,1,2,1,0,1,882,11904961,3200
São Paulo,52,2,1,1,7,1,0,616,11904961,1200
Rio de Janeiro,110,3,2,1,4,0,0,788,6730729,2500
São Paulo,53,2,1,1,8,1,0,571,11904961,1800
São Paulo,188,1,3,2,10,0,0,1180,11904961,8000
Porto Alegre,121,3,2,1,10,1,0,800,1388794,1900
São Paulo,80,1,1,1,0,0,0,0,11904961,1300
Belo Horizonte,160,4,2,2,3,1,0,700,2415872,2700
São Paulo,285,4,5,4,6,1,1,200000,11904961,20000
São Paulo,70,2,1,0,0,1,0,0,11904961,1350
Campinas,53,2,2,1,0,1,1,443,1187974,1900
Rio de Janeiro,320,3,6,3,9,1,0,2000,6730729,6490
Rio de Janeiro,96,2,2,2,7,1,1,1320,6730729,7500
São Paulo,35,1,1,1,7,1,0,430,11904961,2100
Campinas,375,4,5,0,0,1,0,1200,1187974,10000
São Paulo,60,2,1,0,0,1,0,0,11904961,1700
Belo Horizonte,100,7,2,1,0,1,0,0,2415872,2800
Rio de Janeiro,82,2,1,0,0,1,1,0,6730729,4950
São Paulo,57,1,1,0,9,1,1,300,11904961,6000
São Paulo,485,5,6,6,23,1,0,5709,11904961,13000
São Paulo,61,1,2,1,14,0,0,444,11904961,1930
Rio de Janeiro,28,1,1,0,8,1,0,453,6730729,1009
São Paulo,130,3,2,1,8,0,1,1200,11904961,7500
Porto Alegre,119,3,1,0,3,1,0,560,1388794,2100
São Paulo,123,3,1,1,6,0,0,2000,11904961,3800
Campinas,96,2,1,1,3,1,1,671,1187974,1800
Rio de Janeiro,120,3,2,2,4,1,0,1950,6730729,5500
Rio de Janeiro,89,3,1,1,7,1,0,1100,6730729,2000
São Paulo,190,3,3,2,10,0,0,2800,11904961,9000
Belo Horizonte,402,4,4,4,0,1,1,0,2415872,7500
Rio de Janeiro,40,1,1,0,1,1,0,379,6730729,1180
São Paulo,210,4,3,3,11,1,0,1250,11904961,4000
São Paulo,77,2,2,1,8,1,0,840,11904961,3170
Belo Horizonte,65,3,1,1,3,0,0,245,2415872,900
São Paulo,160,3,4,3,0,1,0,0,11904961,2770
Rio de Janeiro,80,2,3,1,15,1,1,602,6730729,3100
Porto Alegre,110,3,2,0,3,0,1,370,1388794,2070
Porto Alegre,132,3,2,2,9,1,1,1000,1388794,3350
Belo Horizonte,90,3,2,2,2,1,0,650,2415872,3500
Porto Alegre,50,2,1,1,2,1,0,100,1388794,1540
São Paulo,55,3,1,1,7,1,1,600,11904961,1800
São Paulo,40,1,1,0,6,1,0,600,11904961,3480
Rio de Janeiro,38,2,2,1,10,1,0,1450,6730729,3200
São Paulo,50,2,1,1,0,1,0,510,11904961,1100
São Paulo,136,3,3,1,9,1,0,1530,11904961,7500
Rio de Janeiro,140,3,2,2,4,1,0,1450,6730729,2700
Rio de Janeiro,150,4,2,2,2,1,0,2900,6730729,9000
Belo Horizonte,65,2,2,1,4,1,0,255,2415872,1400
São Paulo,41,3,2,1,1,0,1,0,11904961,6500
São Paulo,180,3,3,1,0,1,1,1785,11904961,6000
Porto Alegre,425,4,4,0,0,1,0,0,1388794,15000
Porto Alegre,70,2,1,1,3,1,1,450,1388794,1800
São Paulo,460,6,6,4,0,1,0,0,11904961,6500
Rio de Janeiro,70,2,2,1,11,0,1,2800,6730729,6000
São Paulo,25,1,1,0,23,1,0,432,11904961,2200
São Paulo,274,4,5,6,0,1,0,0,11904961,11000
São Paulo,42,1,1,2,6,1,1,595,11904961,3380
Porto Alegre,64,2,1,1,4,1,0,600,1388794,980
Rio de Janeiro,31,1,1,0,5,1,0,400,6730729,1350
São Paulo,74,2,1,0,2,1,0,589,11904961,2850
São Paulo,110,2,3,3,1,0,0,1600,11904961,1890
Belo Horizonte,91,2,3,1,9,1,1,853,2415872,2350
Porto Alegre,85,2,3,1,4,1,0,350,1388794,3000
São Paulo,42,1,1,1,13,0,0,704,11904961,3000
Porto Alegre,359,3,4,2,3,1,0,2300,1388794,7000
Porto Alegre,89,2,1,0,4,0,0,340,1388794,1190
São Paulo,50,1,1,0,0,0,0,0,11904961,750
São Paulo,43,1,1,0,4,1,0,300,11904961,1600
São Paulo,40,1,1,1,4,0,1,620,11904961,5000
Campinas,42,1,1,1,13,1,0,470,1187974,1750
Rio de Janeiro,143,3,2,1,0,1,0,750,6730729,2058
Porto Alegre,140,3,1,1,11,1,1,1000,1388794,4445
São Paulo,60,1,1,1,3,1,0,252,11904961,750
Rio de Janeiro,121,1,1,0,1,1,0,2000,6730729,6800
Porto Alegre,148,3,2,2,3,1,1,2200,1388794,3990
Rio de Janeiro,130,4,3,0,2,1,1,750,6730729,9900
Rio de Janeiro,35,1,1,0,1,1,1,81150,6730729,4500
Rio de Janeiro,85,3,2,1,17,1,0,1100,6730729,4170
São Paulo,40,1,1,0,0,0,0,0,11904961,900
Rio de Janeiro,53,2,1,1,4,1,1,365,6730729,1239
São Paulo,80,3,2,2,4,1,0,690,11904961,2650
São Paulo,77,3,3,2,0,1,0,223,11904961,2400
São Paulo,103,3,2,2,4,1,1,1100,11904961,7550
Porto Alegre,78,2,2,0,7,1,0,450,1388794,1500
São Paulo,158,3,4,2,2,1,0,1361,11904961,2750
São Paulo,300,4,4,3,0,1,0,2150,11904961,13100
Rio de Janeiro,65,2,1,1,16,1,0,560,6730729,1000
São Paulo,58,2,2,1,6,0,0,520,11904961,2055
São Paulo,250,3,4,0,6,1,0,3500,11904961,5000
São Paulo,440,4,4,4,11,1,1,4985,11904961,10200
Porto Alegre,39,1,1,1,12,1,0,500,1388794,2200
Porto Alegre,45,2,2,0,0,0,0,0,1388794,1300
Belo Horizonte,200,4,3,3,7,1,1,1350,2415872,7900
Porto Alegre,40,1,1,0,2,1,1,180,1388794,1250
Belo Horizonte,75,2,1,1,4,1,0,380,2415872,849
Campinas,85,2,2,1,4,1,0,675,1187974,1310
Rio de Janeiro,57,2,1,1,3,1,0,430,6730729,1000
São Paulo,60,3,1,0,1,0,0,565,11904961,1950
Campinas,46,2,1,1,5,1,0,380,1187974,850
Belo Horizonte,57,2,2,1,4,1,0,180,2415872,1460
São Paulo,102,3,2,2,5,1,0,1250,11904961,4200
São Paulo,61,2,2,1,5,1,0,650,11904961,2300
Rio de Janeiro,29,1,1,0,12,1,1,580,6730729,1770
São Paulo,280,3,3,2,0,1,0,0,11904961,8000
São Paulo,210,3,3,4,1,1,0,3100,11904961,6500
São Paulo,130,3,3,3,0,1,0,0,11904961,4000
Porto Alegre,45,1,1,0,11,1,0,750,1388794,900
Belo Horizonte,45,1,1,1,6,1,0,757,2415872,2900
Rio de Janeiro,40,1,1,0,8,1,1,450,6730729,2000
São Paulo,175,1,1,2,0,1,0,0,11904961,1600
São Paulo,750,4,5,8,0,1,0,0,11904961,15000
São Paulo,60,2,3,2,5,0,0,730,11904961,1200
São Paulo,86,2,1,1,11,0,0,1105,11904961,3800
Porto Alegre,75,2,2,2,6,1,0,556,1388794,2200
Porto Alegre,281,4,3,4,0,1,1,0,1388794,4950
Porto Alegre,70,2,2,1,2,1,0,400,1388794,2200
Rio de Janeiro,280,3,3,2,2,1,1,6500,6730729,8000
São Paulo,30,1,1,0,2,1,0,0,11904961,1850
Campinas,100,2,2,1,11,1,0,0,1187974,2000
São Paulo,271,3,2,2,0,1,0,0,11904961,4800
São Paulo,123,3,3,2,3,0,1,1527,11904961,3400
São Paulo,59,2,2,0,10,1,1,380,11904961,3900
São Paulo,130,2,3,3,0,1,0,0,11904961,1830
Porto Alegre,58,1,1,1,2,1,0,273,1388794,1200
São Paulo,42,1,1,1,9,1,0,500,11904961,2325
São Paulo,168,3,2,4,0,0,0,600,11904961,3500
São Paulo,430,4,7,6,0,1,0,0,11904961,7990
Rio de Janeiro,90,3,2,1,17,1,0,830,6730729,980
Rio de Janeiro,36,1,1,0,8,1,1,450,6730729,2000
Rio de Janeiro,45,1,1,1,5,1,1,1050,6730729,2700
Belo Horizonte,73,3,1,1,3,1,0,707,2415872,1400
São Paulo,38,1,1,0,2,0,0,60,11904961,950
São Paulo,95,3,2,1,7,1,0,850,11904961,2300
Campinas,60,1,1,1,1,1,1,665,1187974,1700
Belo Horizonte,60,2,1,1,6,0,0,200,2415872,2000
São Paulo,44,1,1,1,1,0,1,590,11904961,2000
Porto Alegre,39,1,1,1,1,0,1,185,1388794,900
Campinas,30,1,1,0,2,0,0,70,1187974,1100
São Paulo,250,3,3,2,0,0,0,0,11904961,3700
São Paulo,170,3,3,3,0,1,0,0,11904961,3500
São Paulo,65,2,1,0,0,1,0,0,11904961,1800
São Paulo,320,3,3,4,0,1,0,1700,11904961,4320
São Paulo,60,2,1,3,0,1,0,0,11904961,2200
Porto Alegre,100,3,1,0,3,1,1,250,1388794,1870
São Paulo,100,2,2,2,0,1,0,1750,11904961,2800
São Paulo,45,2,1,0,2,1,0,60,11904961,900
São Paulo,270,5,7,2,0,1,0,0,11904961,3978
Rio de Janeiro,90,3,2,1,10,0,1,1500,6730729,3500
Campinas,51,2,1,2,13,0,0,457,1187974,1850
São Paulo,72,2,2,1,1,1,0,0,11904961,1760
Rio de Janeiro,45,1,1,1,2,0,1,50,6730729,2000
Porto Alegre,60,2,1,0,3,1,0,170,1388794,1090
São Paulo,213,3,3,2,1,0,0,3200,11904961,6500
Campinas,74,3,1,1,4,1,0,308,1187974,814
São Paulo,120,3,1,1,0,1,0,0,11904961,2625
Rio de Janeiro,45,1,1,0,2,1,0,340,6730729,1900
São Paulo,59,2,2,1,2,1,0,759,11904961,3478
Rio de Janeiro,35,1,1,0,5,0,1,600,6730729,4500
São Paulo,253,4,5,3,16,1,0,2100,11904961,4100
Campinas,78,3,2,1,6,1,0,645,1187974,1600
Belo Horizonte,200,4,3,3,10,0,0,2012,2415872,5000
São Paulo,128,3,3,2,10,1,0,2600,11904961,3800
Belo Horizonte,200,5,2,5,0,1,0,0,2415872,4000
São Paulo,60,2,2,1,17,1,0,440,11904961,1250
São Paulo,244,3,4,2,7,1,1,3500,11904961,12000
São Paulo,120,2,1,1,0,0,0,0,11904961,3000
Campinas,145,4,3,2,8,1,0,1800,1187974,5700
São Paulo,120,3,2,1,7,1,0,1400,11904961,4675
Campinas,34,1,1,0,4,1,0,430,1187974,650
São Paulo,90,2,1,2,4,1,0,1100,11904961,2000
Campinas,76,2,1,0,1,1,0,300,1187974,700
São Paulo,69,3,2,1,8,1,0,670,11904961,2000
São Paulo,150,3,2,0,0,1,0,0,11904961,2500
São Paulo,101,2,2,1,12,1,0,582,11904961,1700
São Paulo,225,3,3,2,5,1,0,2560,11904961,10800
São Paulo,220,4,4,4,8,1,0,2058,11904961,4500
Porto Alegre,79,2,1,0,10,1,0,400,1388794,1880
São Paulo,25,1,1,0,0,1,0,0,11904961,1200
São Paulo,277,3,5,4,0,1,0,2580,11904961,9000
São Paulo,282,4,4,3,19,1,1,3100,11904961,10000
São Paulo,200,4,5,3,1,0,0,2800,11904961,5500
Porto Alegre,45,1,1,2,5,1,0,800,1388794,2300
São Paulo,280,4,4,3,17,1,1,2400,11904961,6553
São Paulo,155,4,3,2,16,1,0,1050,11904961,3500
São Paulo,44,1,1,1,9,1,1,398,11904961,1900
Belo Horizonte,312,4,5,4,9,1,0,1067,2415872,8000
São Paulo,64,2,1,1,5,1,1,741,11904961,1850
São Paulo,150,2,2,3,2,0,1,4085,11904961,8000
São Paulo,65,2,1,0,0,1,0,0,11904961,1300
Rio de Janeiro,40,1,1,0,9,1,1,550,6730729,1980
São Paulo,50,1,1,0,12,1,1,501,11904961,1800
Belo Horizonte,120,3,3,2,0,1,0,0,2415872,2320
Rio de Janeiro,95,3,1,0,2,1,0,528,6730729,3000
Rio de Janeiro,25,1,1,2,6,0,1,540,6730729,1650
São Paulo,202,4,3,4,5,1,0,4308,11904961,12000
Rio de Janeiro,30,1,1,0,3,1,0,350,6730729,1000
Porto Alegre,30,1,1,0,1,1,1,230,1388794,850
Belo Horizonte,1000,3,4,2,0,1,0,0,2415872,5000
Porto Alegre,80,3,1,1,8,1,0,400,1388794,1700
Belo Horizonte,120,4,3,2,2,1,0,0,2415872,3250
São Paulo,249,3,3,3,0,1,0,0,11904961,9000
São Paulo,90,3,3,2,16,1,0,1119,11904961,2600
Rio de Janeiro,91,2,2,1,1,1,0,1102,6730729,3450
São Paulo,36,1,1,0,4,1,0,300,11904961,1162
São Paulo,51,2,1,1,7,1,0,427,11904961,2900
São Paulo,287,4,4,4,6,0,0,7900,11904961,11300
Rio de Janeiro,65,2,2,1,5,1,1,1265,6730729,6700
São Paulo,84,2,2,2,20,0,1,1250,11904961,9600
São Paulo,43,1,1,1,2,0,1,488,11904961,3600
São Paulo,58,2,1,1,1,1,0,430,11904961,1540
São Paulo,208,4,4,3,1,1,1,2860,11904961,8000
São Paulo,462,7,2,3,0,0,0,0,11904961,8600
São Paulo,167,3,2,1,14,1,1,1800,11904961,9500
São Paulo,62,2,1,1,12,0,1,650,11904961,1236
Porto Alegre,75,2,2,0,5,1,0,400,1388794,2500
Campinas,244,5,7,4,12,1,0,1600,1187974,8000
São Paulo,309,4,7,8,0,1,0,0,11904961,8000
Porto Alegre,40,1,1,0,5,1,0,400,1388794,950
Porto Alegre,90,2,1,0,2,1,0,200,1388794,950
Porto Alegre,47,1,1,0,0,0,0,200,1388794,1100
Porto Alegre,143,3,2,3,9,1,1,1950,1388794,6000
São Paulo,230,3,4,3,8,0,0,2700,11904961,4210
São Paulo,580,6,6,6,0,1,0,0,11904961,6960
São Paulo,238,4,4,3,1,1,1,2569,11904961,15000
São Paulo,113,3,4,3,5,1,1,1055,11904961,3400
São Paulo,115,2,2,2,10,0,1,1395,11904961,3800
São Paulo,80,1,2,1,10,1,1,1000,11904961,4000
Rio de Janeiro,300,4,4,3,3,1,0,2300,6730729,4500
Campinas,70,1,1,2,0,1,0,0,1187974,1450
São Paulo,52,2,1,0,0,1,0,375,11904961,990
São Paulo,55,2,1,1,9,1,0,655,11904961,1530
Rio de Janeiro,58,2,1,1,7,1,0,754,6730729,750
Campinas,50,2,1,1,0,1,0,330,1187974,1150
Campinas,40,1,1,0,4,1,0,420,1187974,500
São Paulo,164,3,2,1,15,1,1,1229,11904961,3700
Porto Alegre,76,2,2,0,2,1,0,190,1388794,2100
São Paulo,80,2,1,1,2,1,1,1950,11904961,2800
Belo Horizonte,300,5,4,3,0,1,0,0,2415872,15000
Porto Alegre,75,2,2,2,4,1,0,550,1388794,1600
São Paulo,280,3,4,2,0,1,1,8000,11904961,8000
Porto Alegre,50,1,1,1,3,0,0,370,1388794,1200
São Paulo,74,1,2,2,8,1,1,850,11904961,5500
São Paulo,73,2,1,1,4,1,0,540,11904961,2080
Campinas,280,4,3,4,0,1,0,2307,1187974,3100
Rio de Janeiro,403,3,4,2,3,1,0,2800,6730729,15000
Campinas,424,4,5,4,0,1,0,0,1187974,3315
São Paulo,190,4,5,3,10,1,0,3200,11904961,4000
São Paulo,454,4,3,4,0,1,1,2700,11904961,10900
São Paulo,138,3,2,1,7,0,0,2000,11904961,7600
São Paulo,600,5,5,6,0,1,0,0,11904961,15000
Campinas,58,2,1,1,1,1,1,385,1187974,3500
São Paulo,38,1,1,0,16,1,1,290,11904961,2500
São Paulo,113,2,2,1,4,1,0,1000,11904961,3000
São Paulo,70,2,1,0,0,0,0,0,11904961,1700
Rio de Janeiro,90,2,1,0,10,1,1,1,6730729,4000
São Paulo,183,4,4,3,7,1,0,2200,11904961,5000
Rio de Janeiro,20,1,1,0,8,1,1,630,6730729,1370
Belo Horizonte,66,2,1,1,1,1,0,380,2415872,500
Rio de Janeiro,92,2,2,0,3,1,0,1550,6730729,2700
Porto Alegre,70,2,1,0,3,0,1,300,1388794,1800
São Paulo,93,3,2,1,10,1,0,1497,11904961,3400
São Paulo,220,4,5,4,5,0,0,2066,11904961,3230
São Paulo,20,1,1,0,3,0,1,300,11904961,600
São Paulo,92,3,2,2,0,0,0,150,11904961,2200
Belo Horizonte,50,2,1,0,0,0,0,0,2415872,1200
São Paulo,300,3,5,2,12,0,1,2100,11904961,13900
Porto Alegre,90,3,1,1,6,1,0,380,1388794,1750
Campinas,36,1,1,0,4,0,0,300,1187974,500
Rio de Janeiro,70,2,2,0,3,1,0,1015,6730729,2250
São Paulo,200,3,3,2,0,1,0,0,11904961,3500
Rio de Janeiro,160,3,2,1,4,1,1,1957,6730729,6800
São Paulo,135,3,2,3,7,1,0,1941,11904961,2800
São Paulo,70,1,1,0,0,1,0,0,11904961,1200
Belo Horizonte,95,2,1,1,4,0,1,330,2415872,2000
São Paulo,60,2,2,2,15,1,0,692,11904961,1900
São Paulo,36,1,1,0,1,1,0,0,11904961,860
São Paulo,136,3,3,3,4,1,1,1970,11904961,6000
São Paulo,250,3,2,2,0,1,0,0,11904961,3500
São Paulo,330,3,5,3,15,1,0,3400,11904961,15000
Belo Horizonte,65,3,2,1,5,0,0,250,2415872,950
Campinas,380,3,4,4,0,1,0,3640,1187974,8000
São Paulo,350,5,5,4,0,1,0,0,11904961,3000
Campinas,70,2,1,0,2,1,0,470,1187974,700
Rio de Janeiro,65,2,2,0,2,1,0,640,6730729,1500
Rio de Janeiro,95,2,2,0,0,1,0,450,6730729,3430
São Paulo,120,2,1,1,0,1,0,0,11904961,1600
São Paulo,248,3,4,3,2,1,0,4325,11904961,5300
São Paulo,100,2,1,2,0,0,0,0,11904961,3300
São Paulo,394,4,6,4,23,1,1,6000,11904961,4000
Campinas,209,3,3,2,0,0,0,593,1187974,2550
Rio de Janeiro,16,1,1,0,2,1,0,450,6730729,555
São Paulo,49,2,1,1,8,1,0,528,11904961,1700
Rio de Janeiro,70,2,2,1,4,0,1,750,6730729,4100
Rio de Janeiro,150,3,2,3,2,1,0,0,6730729,2430
Porto Alegre,58,2,1,1,4,1,0,220,1388794,1320
São Paulo,200,3,4,1,8,0,1,2200,11904961,6000
Belo Horizonte,400,3,3,0,0,1,0,0,2415872,3500
São Paulo,196,3,4,2,1,0,0,2200,11904961,3300
Porto Alegre,40,1,1,0,3,0,1,0,1388794,2000
Belo Horizonte,158,3,3,2,5,1,0,796,2415872,3700
São Paulo,130,2,1,1,0,1,0,0,11904961,4000
Campinas,48,1,2,0,2,1,1,704,1187974,987
São Paulo,72,2,1,1,7,1,0,438,11904961,1440
São Paulo,65,2,1,0,2,1,0,425,11904961,1680
Porto Alegre,60,2,1,1,7,1,0,320,1388794,1900
São Paulo,48,1,1,1,19,1,0,588,11904961,1525
Rio de Janeiro,47,1,1,0,2,0,0,306,6730729,1400
Porto Alegre,84,2,1,0,3,1,0,500,1388794,900
São Paulo,186,4,2,2,2,1,0,1500,11904961,2500
Belo Horizonte,85,3,2,2,2,0,0,500,2415872,1500
São Paulo,160,4,5,3,2,1,1,1623,11904961,3800
Rio de Janeiro,74,2,1,1,1,1,0,100,6730729,900
São Paulo,18,1,1,0,0,1,0,0,11904961,1720
Porto Alegre,130,2,1,2,0,1,0,0,1388794,2000
Belo Horizonte,95,3,2,1,2,1,0,300,2415872,2300
São Paulo,105,3,2,3,1,1,0,1250,11904961,1900
Belo Horizonte,85,2,2,1,6,1,0,1105,2415872,1100
Belo Horizonte,50,1,1,2,0,1,0,0,2415872,1280
Rio de Janeiro,103,3,2,1,3,1,0,1736,6730729,4500
São Paulo,54,2,1,1,1,1,0,990,11904961,780
Campinas,75,2,1,2,1,1,0,235,1187974,1400
Belo Horizonte,63,3,2,2,2,0,0,180,2415872,1300
Belo Horizonte,150,5,5,5,0,1,1,0,2415872,14000
São Paulo,47,2,1,1,12,1,0,597,11904961,1570
Rio de Janeiro,140,3,2,3,2,1,1,926,6730729,4235
Rio de Janeiro,40,1,1,0,2,1,0,380,6730729,1110
Belo Horizonte,115,3,2,1,2,0,0,334,2415872,2200
São Paulo,160,4,3,2,9,1,1,2800,11904961,9530
Rio de Janeiro,80,1,1,0,0,0,0,70,6730729,1400
Rio de Janeiro,75,2,1,1,2,1,0,450,6730729,1100
Porto Alegre,80,2,1,0,1,1,0,0,1388794,950
São Paulo,80,2,2,1,0,1,0,0,11904961,2600
São Paulo,199,3,4,5,17,1,1,2800,11904961,4000
São Paulo,400,4,4,3,0,1,0,0,11904961,9000
São Paulo,70,1,1,0,0,0,0,0,11904961,1086
São Paulo,300,4,5,4,0,1,0,0,11904961,5000
Belo Horizonte,70,2,1,1,6,1,0,370,2415872,1100
São Paulo,250,3,2,1,2,1,0,3200,11904961,8500
Rio de Janeiro,27,1,1,0,12,1,1,350,6730729,1700
São Paulo,54,2,1,1,12,0,0,720,11904961,2010
São Paulo,225,4,5,4,22,1,1,2000,11904961,9000
São Paulo,125,3,2,1,9,1,0,1000,11904961,4655
São Paulo,55,2,1,0,0,1,0,0,11904961,2000
São Paulo,186,3,3,2,22,0,0,1350,11904961,5435
Rio de Janeiro,154,3,3,1,5,1,0,1450,6730729,5000
São Paulo,200,3,4,2,0,0,1,0,11904961,9800
São Paulo,246,3,4,3,8,1,0,3200,11904961,4500
Porto Alegre,78,2,1,0,3,1,0,280,1388794,1380
São Paulo,70,2,1,1,0,1,0,60,11904961,2100
São Paulo,188,3,1,3,0,1,0,0,11904961,9500
Belo Horizonte,165,3,2,4,2,1,1,230,2415872,2870
Campinas,63,2,1,0,1,1,0,430,1187974,950
Belo Horizonte,200,4,2,2,5,1,0,2341,2415872,4000
São Paulo,298,4,5,4,1,0,0,3600,11904961,6000
São Paulo,154,3,1,3,17,1,1,830,11904961,6700
Campinas,110,3,2,2,7,0,0,900,1187974,2100
Campinas,130,2,2,5,0,1,0,0,1187974,1800
São Paulo,32,1,1,1,18,0,1,1600,11904961,3500
Rio de Janeiro,170,4,3,2,10,1,0,2500,6730729,2430
São Paulo,69,2,1,0,8,1,0,1100,11904961,1600
Rio de Janeiro,118,2,2,1,6,1,0,1600,6730729,3950
Rio de Janeiro,90,3,1,0,4,1,0,370,6730729,2800
Campinas,65,1,1,1,9,1,0,380,1187974,1200
São Paulo,260,4,3,4,1,1,1,2780,11904961,4000
São Paulo,182,3,5,3,10,1,0,3600,11904961,4900
São Paulo,41,1,1,1,10,0,0,900,11904961,3500
São Paulo,45,1,1,0,0,1,0,0,11904961,1400
São Paulo,100,1,3,2,8,0,1,800,11904961,2500
São Paulo,66,2,1,0,7,1,0,356,11904961,1650
Belo Horizonte,71,3,2,2,4,1,0,660,2415872,970
Campinas,94,2,1,1,1,1,0,525,1187974,1200
Rio de Janeiro,80,2,2,1,2,1,0,662,6730729,1380
São Paulo,41,1,1,1,4,0,1,380,11904961,3220
São Paulo,140,3,2,1,0,1,0,0,11904961,3825
Rio de Janeiro,70,3,1,1,2,1,0,550,6730729,1200
Campinas,58,1,1,1,3,1,0,710,1187974,720
São Paulo,200,3,4,4,8,1,1,1800,11904961,5600
Rio de Janeiro,40,1,1,0,3,1,0,262,6730729,725
São Paulo,240,3,4,4,0,0,0,0,11904961,4000
São Paulo,220,4,5,2,0,1,0,0,11904961,6500
São Paulo,132,3,2,2,8,1,1,1650,11904961,4000
Belo Horizonte,106,3,2,2,7,0,0,1294,2415872,2200
São Paulo,150,3,3,2,3,1,1,2100,11904961,2000
São Paulo,68,3,1,1,7,0,0,700,11904961,1400
Porto Alegre,180,4,5,3,9,1,1,2500,1388794,10500
Porto Alegre,44,1,1,1,9,1,0,280,1388794,1170
Rio de Janeiro,75,2,1,0,3,1,0,888,6730729,1900
São Paulo,58,2,2,1,6,1,0,450,11904961,4700
São Paulo,72,2,1,0,9,1,0,760,11904961,2200
São Paulo,190,4,4,2,0,1,0,0,11904961,3500
Rio de Janeiro,150,3,2,1,10,1,0,1500,6730729,1300
Campinas,550,3,7,8,0,1,0,0,1187974,7700
São Paulo,220,2,2,3,0,1,0,0,11904961,10500
São Paulo,200,3,2,3,0,1,1,0,11904961,6000
Belo Horizonte,300,5,3,4,0,1,0,900,2415872,6800
São Paulo,70,2,2,0,3,0,0,260,11904961,2280
Porto Alegre,45,1,1,1,1,1,0,240,1388794,740
Porto Alegre,55,2,1,0,3,1,0,350,1388794,650
São Paulo,700,5,8,3,0,1,0,0,11904961,12000
Belo Horizonte,300,3,5,0,0,1,0,0,2415872,5500
Porto Alegre,220,4,5,2,0,1,0,0,1388794,7000
São Paulo,300,4,5,6,0,1,1,0,11904961,15000
Porto Alegre,52,1,1,0,0,1,0,90,1388794,748
Rio de Janeiro,106,2,2,1,2,1,0,1550,6730729,4000
Porto Alegre,84,2,2,2,6,1,0,657,1388794,3200
São Paulo,50,2,1,0,0,0,0,0,11904961,1200
São Paulo,240,3,3,2,0,1,0,0,11904961,4000
São Paulo,240,3,3,4,0,1,1,0,11904961,8000
Porto Alegre,260,2,2,1,3,0,0,350,1388794,1640
São Paulo,73,2,2,1,11,1,0,700,11904961,1250
São Paulo,334,4,6,5,4,1,0,3790,11904961,3800
São Paulo,67,2,1,1,6,1,0,313,11904961,1200
São Paulo,71,2,1,0,8,0,0,764,11904961,1800
São Paulo,280,3,4,3,4,0,0,4200,11904961,7600
Belo Horizonte,450,5,5,3,0,1,0,0,2415872,6500
Porto Alegre,82,3,2,1,6,1,0,700,1388794,2500
São Paulo,380,4,5,4,4,1,0,4000,11904961,8000
Porto Alegre,105,3,2,2,1,1,0,600,1388794,2390
São Paulo,55,1,1,1,10,1,1,570,11904961,1800
São Paulo,45,1,1,0,0,0,0,700,11904961,1500
São Paulo,70,2,2,1,5,1,1,820,11904961,3100
São Paulo,160,3,3,0,0,0,0,0,11904961,5000
São Paulo,48,2,1,1,1,1,0,480,11904961,1710
São Paulo,200,3,4,2,2,1,0,2700,11904961,9180
São Paulo,46,2,1,0,5,1,0,0,11904961,1200
Rio de Janeiro,30,1,1,0,0,0,0,0,6730729,680
Rio de Janeiro,140,3,2,1,10,1,0,1600,6730729,3600
São Paulo,101,3,3,2,1,1,0,780,11904961,4600
São Paulo,340,2,4,3,14,1,0,4900,11904961,15000
São Paulo,400,4,5,4,13,1,1,2700,11904961,7000
Campinas,55,2,1,1,2,1,0,453,1187974,749
Rio de Janeiro,45,2,1,1,9,1,0,560,6730729,1450
São Paulo,62,2,2,0,0,1,1,0,11904961,1250
Rio de Janeiro,75,2,1,0,1,1,1,750,6730729,3190
São Paulo,86,3,1,1,6,1,0,460,11904961,3150
Porto Alegre,182,3,3,2,0,1,0,0,1388794,3200
Porto Alegre,30,1,1,1,0,1,0,0,1388794,762
Rio de Janeiro,153,4,3,1,0,1,0,0,6730729,2710
São Paulo,70,2,1,1,0,1,0,0,11904961,1100
Rio de Janeiro,82,2,1,1,11,1,0,750,6730729,1840
São Paulo,160,3,4,4,0,0,0,0,11904961,7000
São Paulo,270,5,4,4,6,0,0,3500,11904961,7000
São Paulo,370,7,6,8,0,1,0,0,11904961,10000
São Paulo,470,4,6,2,7,1,0,3000,11904961,7200
São Paulo,200,1,1,3,0,1,0,0,11904961,1600
São Paulo,62,2,2,0,6,0,0,645,11904961,1400
São Paulo,64,2,2,1,4,1,0,690,11904961,2500
São Paulo,58,2,1,1,2,1,0,170,11904961,1100
Porto Alegre,75,2,2,0,9,0,0,436,1388794,1350
São Paulo,200,2,2,2,11,1,1,2900,11904961,11000
São Paulo,36,1,1,1,11,1,0,380,11904961,1600
Porto Alegre,120,2,2,1,8,1,0,850,1388794,1700
Porto Alegre,62,2,2,2,3,1,0,540,1388794,1600
São Paulo,490,3,3,3,0,1,1,0,11904961,4450
Belo Horizonte,67,2,2,2,7,0,0,831,2415872,3170
São Paulo,161,3,3,3,8,1,0,1762,11904961,2500
São Paulo,176,4,2,3,0,1,0,1225,11904961,5000
São Paulo,178,4,4,4,16,1,0,2200,11904961,4500
Porto Alegre,88,3,2,0,2,1,0,520,1388794,1658
Porto Alegre,470,3,3,4,0,1,1,0,1388794,3700
São Paulo,257,4,3,2,0,1,0,0,11904961,7000
São Paulo,70,4,3,0,0,1,0,0,11904961,3500
Belo Horizonte,50,2,1,1,4,1,0,145,2415872,700
Belo Horizonte,89,3,2,1,2,1,0,330,2415872,1300
São Paulo,73,2,1,1,4,1,0,680,11904961,1300
São Paulo,95,3,2,2,14,1,1,1000,11904961,4500
Rio de Janeiro,54,2,1,1,9,1,0,560,6730729,1600
Belo Horizonte,150,4,1,3,4,1,1,1600,2415872,4350
Rio de Janeiro,139,2,3,1,5,1,0,720,6730729,5966
Porto Alegre,45,1,1,0,4,1,1,200,1388794,1700
São Paulo,255,4,4,4,0,1,0,0,11904961,3400
São Paulo,100,1,1,0,0,1,0,0,11904961,2150
São Paulo,120,3,3,1,4,1,0,1015,11904961,2870
Campinas,200,4,5,2,0,0,0,1000,1187974,8000
São Paulo,72,2,1,1,5,1,0,899,11904961,1280
Porto Alegre,50,1,1,0,0,1,1,0,1388794,1100
São Paulo,158,3,4,3,5,0,1,1950,11904961,12000
São Paulo,105,3,2,1,2,1,0,1937,11904961,2380
São Paulo,50,2,1,1,5,1,0,420,11904961,1500
Belo Horizonte,65,2,2,0,3,1,0,210,2415872,1200
São Paulo,108,3,2,2,2,1,0,980,11904961,2000
Campinas,50,1,1,0,2,1,0,450,1187974,1080
São Paulo,198,3,3,6,0,1,1,0,11904961,4200
Campinas,74,3,2,1,10,1,0,700,1187974,1800
Rio de Janeiro,71,2,2,1,13,0,1,2438,6730729,5500
Porto Alegre,52,2,1,1,5,1,0,400,1388794,1100
Belo Horizonte,355,3,4,8,8,1,0,2700,2415872,6000
Porto Alegre,162,3,1,0,1,1,0,440,1388794,1300
São Paulo,90,1,1,0,11,0,0,300,11904961,2000
Porto Alegre,62,2,1,1,7,0,0,485,1388794,1377
São Paulo,130,3,2,2,0,1,1,0,11904961,3000
São Paulo,78,1,1,0,2,1,0,420,11904961,2522
São Paulo,276,4,5,4,0,1,0,0,11904961,4900
São Paulo,50,2,1,1,2,1,0,380,11904961,1500
Porto Alegre,35,1,1,0,2,1,1,350,1388794,1500
Belo Horizonte,161,3,1,2,0,1,0,0,2415872,3500
São Paulo,30,1,1,0,3,0,0,340,11904961,920
São Paulo,251,4,4,3,10,1,0,2700,11904961,4200
São Paulo,77,2,1,1,1,1,1,1300,11904961,2600
São Paulo,112,3,3,2,8,0,0,1222,11904961,3250
Campinas,273,4,2,2,4,1,1,2100,1187974,2470
Rio de Janeiro,55,1,1,1,8,1,0,400,6730729,1100
Campinas,80,3,2,2,14,0,0,704,1187974,1800
São Paulo,400,4,5,3,0,1,0,0,11904961,15000
Rio de Janeiro,110,3,2,1,9,1,0,1100,6730729,2500
São Paulo,262,4,5,4,17,1,0,2500,11904961,2250
São Paulo,140,2,2,1,3,0,0,2000,11904961,12500
São Paulo,110,6,5,7,0,1,0,0,11904961,9810
Porto Alegre,46,1,1,1,3,1,0,280,1388794,1099
Porto Alegre,55,2,1,0,4,1,0,390,1388794,1500
Rio de Janeiro,70,2,1,1,5,0,0,470,6730729,1710
São Paulo,60,2,2,1,1,1,0,600,11904961,1860
São Paulo,87,3,2,2,5,0,0,750,11904961,4000
Porto Alegre,400,3,4,4,0,1,1,3000,1388794,12000
Porto Alegre,64,2,2,0,7,0,0,550,1388794,1350
Rio de Janeiro,85,2,2,1,12,1,1,3499,6730729,9000
Porto Alegre,140,3,4,2,12,1,0,1990,1388794,3490
São Paulo,288,4,5,4,8,1,0,3635,11904961,5025
São Paulo,64,3,1,1,2,1,0,470,11904961,1200
São Paulo,62,2,2,1,1,0,1,684,11904961,5050
Rio de Janeiro,15,1,1,0,0,1,0,0,6730729,700
São Paulo,200,4,3,2,8,1,0,2744,11904961,4100
Belo Horizonte,450,4,3,4,8,1,1,2000,2415872,12750
São Paulo,72,3,2,1,11,1,0,800,11904961,3010
Rio de Janeiro,75,2,1,1,6,1,0,970,6730729,1750
São Paulo,20,1,1,0,0,1,0,0,11904961,550
São Paulo,77,2,2,1,6,1,0,900,11904961,3000
São Paulo,57,1,1,0,5,1,1,300,11904961,6000
São Paulo,103,3,3,0,6,1,0,1530,11904961,6000
São Paulo,180,3,2,1,8,1,1,2000,11904961,12000
Porto Alegre,80,2,1,1,1,1,0,0,1388794,833
São Paulo,25,1,1,1,8,1,1,0,11904961,4000
Campinas,248,3,4,4,2,1,0,2648,1187974,8000
Belo Horizonte,360,6,2,0,0,0,0,0,2415872,8000
São Paulo,62,1,1,0,4,1,1,670,11904961,2300
São Paulo,85,2,1,0,2,1,0,259,11904961,1800
Porto Alegre,187,3,3,2,0,1,1,0,1388794,2805
São Paulo,58,2,3,2,0,0,0,50,11904961,2000
Belo Horizonte,93,2,1,0,12,0,0,475,2415872,1600
São Paulo,28,1,1,0,5,1,0,450,11904961,1999
Campinas,120,3,2,5,0,1,0,0,1187974,1700
Rio de Janeiro,70,1,2,0,0,0,0,0,6730729,1200
São Paulo,162,2,3,3,3,0,1,2200,11904961,15000
São Paulo,210,3,2,3,0,1,0,0,11904961,4700
Belo Horizonte,300,3,2,2,0,1,0,0,2415872,2500
São Paulo,40,1,1,1,12,1,0,651,11904961,1900
São Paulo,270,3,4,4,4,1,1,3200,11904961,4800
São Paulo,65,2,1,1,8,1,1,1082,11904961,3820
Porto Alegre,83,2,2,1,5,1,0,450,1388794,1400
São Paulo,340,4,5,5,9,1,0,4800,11904961,7500
Belo Horizonte,28,1,1,1,6,0,1,720,2415872,890
São Paulo,70,1,1,0,0,1,0,0,11904961,930
Belo Horizonte,300,3,2,2,0,1,0,0,2415872,4000
São Paulo,423,4,5,7,28,1,0,5785,11904961,14000
São Paulo,16,1,1,0,1,0,0,0,11904961,850
Porto Alegre,38,1,1,0,3,1,0,300,1388794,1300
Belo Horizonte,210,4,4,4,3,1,0,2680,2415872,7000
São Paulo,380,4,5,5,2,1,0,6500,11904961,3400
Rio de Janeiro,289,3,2,1,6,1,0,3000,6730729,5000
São Paulo,28,1,1,0,0,1,0,0,11904961,1300
Campinas,83,2,3,1,7,1,0,1100,1187974,1500
São Paulo,120,4,3,3,8,1,0,1680,11904961,3430
Porto Alegre,60,2,2,1,6,1,0,606,1388794,1080
São Paulo,100,2,1,0,0,1,0,0,11904961,1100
São Paulo,108,4,3,2,4,1,0,1134,11904961,6500
São Paulo,345,2,3,2,4,0,0,3655,11904961,12000
São Paulo,210,3,4,4,13,1,1,1475,11904961,10000
Rio de Janeiro,80,2,1,0,3,1,1,600,6730729,5300
São Paulo,270,4,4,4,4,1,0,3900,11904961,2900
Porto Alegre,60,2,1,0,3,1,0,290,1388794,770
Rio de Janeiro,64,2,1,1,1,1,0,810,6730729,2900
Rio de Janeiro,90,2,2,0,4,0,1,857,6730729,4800
São Paulo,157,3,3,1,5,1,0,1325,11904961,4500
Campinas,100,3,2,1,3,1,0,690,1187974,1300
Campinas,86,3,2,2,3,1,0,420,1187974,2340
São Paulo,56,2,1,1,13,0,0,390,11904961,1800
Rio de Janeiro,40,1,1,0,7,0,1,735,6730729,2900
São Paulo,188,3,4,1,8,1,0,2100,11904961,10000
Campinas,44,2,1,1,4,1,1,310,1187974,1800
Rio de Janeiro,300,3,2,0,5,1,0,3000,6730729,2970
Rio de Janeiro,101,3,3,2,4,1,0,2163,6730729,5000
Belo Horizonte,130,3,1,1,2,1,0,0,2415872,2000
São Paulo,120,4,3,3,16,1,0,1420,11904961,6160
São Paulo,200,3,4,2,0,1,0,0,11904961,2900
São Paulo,140,3,4,2,24,1,0,1583,11904961,8500
Rio de Janeiro,100,3,1,0,12,1,0,1367,6730729,3399
São Paulo,260,5,3,0,0,1,0,0,11904961,5500
São Paulo,77,2,2,2,18,1,0,547,11904961,3000
Campinas,45,1,1,0,1,1,0,0,1187974,770
Campinas,44,2,1,2,0,1,0,342,1187974,908
Porto Alegre,84,1,2,0,0,1,1,300,1388794,2200
Belo Horizonte,53,3,1,0,4,1,0,230,2415872,1000
São Paulo,200,3,4,2,0,1,0,0,11904961,3250
Campinas,75,3,2,1,2,1,0,280,1187974,900
Porto Alegre,120,2,2,1,3,1,1,360,1388794,2525
Belo Horizonte,70,2,1,0,0,0,0,0,2415872,1030
Campinas,100,3,2,0,2,0,0,815,1187974,808
Porto Alegre,73,2,2,1,6,1,1,450,1388794,2450
Rio de Janeiro,70,2,1,1,5,0,0,600,6730729,3000
São Paulo,110,2,4,2,2,1,1,2100,11904961,6375
São Paulo,200,3,2,2,8,1,0,1626,11904961,3000
São Paulo,75,2,2,2,6,1,0,700,11904961,1198
São Paulo,96,2,1,1,0,1,1,0,11904961,3450
Rio de Janeiro,270,3,2,1,6,0,0,2000,6730729,4000
São Paulo,100,1,1,0,0,1,1,0,11904961,2720
Belo Horizonte,195,4,2,2,0,1,0,0,2415872,3400
Rio de Janeiro,102,3,2,0,12,0,0,900,6730729,3100
São Paulo,310,4,4,8,0,1,0,0,11904961,5500
São Paulo,63,2,2,1,16,1,0,690,11904961,1850
São Paulo,131,3,2,2,6,0,1,1400,11904961,3000
São Paulo,37,1,1,1,25,0,1,440,11904961,2850
São Paulo,145,3,2,2,0,1,1,0,11904961,3000
São Paulo,135,3,3,1,10,1,1,1600,11904961,4300
Porto Alegre,67,3,2,1,1,1,0,406,1388794,1399
São Paulo,25,1,1,0,1,0,0,0,11904961,1049
Belo Horizonte,300,4,4,4,0,1,0,0,2415872,6200
São Paulo,190,3,2,2,9,1,0,1700,11904961,5700
São Paulo,105,3,2,2,2,1,0,1320,11904961,7300
São Paulo,48,1,1,2,5,0,1,1313,11904961,4500
Porto Alegre,170,2,3,1,0,1,0,0,1388794,1300
São Paulo,75,3,2,1,11,0,0,980,11904961,2000
São Paulo,520,3,4,8,0,0,0,0,11904961,10000
Rio de Janeiro,37,1,1,0,7,1,0,600,6730729,1840
São Paulo,305,3,6,3,8,1,1,2980,11904961,10000
Rio de Janeiro,80,2,2,1,2,1,0,1100,6730729,3776
Campinas,69,2,2,1,14,1,0,325,1187974,1800
São Paulo,36,1,1,1,13,1,0,250,11904961,1850
São Paulo,28,1,1,0,1,1,0,568,11904961,2150
Porto Alegre,110,1,2,1,4,1,0,540,1388794,2040
Porto Alegre,88,2,1,0,1,1,1,270,1388794,1300
São Paulo,500,5,7,7,0,1,0,0,11904961,11500
São Paulo,122,3,2,1,17,1,0,970,11904961,3860
Belo Horizonte,85,2,1,1,3,1,0,250,2415872,1250
São Paulo,36,1,1,0,10,1,1,345,11904961,1600
Belo Horizonte,80,3,2,1,2,1,0,720,2415872,1900
São Paulo,114,3,3,0,7,0,0,1480,11904961,2289
Belo Horizonte,150,3,2,2,1,1,0,808,2415872,1600
São Paulo,70,2,1,0,6,1,0,480,11904961,1800
São Paulo,370,4,4,3,0,1,0,0,11904961,7900
Campinas,47,1,1,1,18,1,1,582,1187974,2700
São Paulo,70,3,2,2,13,0,0,700,11904961,2910
São Paulo,70,2,2,2,16,1,0,1400,11904961,3300
São Paulo,50,2,3,0,0,0,0,0,11904961,1740
Rio de Janeiro,37,1,1,0,1,1,0,1100,6730729,1900
São Paulo,136,3,2,2,2,1,0,1546,11904961,2800
Rio de Janeiro,60,2,1,0,6,0,1,498,6730729,2000
São Paulo,65,2,2,1,4,1,0,600,11904961,1540
Belo Horizonte,450,7,5,3,0,0,0,0,2415872,7880
São Paulo,180,3,4,3,12,1,1,1600,11904961,3400
São Paulo,130,3,3,2,3,1,0,1140,11904961,4000
São Paulo,200,3,2,6,0,1,0,0,11904961,2300
São Paulo,180,2,3,2,13,1,0,0,11904961,12500
Belo Horizonte,55,2,2,1,6,0,0,380,2415872,1700
São Paulo,79,2,1,2,8,1,0,705,11904961,6250
São Paulo,47,1,1,1,3,1,1,907,11904961,9200
São Paulo,65,2,1,1,3,1,0,1300,11904961,2550
Campinas,292,4,4,3,13,1,0,1650,1187974,3750
Belo Horizonte,181,4,2,2,1,1,1,1530,2415872,4000
São Paulo,327,5,4,5,0,1,0,0,11904961,11000
São Paulo,300,2,3,2,8,0,1,3000,11904961,5120
São Paulo,366,4,5,5,8,1,1,4000,11904961,15000
Rio de Janeiro,115,3,3,1,7,1,0,1254,6730729,3150
Belo Horizonte,216,4,5,5,12,1,0,600,2415872,7500
São Paulo,70,2,1,1,3,0,0,710,11904961,820
São Paulo,170,3,3,2,0,1,0,0,11904961,5000
São Paulo,65,3,2,2,3,1,0,245,11904961,3000
São Paulo,88,3,3,2,5,1,0,700,11904961,2900
São Paulo,54,1,1,0,8,1,0,350,11904961,1870
São Paulo,95,1,2,2,15,1,0,1859,11904961,8000
São Paulo,800,4,5,4,9,1,0,6000,11904961,15000
São Paulo,75,1,1,0,0,0,0,0,11904961,1450
Rio de Janeiro,38,1,1,0,10,1,1,640,6730729,1940
São Paulo,178,2,4,3,2,1,0,2580,11904961,6000
São Paulo,310,2,6,3,11,0,0,2300,11904961,6000
São Paulo,66,1,1,1,1,1,1,550,11904961,2600
Rio de Janeiro,90,3,2,0,4,1,0,921,6730729,2550
São Paulo,180,3,3,2,11,1,1,3100,11904961,4250
Rio de Janeiro,40,1,1,0,2,1,0,480,6730729,1100
São Paulo,150,3,2,1,5,1,0,1300,11904961,5500
São Paulo,37,1,1,0,12,0,0,346,11904961,2900
São Paulo,71,2,2,1,3,1,0,730,11904961,2800
São Paulo,130,3,2,2,5,1,0,1400,11904961,5000
Rio de Janeiro,75,2,2,1,1,1,0,990,6730729,2700
São Paulo,45,1,1,1,2,1,1,1000,11904961,1760
Campinas,260,4,3,4,0,1,1,600,1187974,5830
São Paulo,63,2,2,1,1,0,0,360,11904961,1600
São Paulo,99,2,1,1,6,0,0,1300,11904961,4300
São Paulo,170,4,4,3,9,1,0,1990,11904961,8250
Belo Horizonte,67,2,2,1,3,1,1,400,2415872,1612
São Paulo,126,2,2,2,8,1,0,1000,11904961,2300
Rio de Janeiro,70,2,2,2,3,1,0,900,6730729,1700
Rio de Janeiro,57,1,1,1,3,1,0,653,6730729,1717
Porto Alegre,27,1,1,0,6,0,0,300,1388794,694
Campinas,78,1,2,1,6,1,0,762,1187974,1840
São Paulo,1100,4,6,10,0,1,0,3000,11904961,14000
São Paulo,162,2,2,3,6,1,1,1500,11904961,15000
São Paulo,85,2,2,2,4,1,1,1028,11904961,2550
Rio de Janeiro,67,2,1,1,2,1,0,682,6730729,1100
Rio de Janeiro,122,3,1,0,6,1,1,1000,6730729,2000
São Paulo,220,4,3,4,4,1,0,3200,11904961,11000
São Paulo,30,1,1,0,0,0,0,0,11904961,1000
São Paulo,50,1,1,0,1,1,0,0,11904961,950
Belo Horizonte,120,3,2,2,4,0,0,350,2415872,1500
Rio de Janeiro,75,2,2,1,12,1,0,798,6730729,1500
São Paulo,70,2,2,2,8,1,1,835,11904961,2700
São Paulo,650,4,6,6,0,1,0,0,11904961,8500
Porto Alegre,71,3,2,1,4,1,0,530,1388794,1300
São Paulo,27,1,1,0,11,1,0,585,11904961,2000
São Paulo,187,3,3,2,2,1,0,1300,11904961,2950
São Paulo,110,3,2,1,10,1,0,1000,11904961,4500
São Paulo,180,4,2,2,0,1,0,0,11904961,3500
São Paulo,57,2,2,2,5,1,0,834,11904961,1510
São Paulo,250,3,2,2,0,1,0,0,11904961,15000
São Paulo,49,2,2,1,9,1,0,500,11904961,1460
São Paulo,110,1,1,1,0,1,0,0,11904961,1300
São Paulo,59,2,2,1,12,1,0,360,11904961,2200
São Paulo,65,2,1,1,12,1,1,740,11904961,1700
São Paulo,220,4,2,2,9,1,0,2500,11904961,5000
São Paulo,220,3,2,2,4,1,0,3100,11904961,6400
São Paulo,88,2,2,1,1,1,0,1200,11904961,7300
São Paulo,90,3,2,2,0,1,1,200,11904961,4100
São Paulo,30,1,1,0,12,1,1,350,11904961,3400
São Paulo,49,2,1,1,6,1,1,400,11904961,1800
Rio de Janeiro,100,3,2,0,1,1,0,900,6730729,5900
Rio de Janeiro,120,3,1,1,8,1,0,560,6730729,2300
São Paulo,150,2,3,3,0,1,0,0,11904961,4250
São Paulo,170,3,3,0,10,1,0,1900,11904961,7500
Campinas,70,2,1,2,0,1,0,0,1187974,1300
São Paulo,70,1,1,1,6,0,1,650,11904961,3150
São Paulo,80,1,1,1,10,1,0,1300,11904961,6500
São Paulo,60,2,2,1,3,1,1,900,11904961,5700
São Paulo,100,3,3,3,1,1,0,1000,11904961,3300
São Paulo,260,4,2,3,0,1,0,0,11904961,3850
São Paulo,300,3,5,4,0,1,0,0,11904961,6500
São Paulo,86,3,3,2,9,0,0,550,11904961,2500
São Paulo,250,4,4,2,0,0,0,0,11904961,6600
Porto Alegre,48,1,1,0,0,1,0,250,1388794,900
Belo Horizonte,70,3,2,2,1,1,0,554,2415872,1900
São Paulo,82,3,2,2,5,1,0,915,11904961,2100
São Paulo,80,3,2,1,10,1,0,790,11904961,1900
Porto Alegre,429,5,4,5,0,1,0,0,1388794,10500
Campinas,104,2,2,1,2,1,0,580,1187974,1700
Rio de Janeiro,35,1,1,0,3,0,1,525,6730729,2600
São Paulo,240,4,2,1,4,1,1,1200,11904961,4500
São Paulo,40,1,1,0,0,0,0,180,11904961,850
São Paulo,400,3,3,2,0,0,0,0,11904961,12000
São Paulo,90,2,2,2,8,1,0,965,11904961,4500
São Paulo,45,2,1,1,11,0,0,457,11904961,1720
Rio de Janeiro,110,3,2,0,0,1,0,0,6730729,2000
Rio de Janeiro,110,4,2,2,10,1,0,1300,6730729,1900
Porto Alegre,143,2,1,2,7,1,1,900,1388794,2500
São Paulo,60,2,2,2,7,1,0,894,11904961,1100
São Paulo,124,3,3,2,16,1,0,1100,11904961,2791
São Paulo,55,2,1,1,1,1,0,580,11904961,1490
São Paulo,73,3,2,2,1,1,0,760,11904961,2500
Belo Horizonte,200,4,4,2,5,1,1,900,2415872,4100
Porto Alegre,70,1,1,0,3,0,0,150,1388794,850
São Paulo,44,1,1,0,10,1,0,370,11904961,2600
Rio de Janeiro,87,2,1,1,2,1,0,1350,6730729,2500
Porto Alegre,60,1,1,1,2,0,0,345,1388794,1290
São Paulo,200,3,5,3,5,1,1,1513,11904961,4350
São Paulo,80,2,1,1,5,0,0,660,11904961,2900
Porto Alegre,51,2,1,1,3,1,0,270,1388794,1080
São Paulo,147,2,3,2,3,0,1,1500,11904961,12000
Belo Horizonte,210,3,4,3,5,0,1,1817,2415872,10000
São Paulo,110,3,2,2,14,1,0,0,11904961,3200
Porto Alegre,50,1,1,0,1,1,0,287,1388794,1100
Rio de Janeiro,32,1,1,0,10,1,0,360,6730729,1430
Belo Horizonte,82,3,2,1,4,1,0,410,2415872,1000
São Paulo,98,3,3,2,6,1,0,1100,11904961,2100
Rio de Janeiro,170,4,3,2,5,1,0,2300,6730729,9000
São Paulo,20,1,1,0,2,1,1,602,11904961,1800
Belo Horizonte,168,4,3,2,2,0,0,430,2415872,2000
Rio de Janeiro,50,2,1,0,5,1,0,215,6730729,800
São Paulo,212,4,4,3,7,0,0,2300,11904961,9200
São Paulo,73,2,2,1,13,1,0,700,11904961,1250
São Paulo,50,1,1,1,13,1,0,500,11904961,1800
São Paulo,20,1,1,0,6,1,1,602,11904961,1800
Belo Horizonte,190,1,1,1,0,0,0,0,2415872,3900
São Paulo,450,4,6,2,0,1,0,0,11904961,4900
Belo Horizonte,180,5,5,4,0,1,0,0,2415872,4500
Belo Horizonte,682,6,7,6,0,1,0,0,2415872,5500
Porto Alegre,58,2,1,0,1,1,1,0,1388794,1300
Belo Horizonte,60,3,2,1,10,1,0,404,2415872,1100
Campinas,50,1,1,1,5,0,1,750,1187974,1160
Belo Horizonte,120,3,3,1,2,1,0,0,2415872,2200
São Paulo,43,2,1,1,10,1,1,465,11904961,2000
São Paulo,91,1,2,2,11,1,1,2076,11904961,13000
Campinas,75,2,1,2,1,1,0,1250,1187974,1600
São Paulo,300,4,3,4,9,1,0,4900,11904961,6000
Campinas,74,2,2,2,9,1,1,500,1187974,4920
Belo Horizonte,90,3,2,2,3,1,0,472,2415872,1550
Belo Horizonte,154,4,4,3,12,1,1,1670,2415872,8500
São Paulo,280,3,3,7,0,1,0,0,11904961,8670
São Paulo,150,3,3,2,10,1,0,1570,11904961,4000
São Paulo,110,2,2,0,13,1,0,664,11904961,2690
São Paulo,247,4,4,4,3,1,0,2900,11904961,2550
São Paulo,220,3,4,2,0,1,0,400,11904961,15000
São Paulo,70,2,2,0,0,0,0,0,11904961,3800
São Paulo,98,3,2,2,1,1,0,1400,11904961,1760
São Paulo,300,4,6,6,17,1,0,6300,11904961,15000
Porto Alegre,80,2,1,1,8,1,0,755,1388794,4000
São Paulo,57,2,1,2,3,1,1,645,11904961,1450
São Paulo,75,2,1,0,1,0,0,0,11904961,1200
Rio de Janeiro,70,2,2,1,6,0,0,741,6730729,2300
São Paulo,80,2,1,0,4,1,0,330,11904961,1700
São Paulo,372,5,4,6,0,1,0,0,11904961,9200
São Paulo,120,3,2,2,23,0,0,722,11904961,4500
Campinas,71,1,1,1,9,0,0,486,1187974,750
São Paulo,130,3,3,2,7,1,0,1200,11904961,3500
São Paulo,300,2,1,2,0,1,0,0,11904961,2800
Belo Horizonte,320,5,4,3,3,1,0,660,2415872,3400
Belo Horizonte,200,3,2,2,0,1,0,0,2415872,12000
Porto Alegre,56,2,2,1,3,1,0,250,1388794,1600
São Paulo,165,3,2,3,16,1,0,1260,11904961,3730
São Paulo,35,1,1,0,1,0,0,0,11904961,1290
Belo Horizonte,96,3,1,1,11,1,1,575,2415872,2200
Campinas,450,4,5,4,0,1,1,0,1187974,6500
São Paulo,227,4,4,3,5,1,0,4200,11904961,6900
São Paulo,40,1,1,1,10,1,0,700,11904961,2600
São Paulo,288,4,5,4,7,1,0,3600,11904961,6000
Belo Horizonte,90,1,2,0,4,1,0,325,2415872,1300
São Paulo,45,2,1,1,7,0,0,320,11904961,1290
São Paulo,63,2,2,1,11,0,0,453,11904961,2800
Belo Horizonte,120,3,2,2,0,1,0,600,2415872,2200
São Paulo,94,3,2,2,12,0,0,1046,11904961,7150
Porto Alegre,60,1,1,1,1,1,0,316,1388794,500
Porto Alegre,106,3,2,2,2,0,1,300,1388794,4000
São Paulo,167,3,4,2,5,1,0,2884,11904961,2900
Belo Horizonte,69,2,3,2,11,1,0,700,2415872,2600
Rio de Janeiro,300,4,4,1,0,1,0,0,6730729,3400
São Paulo,50,2,1,0,2,1,1,800,11904961,2473
Porto Alegre,40,1,1,0,9,1,0,500,1388794,850
São Paulo,380,4,3,3,11,1,0,3500,11904961,5800
Rio de Janeiro,20,1,1,0,0,0,0,0,6730729,750
Campinas,50,2,1,1,7,1,0,270,1187974,950
São Paulo,60,2,2,1,4,1,1,600,11904961,4500
São Paulo,40,1,1,1,12,1,0,300,11904961,3470
São Paulo,62,2,2,1,1,1,0,700,11904961,1730
Rio de Janeiro,230,3,3,0,9,1,0,1950,6730729,7200
Campinas,45,2,1,1,1,1,0,300,1187974,870
Porto Alegre,60,2,1,0,4,1,0,340,1388794,730
São Paulo,65,2,2,1,9,0,0,682,11904961,1039
Rio de Janeiro,90,3,1,0,4,0,0,500,6730729,2710
São Paulo,150,3,3,2,0,1,1,0,11904961,3400
São Paulo,180,3,4,3,5,0,0,2848,11904961,4330
Belo Horizonte,95,3,2,2,2,0,0,150,2415872,1650
Rio de Janeiro,45,1,1,0,10,0,1,450,6730729,2200
São Paulo,216,3,5,0,14,0,1,3200,11904961,15000
Campinas,58,1,1,0,5,1,0,540,1187974,900
São Paulo,42,1,1,0,2,1,1,0,11904961,3256
Porto Alegre,40,1,1,0,3,1,1,350,1388794,750
São Paulo,220,4,4,3,4,0,1,2200,11904961,4930
Belo Horizonte,42,1,1,1,15,0,0,410,2415872,2690
Rio de Janeiro,421,3,3,1,7,1,1,5000,6730729,10000
Campinas,226,4,2,2,10,1,0,1850,1187974,3000
São Paulo,55,1,1,0,1,1,0,0,11904961,1400
Porto Alegre,61,1,1,1,13,1,0,350,1388794,2200
Rio de Janeiro,50,1,1,0,4,0,0,630,6730729,1000
São Paulo,300,4,4,0,7,1,1,2700,11904961,9600
Porto Alegre,58,2,2,2,13,1,0,470,1388794,2550
Porto Alegre,104,3,3,2,4,1,0,1200,1388794,3900
Rio de Janeiro,72,2,2,0,3,1,0,1000,6730729,2500
Campinas,65,3,1,1,3,1,1,470,1187974,1100
São Paulo,160,4,2,2,12,1,1,1506,11904961,4900
Campinas,40,1,1,0,8,1,0,380,1187974,730
São Paulo,23,1,1,1,26,1,0,520,11904961,2300
São Paulo,35,1,1,0,1,0,0,0,11904961,900
Porto Alegre,28,1,1,0,0,1,0,200,1388794,840
São Paulo,68,2,2,1,7,1,0,750,11904961,1880
Campinas,70,3,1,1,6,1,0,549,1187974,1200
São Paulo,127,2,3,2,1,1,1,996,11904961,3800
São Paulo,138,3,2,3,0,1,0,0,11904961,5200
Campinas,53,1,1,1,3,1,0,588,1187974,550
São Paulo,130,5,2,0,2,1,0,0,11904961,3000
Porto Alegre,39,1,1,1,2,1,1,334,1388794,800
Porto Alegre,60,2,1,0,6,1,0,340,1388794,980
São Paulo,300,4,4,4,4,0,0,4000,11904961,1400
São Paulo,500,3,3,5,0,1,0,0,11904961,8500
Campinas,90,3,2,1,2,1,0,495,1187974,1600
Campinas,120,3,1,2,1,1,0,150,1187974,1790
São Paulo,134,3,5,2,7,1,0,1152,11904961,4900
Campinas,78,2,1,1,8,1,0,605,1187974,1300
São Paulo,55,1,1,1,3,0,1,850,11904961,4300
São Paulo,167,3,3,2,7,1,0,1315,11904961,5500
São Paulo,15,1,1,0,0,0,0,0,11904961,1200
Belo Horizonte,46,2,1,1,2,1,0,200,2415872,1050
Rio de Janeiro,30,1,1,0,2,0,1,750,6730729,4000
Rio de Janeiro,60,2,2,1,10,1,0,700,6730729,2198
São Paulo,380,3,3,4,0,1,1,0,11904961,4200
Belo Horizonte,95,3,2,1,3,1,0,722,2415872,1400
São Paulo,55,2,2,1,4,1,0,380,11904961,1850
Belo Horizonte,55,2,1,1,1,0,0,180,2415872,850
Rio de Janeiro,30,1,1,0,2,0,0,350,6730729,1140
Rio de Janeiro,58,2,1,0,2,0,1,500,6730729,4000
São Paulo,480,4,5,2,0,1,1,0,11904961,6000
São Paulo,97,3,2,2,2,1,0,600,11904961,2100
São Paulo,33,1,1,1,13,0,1,1791,11904961,1300
São Paulo,192,3,4,2,13,1,0,1600,11904961,8500
Rio de Janeiro,114,4,2,1,10,1,1,2500,6730729,3000
São Paulo,70,2,2,0,24,0,1,800,11904961,4000
Campinas,240,3,4,4,1,1,0,2800,1187974,7000
Porto Alegre,110,3,1,0,1,1,0,630,1388794,1850
Rio de Janeiro,950,6,5,2,3,0,1,0,6730729,13000
São Paulo,55,1,1,1,4,0,1,812,11904961,3200
Campinas,166,4,3,3,6,1,0,1860,1187974,2050
Porto Alegre,117,3,3,2,9,1,1,1090,1388794,4000
Campinas,115,3,2,1,4,1,0,680,1187974,1364
Campinas,55,2,1,1,3,1,0,385,1187974,940
São Paulo,85,1,2,1,14,1,0,800,11904961,2800
São Paulo,61,1,2,1,4,1,1,680,11904961,2270
São Paulo,34,1,1,0,12,1,1,370,11904961,2600
Porto Alegre,70,3,2,0,0,1,0,290,1388794,1500
São Paulo,85,2,2,0,17,1,1,560,11904961,6000
São Paulo,93,2,1,1,4,0,1,985,11904961,5500
São Paulo,150,3,2,1,1,1,1,1600,11904961,3600
São Paulo,48,2,1,1,8,1,0,452,11904961,1740
Belo Horizonte,70,2,1,0,1,1,0,0,2415872,1200
Campinas,80,2,2,1,1,1,1,420,1187974,3000
São Paulo,137,3,3,3,4,1,1,1500,11904961,9800
São Paulo,230,3,4,3,2,1,0,3700,11904961,12000
São Paulo,95,3,2,1,10,0,1,1018,11904961,4300
Rio de Janeiro,87,2,2,1,8,0,1,826,6730729,1950
Belo Horizonte,800,8,7,4,0,1,0,0,2415872,14000
São Paulo,88,3,1,2,5,1,0,685,11904961,1400
São Paulo,245,3,3,1,18,1,1,1904,11904961,12000
São Paulo,34,1,1,0,11,0,0,370,11904961,2800
São Paulo,469,4,5,4,12,1,0,5706,11904961,15000
Rio de Janeiro,113,2,2,1,10,1,0,1566,6730729,8000
Belo Horizonte,200,4,4,3,3,1,0,2000,2415872,4000
Rio de Janeiro,44,1,1,0,4,1,0,632,6730729,1700
São Paulo,45,2,1,1,5,1,0,530,11904961,1440
Porto Alegre,58,1,1,0,8,1,0,500,1388794,867
São Paulo,55,2,2,1,11,1,0,670,11904961,2500
São Paulo,320,4,4,2,7,1,0,4110,11904961,8000
Belo Horizonte,57,1,1,1,6,0,0,1500,2415872,1400
São Paulo,240,5,2,3,0,0,0,0,11904961,6500
São Paulo,127,3,2,1,5,1,0,1780,11904961,3300
São Paulo,18,1,1,0,0,1,0,0,11904961,1710
Campinas,35,1,1,0,8,1,0,480,1187974,500
São Paulo,320,3,5,3,0,1,0,0,11904961,9000
Campinas,46,1,1,0,2,1,0,450,1187974,500
São Paulo,130,3,2,1,2,1,1,1168,11904961,6290
São Paulo,37,1,1,0,0,1,0,0,11904961,1625
Campinas,136,3,4,2,7,0,0,970,1187974,2500
São Paulo,81,2,2,1,1,0,0,787,11904961,1400
São Paulo,38,1,1,0,2,0,0,400,11904961,1450
São Paulo,198,3,4,2,0,1,1,0,11904961,2500
Belo Horizonte,220,5,4,4,4,1,0,400,2415872,2700
São Paulo,125,3,4,1,2,1,0,1100,11904961,4900
São Paulo,450,4,6,4,4,1,0,4000,11904961,15000
São Paulo,145,3,2,2,6,1,0,1834,11904961,3000
Belo Horizonte,70,3,1,2,1,1,0,100,2415872,1600
Porto Alegre,140,3,4,3,2,1,1,2200,1388794,8000
São Paulo,100,3,2,1,3,1,0,285,11904961,1930
São Paulo,39,1,1,0,2,0,0,0,11904961,1300
Rio de Janeiro,98,2,2,1,7,0,1,1600,6730729,3500
São Paulo,367,4,5,3,10,0,0,3200,11904961,8500
São Paulo,61,2,2,1,17,1,0,764,11904961,4200
Belo Horizonte,66,2,2,1,6,1,0,568,2415872,2100
São Paulo,235,3,3,0,15,1,1,2550,11904961,8300
São Paulo,84,3,2,1,23,1,0,780,11904961,2200
São Paulo,165,3,1,3,0,1,0,0,11904961,3400
Belo Horizonte,90,2,1,0,0,1,0,0,2415872,1320
São Paulo,48,1,1,0,0,0,0,0,11904961,1150
Porto Alegre,60,2,1,1,0,0,0,0,1388794,950
São Paulo,92,3,2,2,8,1,0,960,11904961,3300
Rio de Janeiro,80,3,1,1,8,1,0,880,6730729,3000
Belo Horizonte,25,1,1,0,2,0,0,0,2415872,650
São Paulo,220,4,4,4,10,1,0,2200,11904961,5500
Campinas,74,2,3,1,9,1,0,894,1187974,1584
São Paulo,98,2,2,0,6,1,0,660,11904961,2500
São Paulo,69,2,2,1,3,1,0,810,11904961,1400
São Paulo,90,2,1,1,0,1,0,0,11904961,2500
Rio de Janeiro,105,2,2,0,3,1,0,1180,6730729,3430
São Paulo,400,3,4,4,0,1,0,0,11904961,12000
São Paulo,110,2,2,2,0,0,0,0,11904961,2700
São Paulo,245,3,4,3,10,1,0,2900,11904961,14000
Belo Horizonte,60,1,1,1,0,1,0,0,2415872,3000
Porto Alegre,40,1,1,0,5,1,1,350,1388794,800
Porto Alegre,35,1,1,1,1,0,1,0,1388794,1400
São Paulo,35,1,1,0,12,0,1,1400,11904961,2595
São Paulo,500,3,2,8,0,1,0,0,11904961,4000
São Paulo,30,1,1,0,15,0,0,700,11904961,1650
Belo Horizonte,200,3,3,0,0,1,0,0,2415872,1800
São Paulo,33,1,1,1,1,0,1,1512,11904961,1464
São Paulo,50,1,1,0,0,1,0,0,11904961,810
São Paulo,54,2,2,2,5,1,0,691,11904961,2400
Rio de Janeiro,60,2,1,0,11,1,0,670,6730729,2500
São Paulo,36,1,1,1,15,0,1,510,11904961,2300
Belo Horizonte,205,4,4,4,5,1,0,2608,2415872,5000
Rio de Janeiro,625,5,3,2,0,1,0,0,6730729,15000
Campinas,60,2,1,1,3,1,0,0,1187974,900
São Paulo,50,1,1,0,9,0,1,850,11904961,2480
São Paulo,185,2,3,3,8,1,0,2600,11904961,5500
São Paulo,256,3,4,4,4,1,0,2800,11904961,7000
São Paulo,170,3,3,2,6,1,0,2377,11904961,9500
Porto Alegre,90,3,1,0,0,1,0,280,1388794,1500
Belo Horizonte,110,2,3,0,2,1,0,0,2415872,3500
Campinas,89,3,2,2,5,1,0,900,1187974,1897
São Paulo,54,1,1,1,7,1,0,600,11904961,3600
São Paulo,113,3,2,2,0,1,0,0,11904961,2990
São Paulo,100,3,1,1,2,1,0,1350,11904961,3000
São Paulo,400,4,6,5,8,0,0,4900,11904961,8160
São Paulo,65,2,1,1,8,0,1,708,11904961,1600
Porto Alegre,65,3,2,1,11,1,0,380,1388794,1980
São Paulo,50,1,1,1,7,1,1,2000,11904961,2000
Rio de Janeiro,150,3,3,1,5,1,0,932,6730729,4800
Rio de Janeiro,170,4,3,4,10,1,0,1876,6730729,2350
Belo Horizonte,164,4,2,2,3,1,0,310,2415872,3500
Campinas,470,3,4,0,0,1,0,2600,1187974,7900
São Paulo,430,4,6,2,16,1,1,2360,11904961,3378
São Paulo,108,3,3,2,0,1,0,0,11904961,2800
Belo Horizonte,75,2,2,1,3,1,0,270,2415872,1300
Porto Alegre,200,4,3,1,0,1,1,0,1388794,4050
Belo Horizonte,32,1,1,1,1,1,0,60,2415872,850
Rio de Janeiro,40,1,1,0,7,0,1,474,6730729,2500
São Paulo,360,4,5,4,2,1,1,5420,11904961,12750
Belo Horizonte,55,1,1,1,3,0,1,1250,2415872,3450
Rio de Janeiro,30,1,1,0,1,0,0,473,6730729,2030
São Paulo,59,2,1,1,1,1,0,313,11904961,1640
Rio de Janeiro,120,3,2,1,10,1,1,1695,6730729,3300
São Paulo,78,3,2,2,0,1,0,250,11904961,2000
Rio de Janeiro,95,2,3,0,4,1,1,1700,6730729,6020
São Paulo,180,3,3,1,14,1,0,1680,11904961,5000
São Paulo,91,2,3,2,10,1,0,1350,11904961,4675
Campinas,70,2,1,1,2,0,0,600,1187974,1800
São Paulo,315,3,5,4,11,1,0,4475,11904961,5820
Rio de Janeiro,56,2,1,1,3,0,1,1302,6730729,2800
São Paulo,480,4,3,3,0,1,0,0,11904961,13500
São Paulo,400,3,3,6,0,1,0,0,11904961,15000
Belo Horizonte,83,4,2,2,4,1,0,270,2415872,1500
São Paulo,90,2,1,1,0,0,0,0,11904961,1450
Porto Alegre,131,3,2,1,3,1,1,1100,1388794,2500
São Paulo,700,5,7,3,0,1,1,0,11904961,13000
Belo Horizonte,180,3,2,0,0,1,0,0,2415872,3200
Campinas,60,2,1,0,1,1,0,457,1187974,1134
Porto Alegre,50,1,1,1,14,0,1,1300,1388794,1300
Campinas,200,3,2,3,0,1,0,300,1187974,2500
Rio de Janeiro,80,4,3,1,3,0,0,1500,6730729,3000
Campinas,54,2,1,1,13,1,0,320,1187974,1580
São Paulo,150,3,2,1,7,1,1,1600,11904961,6000
São Paulo,129,3,3,1,1,1,0,1100,11904961,2300
São Paulo,200,3,2,1,9,1,0,2100,11904961,8500
Rio de Janeiro,65,1,1,0,4,1,0,350,6730729,1800
São Paulo,210,4,2,2,0,1,0,0,11904961,8000
Rio de Janeiro,115,3,2,2,5,1,0,1465,6730729,2850
Belo Horizonte,350,4,5,5,12,1,1,2500,2415872,5000
Rio de Janeiro,55,1,1,0,0,1,1,0,6730729,1500
São Paulo,46,1,1,0,14,0,1,1200,11904961,4300
Rio de Janeiro,160,3,2,1,2,0,0,1400,6730729,3100
Belo Horizonte,230,4,4,4,4,1,0,2260,2415872,6000
São Paulo,180,4,4,4,21,0,0,2400,11904961,10000
São Paulo,440,4,3,7,0,0,0,0,11904961,15000
São Paulo,90,2,2,1,3,1,0,1000,11904961,3000
Campinas,45,1,1,0,14,0,0,285,1187974,500
São Paulo,77,3,1,1,7,1,0,1316,11904961,3000
São Paulo,25,1,1,0,1,0,0,0,11904961,1000
São Paulo,65,3,1,1,7,1,0,588,11904961,1380
Porto Alegre,60,2,2,0,3,1,0,400,1388794,1085
Belo Horizonte,50,2,1,1,5,1,0,230,2415872,799
São Paulo,103,3,2,2,3,1,0,1224,11904961,1600
São Paulo,35,5,1,0,0,1,0,0,11904961,2500
Porto Alegre,121,2,1,2,3,1,0,300,1388794,1200
São Paulo,307,4,6,4,0,1,1,0,11904961,9100
Rio de Janeiro,150,3,2,2,3,1,1,2200,6730729,6800
Porto Alegre,98,2,3,2,3,1,0,450,1388794,2200
São Paulo,16,1,1,0,1,0,0,0,11904961,850
Belo Horizonte,45,1,1,1,4,1,0,507,2415872,2800
Rio de Janeiro,45,2,1,0,15,1,0,525,6730729,1300
São Paulo,200,4,2,2,0,1,1,0,11904961,6500
Rio de Janeiro,155,3,2,1,10,1,0,1950,6730729,3800
São Paulo,35,1,1,1,1,1,0,0,11904961,1020
Campinas,60,3,2,1,3,1,0,452,1187974,800
São Paulo,35,1,1,0,1,1,0,0,11904961,874
São Paulo,67,2,2,1,1,0,1,580,11904961,3500
São Paulo,38,1,1,0,2,1,0,100,11904961,1380
Belo Horizonte,190,4,4,4,9,1,0,2690,2415872,7700
São Paulo,45,1,1,1,0,1,0,0,11904961,1300
Campinas,600,5,5,4,0,1,0,3300,1187974,5000
São Paulo,27,1,1,1,6,0,0,0,11904961,3700
São Paulo,160,3,2,2,0,1,0,0,11904961,3500
Belo Horizonte,320,4,6,4,0,1,0,0,2415872,12000
São Paulo,41,1,1,1,1,1,1,120,11904961,2680
São Paulo,60,1,1,1,13,1,1,646,11904961,3900
São Paulo,66,1,1,1,10,0,1,762,11904961,3500
São Paulo,98,2,3,3,13,0,0,800,11904961,4150
São Paulo,75,2,1,0,5,1,1,1310,11904961,1283
Rio de Janeiro,62,2,1,0,1,1,0,706,6730729,1700
São Paulo,120,2,1,1,0,0,0,0,11904961,1300
São Paulo,98,1,2,2,9,1,0,1241,11904961,4000
São Paulo,380,4,5,4,0,1,1,0,11904961,10500
São Paulo,45,1,1,1,10,0,1,1600,11904961,1800
Belo Horizonte,65,2,1,1,8,1,0,409,2415872,800
São Paulo,88,2,1,1,3,1,0,800,11904961,3400
São Paulo,250,3,4,2,0,1,0,0,11904961,3000
Campinas,108,1,3,2,9,1,0,980,1187974,4500
São Paulo,160,3,2,2,13,1,0,1200,11904961,3900
São Paulo,70,2,1,0,0,1,0,0,11904961,1300
São Paulo,320,4,5,5,0,1,0,0,11904961,10870
São Paulo,68,3,1,1,16,0,0,522,11904961,1600
Rio de Janeiro,130,3,2,1,5,1,0,1050,6730729,4500
São Paulo,600,3,3,3,9,1,0,6826,11904961,15000
Porto Alegre,127,3,2,2,2,1,1,600,1388794,2900
Rio de Janeiro,200,4,4,4,0,1,0,1,6730729,2650
São Paulo,90,3,2,2,1,1,1,950,11904961,2800
São Paulo,135,2,1,0,2,0,0,0,11904961,2000
Porto Alegre,70,2,2,0,7,1,1,600,1388794,3100
São Paulo,46,1,1,1,3,1,1,700,11904961,3000
São Paulo,20,1,1,0,2,0,1,0,11904961,2060
São Paulo,350,3,6,4,19,1,0,2200,11904961,8500
Rio de Janeiro,45,1,1,1,5,1,0,616,6730729,1900
Rio de Janeiro,223,3,3,0,15,0,0,2409,6730729,765
Porto Alegre,115,1,2,2,7,1,0,1327,1388794,1550
Belo Horizonte,85,3,2,1,3,1,0,250,2415872,1450
Campinas,63,2,1,1,1,1,0,498,1187974,840
Belo Horizonte,69,3,2,1,8,0,0,305,2415872,1600
São Paulo,48,2,1,1,4,1,0,150,11904961,900
Rio de Janeiro,400,5,4,2,8,1,0,3000,6730729,8000
São Paulo,49,2,1,1,10,0,0,395,11904961,1250
São Paulo,120,4,2,2,0,0,0,0,11904961,4500
São Paulo,168,3,4,3,10,1,1,1900,11904961,7300
Rio de Janeiro,80,3,1,0,8,1,0,1050,6730729,2700
São Paulo,100,2,4,2,10,1,0,1600,11904961,5990
São Paulo,38,1,1,1,16,1,1,1100,11904961,2863
Porto Alegre,45,1,1,0,0,0,0,550,1388794,550
São Paulo,123,3,3,0,0,1,0,0,11904961,4000
São Paulo,200,4,2,3,1,0,0,910,11904961,2390
Campinas,73,3,1,1,3,1,0,547,1187974,1140
São Paulo,80,2,1,1,2,0,1,1036,11904961,7450
Rio de Janeiro,185,4,3,3,10,1,0,3250,6730729,11340
São Paulo,100,3,3,4,0,0,0,0,11904961,9775
São Paulo,240,3,3,2,0,1,1,0,11904961,4350
Rio de Janeiro,405,4,3,2,1,1,1,4032,6730729,14000
São Paulo,130,3,4,4,0,1,0,1100,11904961,3280
Porto Alegre,129,2,3,1,5,1,1,900,1388794,1925
São Paulo,130,2,2,2,0,0,0,0,11904961,2700
Porto Alegre,73,2,1,1,8,1,0,550,1388794,2500
Campinas,50,2,1,1,2,1,0,530,1187974,1200
Belo Horizonte,90,3,2,1,2,1,0,300,2415872,1859
São Paulo,25,1,1,0,1,0,0,0,11904961,1050
São Paulo,556,4,5,7,0,1,0,0,11904961,7000
São Paulo,23,1,1,0,2,0,0,30,11904961,950
Porto Alegre,110,2,2,0,5,0,1,700,1388794,3500
São Paulo,350,4,3,3,1,0,1,4459,11904961,15000
Campinas,300,4,3,5,0,1,0,0,1187974,4100
São Paulo,20,1,1,0,1,0,1,0,11904961,2050
Belo Horizonte,31,1,1,1,3,0,0,550,2415872,460
São Paulo,250,4,3,3,0,1,0,0,11904961,4350
Belo Horizonte,200,4,2,2,2,1,0,1280,2415872,4300
São Paulo,500,4,7,6,5,0,0,5400,11904961,5000
Rio de Janeiro,105,3,2,0,4,0,1,940,6730729,5660
São Paulo,320,5,3,8,0,1,0,0,11904961,14000
São Paulo,236,4,4,0,17,1,1,3035,11904961,3500
São Paulo,50,1,1,0,2,0,1,710,11904961,3100
Rio de Janeiro,65,2,1,0,3,1,0,180,6730729,1130
Belo Horizonte,502,4,3,4,0,1,0,0,2415872,6500
São Paulo,160,3,3,2,0,1,0,0,11904961,6700
São Paulo,90,2,2,1,0,1,0,0,11904961,1950
Campinas,44,1,1,1,2,1,0,390,1187974,1200
São Paulo,200,4,7,4,0,1,1,0,11904961,8000
São Paulo,150,3,2,0,3,1,0,715,11904961,1700
Campinas,578,4,5,8,0,1,0,0,1187974,9500
São Paulo,85,3,2,1,8,1,0,996,11904961,3560
São Paulo,67,1,1,1,1,0,0,0,11904961,1000
Belo Horizonte,900,6,6,6,0,1,0,0,2415872,5570
São Paulo,182,4,4,3,1,1,0,2100,11904961,3400
Belo Horizonte,54,2,1,1,1,1,0,100,2415872,800
São Paulo,33,1,1,0,3,1,0,350,11904961,1650
São Paulo,236,4,5,4,1,0,1,3950,11904961,15000
São Paulo,33,1,1,1,1,1,0,570,11904961,1630
São Paulo,25,1,1,0,3,1,1,350,11904961,1800
Porto Alegre,400,4,4,6,0,1,0,0,1388794,7000
Rio de Janeiro,130,4,2,2,7,1,1,1300,6730729,4200
São Paulo,240,4,3,3,10,0,1,4976,11904961,15000
São Paulo,190,4,3,2,1,1,0,2700,11904961,7700
São Paulo,42,1,1,1,5,1,0,330,11904961,2100
São Paulo,112,2,3,2,2,1,1,1890,11904961,3580
Porto Alegre,108,3,2,2,17,0,0,900,1388794,3100
Rio de Janeiro,50,1,1,0,5,0,0,250,6730729,1100
Belo Horizonte,60,2,1,1,1,1,1,200,2415872,1040
São Paulo,60,3,1,1,4,1,0,500,11904961,1480
São Paulo,462,4,4,0,0,1,1,0,11904961,10000
São Paulo,70,1,2,2,3,1,1,1000,11904961,4500
São Paulo,72,2,1,1,11,1,0,850,11904961,2300
São Paulo,320,4,5,0,11,1,1,4600,11904961,8700
Belo Horizonte,140,2,2,2,4,1,0,305,2415872,1600
São Paulo,114,5,3,1,0,1,0,0,11904961,6000
Rio de Janeiro,40,1,1,0,2,1,0,359,6730729,2000
São Paulo,76,1,1,1,14,0,1,1300,11904961,5015
São Paulo,170,3,5,3,7,1,1,1750,11904961,2800
Belo Horizonte,156,4,2,2,3,0,0,435,2415872,2700
Campinas,65,2,1,1,1,0,0,267,1187974,1000
Porto Alegre,67,1,1,1,3,1,0,350,1388794,840
Porto Alegre,110,3,2,1,3,0,1,790,1388794,2300
São Paulo,300,4,5,5,3,1,0,4500,11904961,8800
São Paulo,35,1,1,0,0,1,0,120,11904961,1300
Rio de Janeiro,46,2,1,0,1,1,0,352,6730729,1400
São Paulo,60,2,1,0,15,1,1,990,11904961,2500
São Paulo,170,3,2,3,0,1,0,0,11904961,5000
Rio de Janeiro,30,1,1,0,1,1,1,300,6730729,1600
Rio de Janeiro,84,2,2,1,2,0,1,900,6730729,2750
São Paulo,720,4,5,4,0,1,0,0,11904961,12000
Porto Alegre,83,2,1,0,3,1,0,230,1388794,1300
São Paulo,250,3,3,1,9,1,0,2000,11904961,6500
São Paulo,325,3,5,0,3,1,1,4285,11904961,5800
Campinas,98,1,1,1,5,1,0,730,1187974,2800
São Paulo,95,2,2,1,0,1,0,0,11904961,2400
São Paulo,380,4,4,4,7,0,0,3300,11904961,1500
Rio de Janeiro,70,2,1,0,3,1,0,730,6730729,1600
São Paulo,86,3,3,0,1,0,0,1100,11904961,2500
Belo Horizonte,367,4,3,8,0,1,1,0,2415872,4500
São Paulo,495,5,5,4,11,0,0,3100,11904961,15000
São Paulo,320,4,4,6,8,1,1,5281,11904961,15000
São Paulo,197,3,4,3,24,1,0,2000,11904961,10000
São Paulo,140,4,2,1,8,1,1,1800,11904961,2100
Rio de Janeiro,105,2,1,1,8,1,1,530,6730729,1960
São Paulo,200,3,4,4,5,1,1,1800,11904961,2953
Rio de Janeiro,88,3,2,1,11,1,0,600,6730729,1960
São Paulo,96,3,3,2,5,1,0,855,11904961,3700
São Paulo,192,3,4,4,10,0,1,2350,11904961,8500
São Paulo,110,3,4,3,3,1,0,1446,11904961,3800
Porto Alegre,43,1,1,2,3,1,1,500,1388794,2500
São Paulo,48,2,1,1,10,1,0,400,11904961,1650
São Paulo,65,2,1,0,0,0,0,0,11904961,1300
São Paulo,400,5,3,6,0,1,0,0,11904961,13950
Campinas,160,3,2,0,0,1,0,0,1187974,1600
Campinas,60,2,1,1,1,1,0,314,1187974,1000
São Paulo,110,3,2,2,10,1,0,1590,11904961,2200
Belo Horizonte,56,3,1,1,4,0,0,320,2415872,1000
Rio de Janeiro,140,3,2,2,8,1,0,1780,6730729,7500
São Paulo,150,3,2,3,0,0,0,0,11904961,2500
São Paulo,208,3,4,3,1,1,0,1900,11904961,3800
Belo Horizonte,32,1,1,0,0,0,1,550,2415872,1250
Campinas,50,1,1,1,11,1,0,1500,1187974,500
Belo Horizonte,300,5,3,4,0,1,0,0,2415872,6000
São Paulo,32,1,1,1,8,1,1,450,11904961,3250
Porto Alegre,900,5,5,2,4,1,0,2700,1388794,1000
São Paulo,40,1,1,0,0,0,0,0,11904961,850
Porto Alegre,301,3,3,4,0,1,1,0,1388794,5860
São Paulo,299,5,4,2,0,1,0,800,11904961,5600
São Paulo,131,3,2,1,8,1,0,2100,11904961,2400
Rio de Janeiro,78,2,1,1,8,1,1,615,6730729,1000
São Paulo,45,1,1,0,0,0,0,0,11904961,928
São Paulo,250,5,3,2,0,1,0,0,11904961,2960
Porto Alegre,40,1,1,0,5,1,0,320,1388794,650
Porto Alegre,40,1,1,1,8,1,0,500,1388794,2200
São Paulo,244,3,6,4,18,1,0,2600,11904961,15000
Belo Horizonte,190,2,3,0,0,1,0,0,2415872,2500
Porto Alegre,80,3,2,1,5,1,0,500,1388794,1800
São Paulo,56,1,1,1,8,1,0,2500,11904961,4600
Rio de Janeiro,53,1,1,0,2,1,0,390,6730729,1100
Belo Horizonte,243,4,4,4,7,0,0,2800,2415872,10000
Campinas,62,2,1,0,0,0,0,0,1187974,1268
Porto Alegre,110,2,2,1,2,1,0,700,1388794,1450
São Paulo,176,3,3,3,9,1,0,1950,11904961,5000
São Paulo,150,3,2,1,0,1,0,0,11904961,4500
São Paulo,190,4,4,3,11,1,1,2289,11904961,7000
Rio de Janeiro,62,2,1,0,3,1,0,839,6730729,2383
São Paulo,78,2,1,0,1,1,0,280,11904961,1520
São Paulo,330,3,6,5,0,1,1,0,11904961,7100
Rio de Janeiro,284,4,4,1,4,1,1,3010,6730729,7950
Belo Horizonte,999,6,6,6,0,1,1,0,2415872,10800
Campinas,55,1,1,0,14,1,0,600,1187974,1100
São Paulo,50,2,1,1,1,1,0,230,11904961,1520
Porto Alegre,109,4,3,1,2,1,0,680,1388794,1950
São Paulo,420,4,4,2,4,1,0,3300,11904961,13000
Porto Alegre,40,1,1,0,0,1,0,390,1388794,500
São Paulo,140,3,3,2,2,1,0,1300,11904961,2800
Belo Horizonte,400,4,5,3,10,1,0,3000,2415872,8695
São Paulo,28,1,1,1,4,0,1,537,11904961,3076
São Paulo,74,2,2,0,10,1,0,610,11904961,1650
Belo Horizonte,41,2,1,1,1,1,0,200,2415872,1100
São Paulo,76,2,1,0,2,1,0,500,11904961,2290
Belo Horizonte,233,3,3,0,13,1,0,870,2415872,1600
São Paulo,30,1,1,0,6,0,0,253,11904961,1250
São Paulo,530,4,5,6,0,1,0,0,11904961,5950
Campinas,94,3,3,2,1,1,0,750,1187974,2200
São Paulo,160,3,3,1,6,1,0,2000,11904961,4500
Rio de Janeiro,84,3,3,1,12,1,1,1500,6730729,3860
São Paulo,120,3,2,2,5,1,1,2150,11904961,4610
São Paulo,180,3,2,2,6,1,0,2192,11904961,4000
São Paulo,51,2,1,1,2,1,0,720,11904961,3700
Porto Alegre,65,1,1,0,5,1,1,300,1388794,1250
Campinas,206,3,2,3,15,1,0,1900,1187974,3910
Porto Alegre,75,3,2,1,12,1,0,330,1388794,1740
Porto Alegre,125,3,2,4,6,1,1,1000,1388794,6500
Campinas,75,3,2,2,1,1,0,1250,1187974,1600
São Paulo,96,3,1,1,5,1,1,1172,11904961,3550
Belo Horizonte,80,2,2,1,4,1,1,600,2415872,1500
Porto Alegre,45,2,1,1,4,1,0,250,1388794,1100
Campinas,68,2,1,1,2,1,0,400,1187974,1310
Porto Alegre,50,2,1,1,4,1,1,345,1388794,2750
São Paulo,200,2,4,1,0,1,0,0,11904961,15000
São Paulo,100,3,2,2,11,1,1,1239,11904961,7950
São Paulo,107,2,1,0,1,1,0,480,11904961,4950
Rio de Janeiro,60,1,2,0,10,1,1,430,6730729,2244
Rio de Janeiro,180,6,3,2,0,1,0,0,6730729,3800
São Paulo,85,3,2,2,0,1,0,100,11904961,2500
São Paulo,20,1,1,0,2,0,1,150,11904961,3142
Belo Horizonte,260,4,3,2,0,1,1,0,2415872,9700
Belo Horizonte,152,4,4,3,4,1,0,1350,2415872,4100
Rio de Janeiro,25,1,1,0,3,0,0,590,6730729,1336
São Paulo,80,2,1,1,0,1,0,0,11904961,1900
Porto Alegre,79,2,2,1,2,1,1,400,1388794,3200
São Paulo,70,2,2,1,8,0,1,1600,11904961,3440
São Paulo,92,2,2,1,6,0,0,1590,11904961,2490
Porto Alegre,68,2,1,0,10,1,0,515,1388794,1650
São Paulo,158,3,3,2,10,0,0,1995,11904961,5500
São Paulo,45,1,1,1,2,0,1,716,11904961,3300
Belo Horizonte,284,5,2,3,0,1,0,0,2415872,4500
São Paulo,500,4,6,3,0,1,0,0,11904961,15000
São Paulo,151,4,3,3,6,1,0,2061,11904961,4000
Porto Alegre,65,2,1,1,3,1,0,360,1388794,1066
São Paulo,70,2,1,0,0,1,0,100,11904961,2000
São Paulo,115,4,3,4,1,1,1,1133,11904961,7000
São Paulo,155,1,1,2,1,0,1,1952,11904961,5500
São Paulo,35,3,2,0,0,1,0,0,11904961,1600
Belo Horizonte,71,3,2,1,3,1,0,310,2415872,1150
São Paulo,48,2,1,1,7,1,0,391,11904961,1865
Porto Alegre,202,3,3,3,4,1,1,1500,1388794,7900
Porto Alegre,18,1,1,0,15,1,1,360,1388794,830
Campinas,76,3,1,1,8,0,0,484,1187974,1100
São Paulo,25,1,1,0,5,0,0,450,11904961,2070
Rio de Janeiro,68,2,1,1,4,0,1,1020,6730729,2800
Belo Horizonte,44,2,1,1,3,1,0,296,2415872,1000
Rio de Janeiro,320,3,3,2,5,1,0,3300,6730729,4800
São Paulo,180,3,2,1,4,1,0,1300,11904961,4000
São Paulo,250,3,2,2,0,1,1,0,11904961,6000
Porto Alegre,60,1,2,2,14,1,0,650,1388794,3000
Porto Alegre,180,3,2,2,0,1,0,0,1388794,5048
São Paulo,60,1,2,1,14,0,0,3800,11904961,3300
Porto Alegre,50,2,1,1,0,1,1,370,1388794,1290
São Paulo,270,4,4,0,17,0,1,2300,11904961,14000
São Paulo,479,4,5,4,0,1,1,0,11904961,9500
São Paulo,50,1,2,1,12,1,0,1100,11904961,5400
Rio de Janeiro,80,2,2,1,2,1,1,999,6730729,3000
Porto Alegre,110,3,2,0,3,1,1,550,1388794,1980
Belo Horizonte,310,4,4,3,1,0,0,360,2415872,3000
Campinas,500,4,4,3,5,0,0,5288,1187974,15000
São Paulo,256,3,3,2,0,0,0,0,11904961,5600
São Paulo,52,2,1,1,7,1,0,540,11904961,1300
Porto Alegre,44,1,1,1,2,1,0,0,1388794,1200
São Paulo,100,2,4,2,12,0,1,885,11904961,3000
Belo Horizonte,500,5,4,4,0,1,0,0,2415872,7000
São Paulo,50,1,1,1,13,1,0,550,11904961,2180
Belo Horizonte,402,4,7,4,15,0,0,2124,2415872,15000
Campinas,45,1,1,1,16,0,1,450,1187974,3900
Rio de Janeiro,40,1,1,0,2,1,0,370,6730729,830
São Paulo,35,1,1,0,8,0,0,265,11904961,1270
Rio de Janeiro,75,2,2,1,3,1,0,650,6730729,2500
São Paulo,190,3,4,4,5,1,0,3600,11904961,11000
Belo Horizonte,193,4,2,1,6,1,0,975,2415872,1800
São Paulo,90,3,2,2,15,0,0,850,11904961,2180
São Paulo,215,3,4,4,25,1,0,1740,11904961,3980
Rio de Janeiro,93,2,2,0,4,0,1,1360,6730729,3180
Campinas,50,2,1,1,3,1,0,300,1187974,1170
São Paulo,170,3,2,0,0,0,0,0,11904961,5550
Rio de Janeiro,380,4,3,2,9,1,0,3500,6730729,4000
São Paulo,150,3,3,0,0,1,0,0,11904961,2560
Rio de Janeiro,45,1,1,0,6,1,0,900,6730729,1820
Belo Horizonte,80,3,1,1,0,1,0,0,2415872,2800
São Paulo,35,1,1,0,7,0,0,465,11904961,1200
São Paulo,22,1,1,0,0,0,0,50,11904961,700
São Paulo,107,3,2,2,4,1,0,1393,11904961,3300
São Paulo,125,2,2,1,0,1,0,0,11904961,1570
Porto Alegre,80,3,2,2,5,1,0,461,1388794,2000
São Paulo,24,1,1,0,2,1,0,500,11904961,2150
São Paulo,87,3,2,3,3,1,0,914,11904961,1300
São Paulo,400,7,7,0,0,1,0,0,11904961,14000
Campinas,55,1,1,1,0,1,1,0,1187974,1100
São Paulo,48,2,1,1,3,1,0,470,11904961,1700
São Paulo,129,3,2,2,9,1,0,880,11904961,2250
Rio de Janeiro,200,3,3,0,5,1,0,850,6730729,2370
Porto Alegre,240,5,4,4,0,1,0,0,1388794,4760
São Paulo,140,3,2,3,13,1,1,1100,11904961,8000
Rio de Janeiro,30,1,1,0,8,0,0,590,6730729,850
Porto Alegre,28,1,1,1,3,1,0,330,1388794,930
São Paulo,43,1,1,0,13,1,0,250,11904961,1700
Rio de Janeiro,184,4,2,3,9,1,1,2800,6730729,2550
São Paulo,120,3,3,2,7,1,0,1350,11904961,4800
São Paulo,170,3,3,2,0,1,0,0,11904961,2750
São Paulo,77,3,2,1,5,0,1,400,11904961,2050
Porto Alegre,50,1,1,0,7,1,1,200,1388794,1300
Porto Alegre,42,1,1,0,15,1,0,350,1388794,1500
São Paulo,250,2,1,0,0,1,0,0,11904961,1500
Belo Horizonte,33,1,1,1,3,1,0,170,2415872,1600
Porto Alegre,106,3,3,2,3,1,0,637,1388794,2250
São Paulo,480,5,8,6,0,1,0,0,11904961,13200
São Paulo,74,1,1,1,17,0,1,826,11904961,6290
São Paulo,230,4,5,4,4,0,0,3500,11904961,6000
Campinas,62,2,1,0,1,1,0,440,1187974,1200
Rio de Janeiro,103,4,3,0,0,1,1,800,6730729,2150
Campinas,90,3,2,0,0,1,0,0,1187974,1590
Rio de Janeiro,15,1,1,0,11,0,1,0,6730729,1670
São Paulo,137,3,3,1,9,1,1,1200,11904961,5500
Porto Alegre,50,1,1,0,3,1,0,270,1388794,600
São Paulo,76,2,1,0,12,1,0,502,11904961,1700
São Paulo,168,4,3,3,7,1,0,1900,11904961,3500
São Paulo,148,3,3,3,13,0,1,2064,11904961,4348
Belo Horizonte,220,4,3,3,4,1,0,1500,2415872,4600
São Paulo,120,3,3,2,2,1,0,200,11904961,2039
Campinas,136,4,5,2,10,1,0,1300,1187974,3800
Rio de Janeiro,50,1,1,1,7,1,0,750,6730729,860
Porto Alegre,78,3,1,1,2,1,0,500,1388794,1200
São Paulo,42,1,1,1,4,0,0,1200,11904961,2350
São Paulo,45,1,1,0,2,0,0,0,11904961,1400
São Paulo,170,5,4,4,0,1,1,0,11904961,6000
Belo Horizonte,310,5,2,1,0,0,0,0,2415872,3500
São Paulo,170,6,5,1,0,1,0,0,11904961,3468
São Paulo,68,2,1,1,4,1,0,626,11904961,1200
São Paulo,380,4,5,5,3,1,0,4200,11904961,15000
São Paulo,62,2,1,1,1,1,1,220,11904961,1590
São Paulo,30,1,1,1,15,1,0,500,11904961,1560
Belo Horizonte,50,2,1,1,10,1,0,160,2415872,800
Belo Horizonte,20,1,1,0,1,0,0,0,2415872,500
São Paulo,63,2,2,1,0,1,0,0,11904961,1920
São Paulo,60,1,1,0,0,1,0,0,11904961,2000
São Paulo,86,3,3,0,10,1,1,1100,11904961,3000
São Paulo,100,3,2,1,3,1,0,1020,11904961,2900
São Paulo,70,2,2,1,3,1,0,1100,11904961,2850
São Paulo,42,1,1,1,11,0,1,560,11904961,3300
São Paulo,90,3,2,0,8,1,1,480,11904961,3000
Porto Alegre,73,2,3,1,2,1,0,400,1388794,1957
Porto Alegre,209,3,3,2,6,1,1,450,1388794,3500
São Paulo,200,4,3,2,5,1,0,2200,11904961,2000
Rio de Janeiro,94,2,2,2,9,1,0,918,6730729,2700
Porto Alegre,115,2,2,1,1,1,0,300,1388794,1847
Belo Horizonte,200,4,2,1,5,0,0,1800,2415872,3000
Porto Alegre,147,3,1,1,6,0,0,500,1388794,2666
São Paulo,60,1,1,1,7,1,1,1800,11904961,2000
São Paulo,200,3,3,6,0,1,0,0,11904961,6000
Rio de Janeiro,150,2,1,0,3,1,0,450,6730729,1500
São Paulo,135,2,3,2,0,1,0,0,11904961,3300
São Paulo,78,1,2,2,6,1,0,682,11904961,2300
São Paulo,124,3,3,2,0,1,0,0,11904961,4000
Porto Alegre,102,3,2,1,5,1,0,800,1388794,3000
Campinas,200,5,2,4,0,1,0,0,1187974,3200
São Paulo,150,3,2,3,0,0,0,0,11904961,3000
Rio de Janeiro,40,1,2,0,11,1,0,800,6730729,1780
São Paulo,240,3,4,4,10,0,0,1700,11904961,5000
São Paulo,102,3,3,0,7,1,0,1270,11904961,3500
São Paulo,149,3,3,2,12,0,0,2000,11904961,5400
São Paulo,300,4,2,3,0,1,0,0,11904961,7182
Belo Horizonte,75,2,2,2,6,0,1,823,2415872,4200
São Paulo,48,2,1,1,7,1,0,438,11904961,1723
Rio de Janeiro,58,2,1,0,1,0,0,515,6730729,1232
Porto Alegre,59,2,1,0,1,1,0,430,1388794,700
Rio de Janeiro,136,3,2,1,7,1,0,2300,6730729,3800
São Paulo,35,1,1,1,5,1,1,815,11904961,3200
São Paulo,103,3,2,1,7,1,0,944,11904961,4400
São Paulo,129,3,2,3,7,1,0,1190,11904961,3400
São Paulo,175,3,3,3,8,1,0,1700,11904961,3500
Campinas,96,3,2,2,6,1,1,750,1187974,3400
Rio de Janeiro,60,2,1,0,3,1,1,700,6730729,1900
São Paulo,38,1,1,1,2,1,0,335,11904961,1375
Belo Horizonte,211,3,3,3,11,0,1,900,2415872,2500
São Paulo,72,2,1,1,4,1,0,650,11904961,1000
São Paulo,440,1,2,4,0,1,0,1,11904961,9800
São Paulo,70,3,2,1,1,1,1,500,11904961,2000
São Paulo,70,1,1,4,0,1,0,0,11904961,1300
São Paulo,53,2,2,1,7,1,0,412,11904961,1500
São Paulo,161,2,2,3,3,1,0,2500,11904961,4800
São Paulo,180,3,3,1,3,1,0,2200,11904961,3100
Porto Alegre,260,2,5,4,0,1,0,0,1388794,4500
Belo Horizonte,60,2,1,1,0,0,0,0,2415872,1150
São Paulo,120,1,2,2,16,1,1,1000,11904961,9000
Porto Alegre,36,1,1,0,6,0,0,375,1388794,630
Belo Horizonte,278,4,4,4,6,1,0,2400,2415872,12000
São Paulo,30,1,1,0,1,1,1,350,11904961,3300
São Paulo,300,4,3,3,0,1,0,0,11904961,4000
Campinas,48,2,1,1,4,1,0,288,1187974,820
São Paulo,524,4,5,3,0,1,1,0,11904961,11050
São Paulo,94,3,2,3,5,1,0,820,11904961,2200
São Paulo,320,4,6,4,4,1,0,5400,11904961,15000
São Paulo,51,2,1,1,9,1,0,450,11904961,2500
São Paulo,78,2,2,1,2,1,1,1250,11904961,7250
Rio de Janeiro,40,1,1,0,7,1,0,600,6730729,1080
São Paulo,360,4,4,3,0,0,0,0,11904961,8000
Porto Alegre,47,1,1,1,19,0,0,650,1388794,2630
São Paulo,45,2,1,1,2,1,0,280,11904961,1650
Belo Horizonte,30,1,1,0,1,1,0,100,2415872,550
Rio de Janeiro,235,4,3,1,8,0,1,2500,6730729,5950
São Paulo,142,3,4,3,21,0,0,2000,11904961,5440
São Paulo,75,2,1,1,2,1,0,400,11904961,3400
Rio de Janeiro,117,3,1,1,2,0,0,200,6730729,3700
São Paulo,280,3,3,5,0,1,0,0,11904961,3500
São Paulo,380,4,4,5,6,1,0,6000,11904961,10000
São Paulo,133,3,3,2,19,1,1,2900,11904961,14000
Porto Alegre,83,2,2,1,7,1,0,450,1388794,1400
São Paulo,93,2,2,1,11,1,1,2400,11904961,3450
São Paulo,178,3,2,3,8,1,0,1000,11904961,4250
São Paulo,53,2,1,1,1,1,0,550,11904961,1250
São Paulo,165,3,3,3,2,1,0,1660,11904961,2700
São Paulo,50,2,1,1,14,0,0,450,11904961,1900
São Paulo,100,2,1,2,0,1,0,0,11904961,3200
São Paulo,70,2,2,1,0,1,0,0,11904961,2400
São Paulo,250,3,4,5,0,1,0,0,11904961,4000
Campinas,55,1,1,1,6,1,0,640,1187974,700
Belo Horizonte,294,3,4,4,15,1,0,1832,2415872,3600
Porto Alegre,56,2,1,1,2,1,0,350,1388794,800
São Paulo,220,3,4,4,22,1,0,2300,11904961,8000
Rio de Janeiro,44,1,1,0,5,1,0,860,6730729,1000
Rio de Janeiro,80,2,2,1,2,1,1,650,6730729,2200
São Paulo,70,2,2,1,6,1,0,665,11904961,2000
São Paulo,368,4,6,6,3,1,0,4448,11904961,7500
São Paulo,35,1,1,0,6,1,1,420,11904961,1660
São Paulo,292,4,4,4,29,1,0,1700,11904961,5000
Campinas,470,4,4,4,15,1,0,3800,1187974,11000
Porto Alegre,68,2,2,2,4,1,0,350,1388794,1700
Porto Alegre,83,2,2,2,3,1,0,340,1388794,1900
Belo Horizonte,70,2,2,1,4,0,1,1355,2415872,4700
Rio de Janeiro,300,3,4,2,5,1,0,3500,6730729,13000
São Paulo,62,1,1,0,8,1,0,670,11904961,2792
São Paulo,75,3,2,1,21,1,0,501,11904961,2900
São Paulo,75,3,1,1,0,1,0,0,11904961,2470
São Paulo,72,3,2,1,12,1,0,880,11904961,1830
São Paulo,160,3,3,4,3,1,0,2300,11904961,5000
São Paulo,150,3,4,2,0,0,0,0,11904961,3400
São Paulo,224,4,4,3,2,1,1,2900,11904961,9350
São Paulo,540,4,3,5,0,1,1,1900,11904961,14000
Rio de Janeiro,50,2,1,1,11,1,0,420,6730729,1600
Rio de Janeiro,80,2,2,1,5,1,0,928,6730729,1400
Belo Horizonte,190,3,2,2,6,1,0,1500,2415872,4850
São Paulo,160,3,2,2,1,1,0,1515,11904961,2900
Porto Alegre,92,3,1,0,1,1,0,600,1388794,1800
São Paulo,30,1,1,0,1,1,0,0,11904961,1550
Belo Horizonte,268,4,4,3,3,1,0,700,2415872,2700
São Paulo,40,1,1,0,9,1,0,299,11904961,1300
Rio de Janeiro,186,3,1,0,10,1,0,1500,6730729,1500
São Paulo,100,2,2,1,0,1,0,0,11904961,4800
São Paulo,120,3,4,2,15,0,0,2011,11904961,4009
São Paulo,160,2,3,2,0,1,0,1950,11904961,14000
São Paulo,224,4,5,2,0,1,0,0,11904961,3800
São Paulo,33,2,1,0,12,1,0,260,11904961,2000
São Paulo,360,4,5,4,0,0,1,0,11904961,10000
Porto Alegre,444,3,6,4,3,1,0,3000,1388794,4500
São Paulo,93,3,2,2,7,1,0,750,11904961,2200
São Paulo,49,1,2,0,1,1,0,0,11904961,1300
São Paulo,90,1,1,1,1,1,0,200,11904961,1300
Porto Alegre,96,3,2,2,4,1,1,730,1388794,3298
Porto Alegre,98,2,2,0,2,0,0,475,1388794,1600
São Paulo,240,3,4,3,0,1,0,0,11904961,6000
Belo Horizonte,45,2,1,1,4,1,0,200,2415872,850
Campinas,50,2,1,1,1,1,0,0,1187974,800
Rio de Janeiro,160,3,2,1,4,1,0,1910,6730729,4500
Porto Alegre,67,3,2,1,3,1,0,350,1388794,1230
Belo Horizonte,205,4,2,4,0,1,0,0,2415872,3990
São Paulo,25,1,1,0,0,0,0,0,11904961,600
São Paulo,167,3,3,3,19,1,1,1500,11904961,2800
Campinas,50,1,1,1,1,1,0,650,1187974,900
São Paulo,104,2,2,2,8,1,0,1800,11904961,4150
Porto Alegre,40,1,1,1,4,1,0,200,1388794,650
Belo Horizonte,135,4,2,1,2,1,0,600,2415872,2200
São Paulo,210,3,2,2,0,1,0,0,11904961,2780
Campinas,70,2,1,1,7,1,0,700,1187974,1300
São Paulo,200,3,3,1,5,1,0,1750,11904961,3200
São Paulo,300,4,4,4,1,1,0,1700,11904961,2500
Rio de Janeiro,155,4,3,1,3,0,1,1450,6730729,8600
São Paulo,281,4,4,8,0,1,1,0,11904961,10000
São Paulo,23,1,1,0,23,1,0,383,11904961,2050
São Paulo,80,1,1,1,5,1,1,1,11904961,7200
Porto Alegre,99,3,2,0,3,1,0,1450,1388794,1088
São Paulo,239,3,3,3,0,1,0,0,11904961,7000
São Paulo,356,3,4,4,0,0,0,1900,11904961,9000
São Paulo,350,5,5,3,0,0,1,2300,11904961,10580
São Paulo,270,4,5,4,23,1,0,3550,11904961,12000
São Paulo,200,4,4,1,1,0,0,3200,11904961,3800
São Paulo,124,3,3,3,15,1,0,1560,11904961,3670
São Paulo,202,3,4,3,8,1,1,2500,11904961,10250
São Paulo,40,1,1,0,2,1,0,1200,11904961,3000
São Paulo,230,2,2,3,10,1,0,2700,11904961,2550
Porto Alegre,45,1,1,1,4,1,0,300,1388794,595
São Paulo,340,4,4,0,0,1,0,0,11904961,4000
São Paulo,342,5,6,5,0,0,0,0,11904961,6000
São Paulo,93,2,2,2,2,1,1,1166,11904961,5500
São Paulo,174,3,4,3,15,0,0,2500,11904961,10400
Rio de Janeiro,95,2,3,2,6,1,0,1300,6730729,2000
São Paulo,104,2,2,2,4,0,1,930,11904961,3100
São Paulo,65,1,1,1,9,0,0,1000,11904961,2500
São Paulo,90,1,1,0,0,1,0,0,11904961,2200
Rio de Janeiro,104,3,2,1,6,1,0,990,6730729,2500
São Paulo,78,2,2,2,12,1,0,450,11904961,2700
São Paulo,140,3,2,2,0,1,0,0,11904961,3200
São Paulo,50,2,2,1,10,1,0,380,11904961,1900
São Paulo,270,4,3,3,0,1,0,0,11904961,10900
Rio de Janeiro,131,2,1,0,6,1,0,600,6730729,790
Porto Alegre,69,2,2,1,0,1,1,573,1388794,1500
São Paulo,630,4,6,4,0,0,0,0,11904961,12300
São Paulo,140,3,3,2,10,1,0,2000,11904961,5100
São Paulo,255,3,4,4,9,1,1,1650,11904961,5000
São Paulo,187,4,3,2,7,1,0,2269,11904961,5430
Porto Alegre,120,3,2,1,2,1,0,0,1388794,1020
São Paulo,190,3,3,1,3,1,0,2150,11904961,6300
São Paulo,16,1,1,0,1,0,0,0,11904961,980
São Paulo,92,2,1,1,11,0,0,0,11904961,6860
São Paulo,56,3,1,0,11,1,1,296,11904961,1900
Belo Horizonte,58,1,2,2,7,1,0,304,2415872,1400
São Paulo,45,2,1,1,12,1,0,270,11904961,1620
Rio de Janeiro,70,2,2,1,3,1,0,690,6730729,850
Belo Horizonte,125,3,3,1,5,1,0,745,2415872,2100
São Paulo,79,3,2,0,2,1,1,493,11904961,1250
Campinas,62,2,2,2,7,1,0,600,1187974,1900
Campinas,55,1,1,0,7,1,0,480,1187974,1200
São Paulo,84,2,2,0,12,1,0,747,11904961,1500
Campinas,58,2,2,2,15,1,0,400,1187974,2200
São Paulo,80,2,1,0,0,0,0,0,11904961,1400
São Paulo,196,4,4,5,12,1,0,4600,11904961,12500
São Paulo,326,3,4,4,12,1,0,2808,11904961,6500
Belo Horizonte,54,2,1,2,2,1,0,114,2415872,900
Porto Alegre,62,1,1,0,3,1,0,150,1388794,900
São Paulo,72,2,1,1,2,0,1,510,11904961,1350
São Paulo,156,3,2,2,10,1,0,2322,11904961,7500
São Paulo,250,3,2,8,0,1,0,0,11904961,6500
São Paulo,45,1,1,1,3,1,1,900,11904961,2450
São Paulo,200,4,4,3,2,1,1,3700,11904961,5000
Belo Horizonte,131,3,2,3,3,1,1,586,2415872,2750
São Paulo,55,1,1,1,9,0,1,1400,11904961,2860
São Paulo,118,3,2,2,7,1,1,1880,11904961,8500
São Paulo,300,3,4,1,0,1,0,0,11904961,4500
São Paulo,45,1,1,1,13,1,0,606,11904961,2500
Belo Horizonte,372,3,4,3,0,1,0,0,2415872,5500
São Paulo,55,1,1,1,6,0,1,642,11904961,1600
Campinas,55,2,1,1,1,1,0,350,1187974,1397
São Paulo,46,2,1,0,8,0,0,2000,11904961,1230
São Paulo,24,1,1,1,0,0,0,0,11904961,1310
São Paulo,52,2,1,1,4,1,0,0,11904961,1450
São Paulo,180,4,3,2,5,1,0,2650,11904961,5500
São Paulo,97,3,2,2,6,1,0,1055,11904961,1950
São Paulo,200,3,2,4,0,1,0,0,11904961,3500
São Paulo,67,2,2,2,12,1,1,620,11904961,5000
Porto Alegre,101,2,1,2,2,1,0,750,1388794,1600
Belo Horizonte,240,4,4,3,5,1,0,0,2415872,4600
São Paulo,250,6,2,2,0,1,0,0,11904961,2472
Campinas,94,3,1,0,6,1,0,710,1187974,1000
São Paulo,50,1,1,0,5,1,1,415,11904961,2000
Porto Alegre,74,2,2,2,5,1,0,600,1388794,2500
Campinas,105,2,1,1,5,1,0,900,1187974,1400
Porto Alegre,38,1,1,0,1,0,1,300,1388794,1600
São Paulo,50,2,1,1,2,1,0,420,11904961,1150
São Paulo,54,1,1,1,13,1,1,612,11904961,2538
Rio de Janeiro,38,1,1,0,6,1,0,375,6730729,1290
Campinas,115,3,2,2,4,1,0,570,1187974,1948
Belo Horizonte,70,2,1,1,3,1,0,150,2415872,1100
Rio de Janeiro,102,3,4,3,3,1,1,2000,6730729,5800
Porto Alegre,42,2,1,0,2,1,0,280,1388794,790
São Paulo,70,2,2,1,1,0,0,280,11904961,1000
São Paulo,52,2,1,0,7,1,0,616,11904961,1200
São Paulo,800,4,5,8,0,1,0,0,11904961,12000
São Paulo,40,1,1,1,5,1,0,350,11904961,1780
São Paulo,74,3,2,1,6,1,0,995,11904961,3000
Campinas,110,2,2,0,18,1,1,960,1187974,4200
Campinas,56,1,1,1,18,1,0,616,1187974,800
Porto Alegre,46,1,1,1,1,1,0,190,1388794,1300
São Paulo,125,3,3,1,9,1,0,674,11904961,2000
Belo Horizonte,224,4,4,4,1,1,1,2285,2415872,8500
São Paulo,58,1,2,1,1,0,1,830,11904961,4800
São Paulo,400,6,6,8,15,1,1,3000,11904961,4335
São Paulo,58,1,1,1,17,1,0,610,11904961,1600
São Paulo,52,1,1,0,3,1,1,425,11904961,3300
Porto Alegre,82,3,1,2,3,1,0,400,1388794,800
Belo Horizonte,180,4,3,4,9,1,0,2477,2415872,4550
São Paulo,58,2,2,1,2,1,0,940,11904961,1383
Belo Horizonte,600,5,3,6,0,1,0,0,2415872,15000
Porto Alegre,59,2,2,1,2,0,0,470,1388794,1250
São Paulo,280,3,5,2,0,1,0,0,11904961,7000
Porto Alegre,275,5,2,4,0,1,0,0,1388794,3200
Porto Alegre,58,2,1,2,8,1,1,500,1388794,2100
São Paulo,170,3,2,2,4,1,1,1970,11904961,9000
São Paulo,16,1,1,0,1,0,0,0,11904961,850
Rio de Janeiro,192,3,2,1,0,1,0,0,6730729,4500
São Paulo,196,2,3,3,8,1,0,3210,11904961,5500
São Paulo,45,1,1,1,3,0,1,800,11904961,4000
São Paulo,40,1,1,0,3,1,0,300,11904961,1100
São Paulo,289,3,3,2,6,0,0,2850,11904961,15000
Campinas,73,3,2,2,6,0,0,812,1187974,1500
São Paulo,65,3,1,1,6,1,1,550,11904961,1900
São Paulo,25,1,1,0,3,0,0,327,11904961,1178
São Paulo,68,1,1,1,12,1,1,4240,11904961,6000
São Paulo,512,4,6,5,8,1,1,7774,11904961,3500
São Paulo,100,3,3,2,7,1,1,1058,11904961,3310
São Paulo,41,1,1,1,3,1,1,534,11904961,2800
Rio de Janeiro,80,3,2,0,7,1,0,950,6730729,2720
São Paulo,53,1,1,0,3,0,0,170,11904961,1680
Belo Horizonte,52,2,1,1,5,1,1,253,2415872,1375
Belo Horizonte,130,3,2,2,4,1,0,930,2415872,2200
São Paulo,87,3,2,0,14,0,1,1078,11904961,3500
Campinas,55,2,1,1,3,1,0,344,1187974,950
Porto Alegre,68,1,1,1,1,0,1,445,1388794,1300
São Paulo,230,3,4,4,12,0,0,2200,11904961,6500
Porto Alegre,75,3,2,1,5,1,0,441,1388794,1510
São Paulo,50,2,1,0,2,0,0,1000,11904961,1000
São Paulo,465,4,4,4,3,1,0,4500,11904961,6500
Campinas,346,5,5,2,0,1,0,0,1187974,3800
Campinas,113,3,3,2,4,1,0,1000,1187974,3804
Rio de Janeiro,75,1,2,1,3,1,0,1600,6730729,4300
São Paulo,125,3,3,2,2,1,0,2250,11904961,3250
São Paulo,35,1,1,0,1,0,0,0,11904961,1230
São Paulo,34,1,1,0,9,1,0,310,11904961,4600
São Paulo,200,5,2,3,0,1,0,0,11904961,4800
São Paulo,215,4,4,3,6,1,0,3800,11904961,3400
São Paulo,92,3,2,2,7,1,0,880,11904961,3100
Belo Horizonte,70,3,2,1,2,1,0,500,2415872,1250
São Paulo,61,2,1,0,1,0,0,230,11904961,1220
São Paulo,37,1,1,0,6,1,0,555,11904961,1100
Rio de Janeiro,30,1,1,0,8,1,0,0,6730729,2600
Belo Horizonte,65,3,1,1,2,1,0,220,2415872,850
Porto Alegre,40,1,1,0,2,1,1,0,1388794,1630
Porto Alegre,52,2,1,1,1,0,0,205,1388794,750
São Paulo,39,1,1,1,15,1,1,356,11904961,2200
São Paulo,350,3,3,8,0,1,0,0,11904961,9240
Rio de Janeiro,70,2,1,0,10,0,1,800,6730729,2900
Campinas,140,3,3,2,8,1,0,1100,1187974,2330
São Paulo,70,2,1,0,0,1,0,0,11904961,999
Belo Horizonte,60,1,2,1,7,1,0,2200,2415872,2200
São Paulo,100,3,1,0,6,1,1,805,11904961,3900
Porto Alegre,53,2,1,0,3,1,0,234,1388794,1560
São Paulo,170,2,3,3,6,0,1,2500,11904961,5950
Porto Alegre,270,3,2,2,0,1,0,0,1388794,2350
São Paulo,68,2,2,1,14,1,0,600,11904961,4900
São Paulo,58,2,2,2,10,1,0,770,11904961,1450
Campinas,73,3,2,1,9,1,0,635,1187974,1600
São Paulo,20,1,1,0,3,1,1,602,11904961,1800
Porto Alegre,60,2,1,1,2,1,0,310,1388794,950
São Paulo,65,3,2,0,2,1,1,1000,11904961,3200
Belo Horizonte,32,1,1,0,0,0,1,550,2415872,1300
Rio de Janeiro,80,2,2,0,8,1,1,650,6730729,1700
Porto Alegre,50,1,1,0,1,1,0,0,1388794,650
São Paulo,65,2,2,1,3,1,0,650,11904961,2800
Porto Alegre,129,2,2,2,9,1,1,1200,1388794,6800
São Paulo,145,2,2,1,3,1,1,670,11904961,4300
Campinas,48,1,1,1,6,0,0,565,1187974,736
São Paulo,38,1,1,1,12,1,1,580,11904961,2000
Belo Horizonte,520,5,5,2,15,0,0,1870,2415872,15000
Belo Horizonte,184,3,3,1,2,1,0,400,2415872,1200
São Paulo,130,2,3,2,4,0,0,1600,11904961,4000
Rio de Janeiro,26,1,1,0,10,1,0,963,6730729,1500
São Paulo,350,7,4,2,0,0,0,0,11904961,8000
Porto Alegre,38,1,1,0,15,1,0,210,1388794,1300
Porto Alegre,194,2,3,0,3,1,0,700,1388794,3310
São Paulo,160,3,3,2,1,1,1,1990,11904961,12650
Belo Horizonte,32,1,1,1,9,1,0,197,2415872,1500
Rio de Janeiro,175,4,1,0,0,1,0,0,6730729,2146
São Paulo,26,1,1,1,9,1,1,1570,11904961,1700
Campinas,66,2,1,1,0,1,1,340,1187974,1050
São Paulo,83,3,2,1,9,0,1,805,11904961,3300
São Paulo,50,1,1,0,3,1,0,360,11904961,2800
São Paulo,400,3,6,3,0,1,0,0,11904961,4780
São Paulo,30,1,1,1,3,1,1,700,11904961,3300
São Paulo,92,3,2,1,3,1,0,1500,11904961,2000
Belo Horizonte,156,7,2,1,3,1,0,350,2415872,2200
São Paulo,150,3,4,3,4,1,0,2080,11904961,1980
Rio de Janeiro,25,1,1,0,4,1,0,50,6730729,550
Rio de Janeiro,60,2,1,1,14,1,0,742,6730729,1450
São Paulo,40,1,1,1,3,0,1,600,11904961,2300
São Paulo,180,4,4,2,2,1,0,2600,11904961,2000
São Paulo,230,3,2,3,0,0,0,0,11904961,4500
São Paulo,70,2,2,0,6,1,0,900,11904961,1850
São Paulo,70,1,2,1,0,1,0,0,11904961,1500
São Paulo,380,4,4,2,0,1,0,0,11904961,5500
Porto Alegre,80,2,2,2,21,1,0,1380,1388794,3670
Campinas,66,2,2,1,2,0,1,536,1187974,2270
São Paulo,86,2,1,1,5,1,0,995,11904961,2500
Porto Alegre,80,3,2,1,2,1,0,200,1388794,1739
Porto Alegre,84,3,2,1,1,1,0,750,1388794,1600
São Paulo,262,3,5,3,4,1,0,2130,11904961,5525
Belo Horizonte,90,3,1,1,1,1,0,277,2415872,1430
Belo Horizonte,160,3,3,3,0,0,0,0,2415872,4500
São Paulo,58,2,2,1,14,1,0,480,11904961,2100
São Paulo,165,3,3,2,3,1,1,1663,11904961,6000
São Paulo,48,1,1,0,5,1,0,650,11904961,1490
São Paulo,112,3,2,3,0,1,0,0,11904961,3300
São Paulo,110,3,2,2,11,1,0,1179,11904961,3500
Belo Horizonte,72,2,2,2,14,1,0,568,2415872,5300
Belo Horizonte,150,3,1,1,4,1,0,250,2415872,780
São Paulo,65,3,2,1,15,0,0,500,11904961,1900
Porto Alegre,90,3,1,1,3,1,0,350,1388794,1550
Porto Alegre,66,2,2,0,4,1,0,250,1388794,1600
São Paulo,117,2,3,3,15,1,0,1500,11904961,9000
Rio de Janeiro,80,3,2,0,1,0,0,978,6730729,2870
Rio de Janeiro,64,2,1,0,3,1,0,210,6730729,900
São Paulo,64,1,1,0,9,1,0,500,11904961,1750
São Paulo,55,1,1,0,0,1,0,0,11904961,1650
Porto Alegre,70,2,1,1,11,1,0,400,1388794,1350
São Paulo,126,3,4,1,3,1,0,1980,11904961,4000
São Paulo,480,4,5,3,0,1,0,0,11904961,15000
Belo Horizonte,97,3,3,1,1,0,0,320,2415872,1300
Porto Alegre,76,2,2,1,3,1,0,250,1388794,2200
Rio de Janeiro,102,3,1,1,5,1,0,1897,6730729,1500
Belo Horizonte,200,4,3,2,0,1,0,0,2415872,5700
São Paulo,38,1,1,0,0,1,1,150,11904961,1900
São Paulo,400,4,5,3,3,1,1,4670,11904961,6000
São Paulo,200,3,1,2,0,1,0,0,11904961,3000
Belo Horizonte,80,3,2,0,5,0,0,280,2415872,1500
Campinas,80,3,1,4,0,1,0,0,1187974,5500
Belo Horizonte,200,4,3,2,0,1,0,0,2415872,14500
São Paulo,36,1,1,0,8,0,0,284,11904961,1650
São Paulo,151,3,3,3,1,1,1,1800,11904961,3950
São Paulo,49,2,2,1,5,1,0,432,11904961,2400
São Paulo,51,1,1,0,9,1,0,367,11904961,1700
Porto Alegre,80,3,2,1,6,0,0,557,1388794,2700
Campinas,55,2,1,1,1,1,0,422,1187974,870
São Paulo,110,2,2,1,1,1,0,550,11904961,2700
Belo Horizonte,30,1,1,1,2,0,1,0,2415872,860
Campinas,60,2,1,1,3,1,0,200,1187974,1100
São Paulo,830,2,2,2,0,1,0,0,11904961,2001
São Paulo,140,3,2,2,23,0,1,900,11904961,5000
Belo Horizonte,70,3,1,1,1,0,0,190,2415872,1150
São Paulo,140,3,2,0,2,1,0,2450,11904961,7000
Rio de Janeiro,90,2,2,0,13,0,1,1002,6730729,6000
Rio de Janeiro,85,3,2,1,8,1,0,770,6730729,2300
Rio de Janeiro,150,3,3,1,1,0,0,2400,6730729,4000
Rio de Janeiro,70,2,1,0,2,0,0,150,6730729,950
São Paulo,205,3,3,4,8,1,1,2700,11904961,8500
Belo Horizonte,167,4,3,3,4,0,0,500,2415872,5140
Porto Alegre,63,2,2,1,13,1,0,480,1388794,2000
Rio de Janeiro,18,1,1,0,14,0,0,521,6730729,1040
Rio de Janeiro,187,2,3,3,14,1,0,1600,6730729,3100
São Paulo,79,3,2,2,3,1,0,995,11904961,2200
Porto Alegre,44,1,1,0,5,1,0,350,1388794,769
São Paulo,90,2,3,1,2,1,0,574,11904961,2100
São Paulo,220,4,2,1,2,0,0,1340,11904961,6000
Campinas,100,2,1,0,16,1,0,550,1187974,900
São Paulo,120,3,4,3,4,1,0,1300,11904961,4440
Belo Horizonte,180,4,3,3,10,1,0,2397,2415872,4500
Rio de Janeiro,253,4,3,1,5,1,0,2000,6730729,3000
São Paulo,50,2,1,0,0,0,0,0,11904961,900
Belo Horizonte,120,2,3,1,4,1,0,350,2415872,1800
São Paulo,220,4,2,2,3,0,0,2560,11904961,8000
São Paulo,140,2,1,0,13,1,0,900,11904961,2200
Rio de Janeiro,180,4,2,2,3,0,0,2043,6730729,7500
São Paulo,170,3,5,3,7,0,0,2091,11904961,4500
São Paulo,250,5,3,6,0,1,0,0,11904961,15000
Rio de Janeiro,70,1,2,1,3,1,0,1200,6730729,2200
Rio de Janeiro,60,1,1,0,1,1,0,350,6730729,1000
São Paulo,380,4,2,6,0,1,0,0,11904961,9800
São Paulo,32,1,1,1,3,0,1,480,11904961,2150
Porto Alegre,116,3,2,2,4,1,0,670,1388794,3400
Rio de Janeiro,19,1,1,0,3,1,0,310,6730729,500
Campinas,140,3,2,1,5,1,0,980,1187974,2000
São Paulo,500,4,3,5,0,0,1,0,11904961,12000
Porto Alegre,80,2,1,0,0,1,0,0,1388794,950
Rio de Janeiro,64,2,1,0,0,0,0,0,6730729,1700
São Paulo,20,1,1,0,0,1,1,0,11904961,2060
São Paulo,237,4,4,4,4,1,0,3100,11904961,4990
São Paulo,190,4,4,3,17,1,0,2263,11904961,6000
Rio de Janeiro,28,1,1,0,2,1,0,200,6730729,1600
Campinas,46,2,1,1,3,0,0,250,1187974,1100
Porto Alegre,120,3,2,2,2,0,0,600,1388794,2000
São Paulo,76,2,1,1,0,1,0,0,11904961,2000
São Paulo,142,3,2,1,14,1,0,1950,11904961,8500
Rio de Janeiro,296,3,2,1,12,1,0,1400,6730729,13500
Belo Horizonte,365,4,6,6,0,1,0,490,2415872,13000
Rio de Janeiro,125,4,2,2,2,0,0,1676,6730729,4500
Campinas,55,2,1,1,2,1,0,450,1187974,1550
São Paulo,400,6,4,3,0,1,0,0,11904961,3999
São Paulo,50,1,1,0,0,1,1,464,11904961,1190
São Paulo,36,1,1,0,6,1,0,423,11904961,2680
Porto Alegre,48,1,1,1,12,1,1,950,1388794,2500
Porto Alegre,38,1,1,0,6,1,1,530,1388794,850
Porto Alegre,94,1,1,1,2,1,0,700,1388794,4800
São Paulo,49,2,1,1,10,0,0,513,11904961,1890
Rio de Janeiro,60,2,1,1,2,1,0,300,6730729,1300
Campinas,70,2,3,1,7,1,0,1196,1187974,2004
São Paulo,75,3,2,1,16,1,0,670,11904961,1539
São Paulo,54,1,1,0,8,1,1,500,11904961,3949
São Paulo,50,1,1,0,11,1,1,370,11904961,3398
Rio de Janeiro,81,2,3,2,7,0,1,1010,6730729,5500
São Paulo,750,4,6,2,0,1,0,0,11904961,15000
São Paulo,100,2,3,2,9,1,0,0,11904961,12960
São Paulo,49,1,1,1,1,0,0,545,11904961,1200
São Paulo,20,1,1,0,1,0,0,0,11904961,1000
Rio de Janeiro,80,2,1,0,3,1,0,871,6730729,600
Rio de Janeiro,156,3,2,3,9,1,0,1200,6730729,2200
São Paulo,287,3,3,4,0,1,0,900,11904961,4477
Belo Horizonte,130,4,4,3,16,0,0,1778,2415872,5200
Porto Alegre,302,4,4,3,2,1,0,2100,1388794,8973
São Paulo,35,1,1,0,5,0,0,400,11904961,1740
São Paulo,90,2,1,0,1,1,0,255,11904961,1990
São Paulo,81,2,1,1,4,0,0,1121,11904961,3910
Rio de Janeiro,40,2,1,0,2,1,0,480,6730729,1417
São Paulo,60,2,1,1,4,1,0,750,11904961,1841
Rio de Janeiro,25,1,1,0,11,0,1,350,6730729,2928
São Paulo,700,5,7,5,0,1,0,0,11904961,15000
São Paulo,237,3,5,3,8,1,1,2200,11904961,5500
São Paulo,162,2,2,1,13,1,0,1804,11904961,5000
São Paulo,190,4,3,2,0,0,1,0,11904961,8311
Campinas,46,1,1,0,5,1,1,1300,1187974,1950
São Paulo,172,3,4,3,1,1,0,1596,11904961,8000
São Paulo,236,4,5,5,5,1,0,2827,11904961,5000
São Paulo,100,3,1,2,0,0,0,0,11904961,1600
Belo Horizonte,80,1,1,0,11,1,0,350,2415872,1000
São Paulo,335,3,4,4,0,1,1,0,11904961,6200
São Paulo,190,3,2,1,0,1,0,0,11904961,4100
Rio de Janeiro,207,4,3,1,5,1,0,1500,6730729,4240
Porto Alegre,72,2,2,1,3,1,1,300,1388794,2000
Porto Alegre,102,3,2,1,9,1,1,1050,1388794,4000
São Paulo,50,1,1,0,0,0,0,0,11904961,880
São Paulo,150,3,4,0,4,1,0,1200,11904961,5900
Belo Horizonte,220,4,3,2,2,1,0,1200,2415872,3500
São Paulo,150,3,3,1,9,1,0,1700,11904961,13000
Rio de Janeiro,110,3,2,1,2,1,0,800,6730729,2100
São Paulo,300,4,4,4,19,1,1,2800,11904961,9000
Porto Alegre,29,1,1,0,2,1,0,148,1388794,1380
São Paulo,40,1,1,0,5,1,0,578,11904961,2300
São Paulo,500,4,5,3,0,0,1,550,11904961,13500
São Paulo,45,1,1,1,2,1,0,565,11904961,2300
Rio de Janeiro,75,2,2,1,8,1,0,684,6730729,1800
São Paulo,80,2,2,1,9,1,1,767,11904961,3200
Porto Alegre,65,2,1,0,5,1,0,550,1388794,850
São Paulo,400,5,5,4,0,1,1,3200,11904961,6141
São Paulo,49,1,1,2,8,1,1,2000,11904961,8000
São Paulo,70,2,1,0,12,1,1,715,11904961,2100
São Paulo,130,4,2,6,0,1,0,0,11904961,6100
São Paulo,146,3,4,3,4,1,0,2100,11904961,6000
Porto Alegre,64,2,1,0,7,1,1,650,1388794,2000
São Paulo,63,3,2,1,8,1,0,440,11904961,3300
Belo Horizonte,46,2,1,1,2,1,0,300,2415872,850
São Paulo,90,2,1,0,0,1,0,0,11904961,1199
São Paulo,573,4,5,7,0,1,1,0,11904961,14000
São Paulo,38,1,1,0,6,1,0,0,11904961,1680
Belo Horizonte,70,2,1,1,4,1,1,600,2415872,1500
Belo Horizonte,23,1,1,0,2,0,0,210,2415872,950
São Paulo,84,2,2,1,0,1,0,0,11904961,2000
Rio de Janeiro,40,1,1,1,11,0,1,575,6730729,2500
São Paulo,1600,4,5,12,0,1,0,1,11904961,6900
Belo Horizonte,200,5,3,2,0,1,0,0,2415872,2300
São Paulo,100,3,2,0,0,1,0,0,11904961,3000
Porto Alegre,69,2,2,0,3,1,0,334,1388794,1500
São Paulo,92,3,2,2,4,1,0,0,11904961,2800
São Paulo,120,3,2,4,8,1,0,1365,11904961,4500
Belo Horizonte,90,3,2,2,7,0,0,1080,2415872,2500
São Paulo,53,2,1,1,8,1,1,720,11904961,3250
São Paulo,300,3,3,4,0,1,0,1,11904961,3700
São Paulo,65,2,2,2,21,1,0,650,11904961,3200
Belo Horizonte,269,4,3,2,0,1,0,0,2415872,4900
Campinas,130,3,2,1,7,1,0,1000,1187974,2500
São Paulo,248,3,4,4,9,1,0,4094,11904961,5500
Belo Horizonte,45,1,1,1,6,0,0,251,2415872,1300
São Paulo,130,3,1,2,0,1,0,0,11904961,3800
Porto Alegre,75,2,1,0,10,1,0,600,1388794,1100
Rio de Janeiro,250,2,4,8,0,1,0,0,6730729,4500
São Paulo,35,1,1,1,7,1,1,715,11904961,2370
Rio de Janeiro,130,3,3,1,13,1,0,1510,6730729,2700
São Paulo,30,1,1,0,6,1,1,450,11904961,1700
São Paulo,200,3,4,3,8,1,0,1700,11904961,6800
São Paulo,40,1,1,0,1,1,0,0,11904961,900
Rio de Janeiro,113,3,1,0,3,1,1,1500,6730729,4000
Rio de Janeiro,100,2,2,2,4,1,0,1439,6730729,5500
São Paulo,52,2,1,1,9,1,0,480,11904961,1150
São Paulo,34,1,1,1,4,0,0,475,11904961,2200
São Paulo,73,3,2,3,2,1,0,1100,11904961,1250
Belo Horizonte,210,4,5,3,4,1,0,1635,2415872,5200
Campinas,219,4,5,2,4,1,1,1954,1187974,3800
Belo Horizonte,70,3,2,1,4,1,0,370,2415872,1600
Porto Alegre,65,1,2,2,3,1,0,500,1388794,2500
São Paulo,52,1,1,0,3,0,1,218,11904961,2585
Campinas,80,2,1,1,6,0,0,498,1187974,1000
Rio de Janeiro,74,2,1,1,10,1,0,701,6730729,1768
São Paulo,35,1,1,1,11,1,0,470,11904961,2500
Porto Alegre,193,4,3,4,0,1,1,0,1388794,4000
São Paulo,50,1,1,0,0,1,0,0,11904961,700
Rio de Janeiro,55,2,2,1,5,0,0,720,6730729,850
Campinas,44,1,1,0,8,1,1,310,1187974,770
São Paulo,68,2,1,1,9,1,0,706,11904961,1700
Belo Horizonte,300,3,2,1,2,1,0,600,2415872,2300
Belo Horizonte,70,1,1,0,0,1,0,0,2415872,800
São Paulo,300,4,4,2,0,1,0,0,11904961,8500
Belo Horizonte,203,4,3,3,11,0,0,2500,2415872,6400
São Paulo,240,3,4,3,8,1,0,2900,11904961,7000
Porto Alegre,100,2,3,2,3,1,1,350,1388794,2600
Porto Alegre,137,3,2,3,5,1,0,500,1388794,2800
São Paulo,61,2,2,1,1,1,0,885,11904961,2000
Porto Alegre,60,2,2,1,4,1,0,375,1388794,1500
São Paulo,13,1,1,0,1,1,0,0,11904961,2200
São Paulo,98,2,2,0,21,1,1,1552,11904961,9000
São Paulo,138,2,3,2,22,1,0,1500,11904961,9800
Belo Horizonte,80,2,2,2,19,0,0,950,2415872,4500
Belo Horizonte,30,1,1,0,2,1,0,0,2415872,525
São Paulo,63,2,2,2,10,0,1,783,11904961,2000
Belo Horizonte,95,2,3,2,4,0,0,1389,2415872,4500
São Paulo,54,2,1,1,5,1,1,600,11904961,1100
São Paulo,35,1,1,1,24,1,1,540,11904961,2100
Porto Alegre,44,1,1,0,2,1,1,316,1388794,1163
Rio de Janeiro,140,2,3,2,7,1,0,2400,6730729,6500
São Paulo,70,2,1,0,0,1,0,0,11904961,1700
Belo Horizonte,162,3,3,2,3,1,0,380,2415872,2800
São Paulo,420,4,4,4,19,1,0,4900,11904961,11050
Belo Horizonte,147,4,5,3,3,1,0,1200,2415872,2975
Campinas,80,1,1,1,7,1,0,550,1187974,2800
Rio de Janeiro,89,2,2,2,4,1,1,1744,6730729,3900
São Paulo,163,3,3,3,8,1,1,1532,11904961,2550
São Paulo,330,4,5,2,4,1,0,4400,11904961,12500
São Paulo,70,1,1,1,2,1,0,300,11904961,1200
Rio de Janeiro,104,3,2,1,6,1,0,1077,6730729,2500
Rio de Janeiro,43,1,1,0,7,1,0,1,6730729,1400
São Paulo,67,2,1,1,2,1,1,814,11904961,1300
São Paulo,450,4,5,6,4,1,0,6600,11904961,9900
São Paulo,28,1,1,1,5,1,0,500,11904961,1580
São Paulo,46,1,1,1,12,0,1,1445,11904961,5000
São Paulo,34,1,1,1,7,1,1,510,11904961,3800
São Paulo,33,1,1,1,11,0,1,1680,11904961,2500
São Paulo,90,3,1,1,2,0,0,600,11904961,2400
São Paulo,75,3,3,2,10,1,0,865,11904961,2000
Belo Horizonte,150,6,5,8,0,1,0,0,2415872,8000
São Paulo,300,3,3,3,0,1,0,0,11904961,3500
Porto Alegre,70,2,2,2,3,0,0,700,1388794,1900
Rio de Janeiro,320,3,4,1,11,0,0,2200,6730729,5800
Belo Horizonte,800,4,5,0,0,1,0,0,2415872,4275
São Paulo,400,4,7,4,0,1,1,0,11904961,12000
São Paulo,288,3,3,3,8,1,0,3032,11904961,3325
Rio de Janeiro,90,2,2,1,3,1,0,600,6730729,1200
São Paulo,209,4,4,3,7,0,0,4300,11904961,3900
São Paulo,55,2,1,1,6,1,0,653,11904961,2100
São Paulo,280,4,4,7,0,1,1,890,11904961,4000
São Paulo,190,4,4,4,14,1,0,2000,11904961,8000
São Paulo,294,3,6,3,0,1,0,0,11904961,2400
São Paulo,60,2,1,1,3,1,1,600,11904961,2230
São Paulo,400,4,3,2,0,1,0,0,11904961,3390
São Paulo,350,5,4,8,0,0,0,0,11904961,9000
Belo Horizonte,68,3,2,1,2,1,0,150,2415872,900
Porto Alegre,40,1,1,1,0,1,0,0,1388794,960
São Paulo,220,3,4,3,1,1,0,2750,11904961,5800
São Paulo,200,3,3,3,0,1,0,0,11904961,7000
Campinas,65,2,1,1,7,1,0,550,1187974,1100
São Paulo,225,4,3,2,0,1,1,0,11904961,4400
São Paulo,100,2,2,1,0,1,0,0,11904961,2800
São Paulo,116,4,3,2,8,1,0,1040,11904961,2400
Rio de Janeiro,59,2,1,0,7,0,1,1400,6730729,5000
São Paulo,380,3,2,3,5,1,0,3200,11904961,15000
São Paulo,175,4,3,3,3,1,1,1750,11904961,13000
São Paulo,37,1,1,1,11,1,1,800,11904961,2800
São Paulo,34,1,1,1,2,0,0,490,11904961,1750
Rio de Janeiro,58,1,1,1,11,1,0,650,6730729,1050
São Paulo,72,3,1,1,2,1,0,461,11904961,1600
Belo Horizonte,135,4,2,2,2,1,0,950,2415872,3800
Rio de Janeiro,164,4,3,2,5,1,0,1500,6730729,5000
São Paulo,190,3,3,2,0,1,0,0,11904961,6800
Rio de Janeiro,110,3,1,0,7,1,1,950,6730729,2530
São Paulo,80,2,2,2,0,1,1,1000,11904961,5500
Rio de Janeiro,90,3,2,1,5,1,0,973,6730729,1500
Porto Alegre,54,2,1,1,2,1,0,150,1388794,900
Rio de Janeiro,100,3,2,1,6,1,0,1300,6730729,3800
Porto Alegre,37,1,1,0,1,1,0,270,1388794,650
São Paulo,51,1,2,1,3,0,1,1062,11904961,2100
Campinas,62,2,1,1,0,1,0,370,1187974,1100
São Paulo,70,2,2,2,7,0,1,1726,11904961,3950
Rio de Janeiro,63,2,1,0,4,1,0,600,6730729,1110
São Paulo,127,3,2,1,10,1,0,1393,11904961,6156
São Paulo,230,4,3,2,2,1,0,3200,11904961,10000
Campinas,102,3,3,1,9,1,0,1100,1187974,1500
São Paulo,65,2,2,1,11,1,1,564,11904961,1679
Rio de Janeiro,67,2,1,0,2,1,0,590,6730729,1500
Porto Alegre,56,1,1,0,2,1,0,300,1388794,700
São Paulo,172,3,3,2,14,1,1,2100,11904961,7000
São Paulo,80,2,2,1,8,0,1,1000,11904961,4500
Campinas,156,4,5,3,3,0,0,1950,1187974,935
Campinas,70,1,1,1,11,0,0,365,1187974,1200
Rio de Janeiro,125,3,2,0,4,1,0,950,6730729,5500
Belo Horizonte,90,2,2,2,14,0,0,950,2415872,2600
São Paulo,50,2,1,0,0,0,0,0,11904961,1100
Rio de Janeiro,260,4,3,1,11,1,1,2585,6730729,5500
São Paulo,249,4,2,2,0,1,0,0,11904961,4300
São Paulo,179,3,5,0,11,1,1,2000,11904961,14500
São Paulo,16,1,1,0,8,0,0,320,11904961,2200
Belo Horizonte,350,7,5,5,0,1,0,0,2415872,9000
Rio de Janeiro,28,1,1,0,21,1,0,400,6730729,2285
São Paulo,102,3,2,2,1,1,0,1300,11904961,1900
São Paulo,31,1,1,0,6,1,0,200,11904961,2614
São Paulo,480,4,6,3,0,1,0,0,11904961,10000
São Paulo,290,4,4,4,1,1,0,4900,11904961,1000
São Paulo,35,1,1,1,12,0,1,1170,11904961,2200
São Paulo,24,1,1,0,2,0,0,500,11904961,1420
Porto Alegre,70,2,1,1,2,1,1,100,1388794,1360
Rio de Janeiro,55,2,1,1,9,0,0,800,6730729,1500
Belo Horizonte,120,3,1,1,2,1,0,900,2415872,3000
São Paulo,160,3,3,1,11,1,0,1809,11904961,3370
Campinas,47,1,1,1,9,1,0,470,1187974,600
São Paulo,95,3,2,2,1,1,0,1100,11904961,1600
Belo Horizonte,300,4,3,3,3,1,0,1400,2415872,7500
Belo Horizonte,210,4,3,3,3,1,0,360,2415872,3300
Porto Alegre,45,1,1,1,18,0,0,450,1388794,2000
São Paulo,87,2,1,1,5,1,0,800,11904961,1220
São Paulo,250,4,4,2,17,1,1,2600,11904961,6000
São Paulo,82,3,2,2,2,1,0,1100,11904961,1500
Campinas,93,3,2,2,4,1,0,1459,1187974,2300
São Paulo,142,3,4,3,2,1,0,1200,11904961,6000
Campinas,74,3,2,1,17,1,0,706,1187974,1040
Porto Alegre,36,1,1,0,4,0,1,277,1388794,1290
São Paulo,33,1,1,0,14,1,0,500,11904961,3999
Rio de Janeiro,80,2,1,0,10,0,0,700,6730729,1000
Porto Alegre,90,2,1,1,2,1,1,220,1388794,1350
São Paulo,195,2,3,3,15,1,1,2600,11904961,9200
São Paulo,186,3,2,2,5,1,0,1473,11904961,2200
São Paulo,275,4,4,3,9,1,0,3300,11904961,6800
Belo Horizonte,230,4,4,5,13,1,0,2500,2415872,7500
Porto Alegre,42,1,1,1,11,1,0,372,1388794,2700
Rio de Janeiro,388,4,4,1,2,0,0,6047,6730729,15000
São Paulo,94,3,3,2,1,1,0,750,11904961,2433
São Paulo,260,4,2,2,3,1,0,1715,11904961,6000
Campinas,65,3,2,1,2,0,0,620,1187974,1100
Rio de Janeiro,76,2,1,0,5,1,0,767,6730729,1280
São Paulo,131,4,4,3,1,0,1,2100,11904961,6000
São Paulo,225,3,3,4,6,1,1,1360,11904961,10500
Belo Horizonte,201,4,4,3,2,1,0,1651,2415872,5300
Rio de Janeiro,570,3,6,2,11,1,0,3000,6730729,14000
Porto Alegre,53,2,2,1,3,1,0,360,1388794,1275
Belo Horizonte,240,4,5,3,4,1,0,912,2415872,3500
Rio de Janeiro,50,1,1,0,2,1,0,0,6730729,2700
São Paulo,54,1,1,1,13,0,1,679,11904961,5000
São Paulo,178,2,3,4,1,0,0,3145,11904961,2500
Porto Alegre,50,1,1,0,3,1,0,0,1388794,1100
São Paulo,212,4,3,6,0,1,1,0,11904961,2983
São Paulo,380,4,6,4,7,1,0,3570,11904961,4900
São Paulo,138,2,2,1,11,1,1,1000,11904961,7000
Belo Horizonte,180,4,3,3,4,0,0,1947,2415872,4200
Porto Alegre,43,1,1,1,4,1,0,360,1388794,800
Rio de Janeiro,48,1,1,1,6,1,1,0,6730729,2800
Rio de Janeiro,180,3,3,0,7,1,1,916,6730729,7600
Campinas,70,1,2,1,6,1,1,1500,1187974,2500
Porto Alegre,155,2,2,2,5,1,0,450,1388794,2300
São Paulo,262,3,4,4,8,1,0,4844,11904961,15000
São Paulo,25,1,1,1,25,1,0,331,11904961,2100
São Paulo,50,3,1,1,4,0,0,852,11904961,2500
São Paulo,108,3,2,1,14,1,0,1714,11904961,5000
São Paulo,170,3,2,1,14,1,1,1700,11904961,4500
São Paulo,60,1,1,0,0,1,0,0,11904961,1000
São Paulo,78,3,2,2,10,1,0,650,11904961,2400
Belo Horizonte,170,3,2,0,0,1,0,0,2415872,5000
Rio de Janeiro,20,1,1,0,2,1,0,0,6730729,600
Porto Alegre,500,5,4,4,4,0,0,2000,1388794,4000
São Paulo,248,3,4,4,2,1,0,3163,11904961,14000
São Paulo,145,3,3,2,7,1,0,1400,11904961,5500
São Paulo,50,1,1,1,10,0,1,1436,11904961,7800
Porto Alegre,44,1,2,0,3,1,0,140,1388794,1350
São Paulo,200,3,2,2,0,1,0,0,11904961,4500
Belo Horizonte,58,2,2,1,5,1,0,400,2415872,999
São Paulo,280,3,4,4,4,1,0,5000,11904961,15000
São Paulo,52,1,1,1,7,1,1,1500,11904961,3000
São Paulo,271,3,3,2,0,1,0,0,11904961,8000
São Paulo,223,4,4,7,0,1,0,0,11904961,5500
São Paulo,263,4,5,4,21,1,0,2900,11904961,12500
Porto Alegre,157,4,3,1,12,1,1,1150,1388794,3500
São Paulo,323,5,5,3,0,1,0,0,11904961,4800
São Paulo,80,2,2,1,0,0,0,0,11904961,2188
São Paulo,70,2,2,2,1,1,1,858,11904961,6000
Belo Horizonte,74,3,2,1,1,1,0,450,2415872,1000
Belo Horizonte,66,3,1,2,3,1,0,250,2415872,1100
São Paulo,80,2,1,1,6,1,0,800,11904961,1275
Porto Alegre,100,3,2,2,0,1,0,0,1388794,3000
São Paulo,218,4,4,2,1,1,0,2250,11904961,5500
Rio de Janeiro,73,2,1,1,4,1,0,625,6730729,1200
Rio de Janeiro,230,4,2,2,1,1,1,4000,6730729,13000
São Paulo,80,3,5,2,4,0,0,3460,11904961,12000
Belo Horizonte,180,3,3,3,4,1,0,331,2415872,4200
Rio de Janeiro,85,3,2,1,15,1,0,710,6730729,2500
São Paulo,37,1,1,0,0,0,0,0,11904961,900
Porto Alegre,65,2,1,0,3,1,0,140,1388794,985
São Paulo,440,4,3,2,3,1,0,4200,11904961,8000
São Paulo,74,3,2,1,6,1,0,513,11904961,1715
São Paulo,180,3,4,3,12,1,0,2047,11904961,1800
São Paulo,198,3,3,0,14,1,0,2070,11904961,6000
Rio de Janeiro,170,3,4,3,3,1,0,2000,6730729,5000
São Paulo,240,3,4,3,7,1,1,4000,11904961,8500
São Paulo,59,2,2,0,5,0,0,754,11904961,1990
São Paulo,525,5,4,4,0,1,0,0,11904961,8330
São Paulo,226,4,4,4,2,1,0,2850,11904961,3000
São Paulo,60,2,2,2,0,1,0,170,11904961,1950
Porto Alegre,43,2,1,0,6,0,0,382,1388794,1570
São Paulo,158,4,4,3,3,1,0,2100,11904961,6600
Porto Alegre,42,1,1,1,3,1,1,162,1388794,1400
Belo Horizonte,66,2,1,1,13,1,0,385,2415872,550
São Paulo,39,1,1,1,24,0,1,600,11904961,4200
São Paulo,64,1,2,1,4,1,1,850,11904961,3700
São Paulo,70,3,2,0,0,1,0,0,11904961,1500
São Paulo,30,1,1,1,9,1,0,1,11904961,1930
São Paulo,135,3,3,0,1,0,0,1400,11904961,3810
São Paulo,170,3,2,1,5,1,0,860,11904961,6500
Rio de Janeiro,120,3,2,1,3,1,0,1700,6730729,7500
Belo Horizonte,92,2,1,0,0,1,0,0,2415872,1200
Belo Horizonte,183,4,4,4,8,1,0,1695,2415872,9300
São Paulo,210,3,3,2,15,0,1,3500,11904961,8667
Campinas,119,3,3,2,14,1,0,663,1187974,5500
Rio de Janeiro,298,5,3,2,3,1,0,2200,6730729,4100
Belo Horizonte,260,3,2,4,0,1,0,0,2415872,2600
Belo Horizonte,201,4,4,4,7,1,0,1800,2415872,7300
São Paulo,200,3,4,4,0,0,0,0,11904961,4000
São Paulo,60,2,1,1,7,1,1,785,11904961,3800
Rio de Janeiro,70,2,1,1,0,1,0,300,6730729,2000
São Paulo,135,3,2,1,21,1,1,950,11904961,7500
São Paulo,336,6,2,3,0,1,0,0,11904961,6350
São Paulo,300,3,4,6,0,1,0,0,11904961,3200
Rio de Janeiro,600,5,5,4,12,1,0,4300,6730729,8000
São Paulo,60,3,3,2,0,1,0,0,11904961,2700
São Paulo,254,3,4,4,1,0,1,3100,11904961,7000
São Paulo,210,3,5,4,6,1,1,3301,11904961,11900
São Paulo,178,3,4,2,4,0,0,2450,11904961,10000
São Paulo,45,1,1,0,0,0,0,0,11904961,1000
Rio de Janeiro,70,3,1,0,3,1,0,474,6730729,750
São Paulo,181,4,5,3,5,1,0,2100,11904961,2600
Belo Horizonte,72,2,2,1,4,1,0,370,2415872,1700
São Paulo,60,2,2,1,21,1,1,1600,11904961,5550
São Paulo,55,2,1,1,3,1,0,496,11904961,1800
São Paulo,94,1,2,2,2,0,1,1356,11904961,13000
Rio de Janeiro,210,3,2,1,6,1,0,3200,6730729,14080
São Paulo,37,1,1,1,21,1,0,541,11904961,4000
São Paulo,41,2,1,0,16,1,0,270,11904961,1200
São Paulo,240,3,4,3,1,1,1,5100,11904961,11000
Porto Alegre,70,2,1,0,12,1,0,500,1388794,1105
Belo Horizonte,55,3,1,1,3,0,0,199,2415872,800
Rio de Janeiro,150,3,1,0,3,1,0,450,6730729,1500
Rio de Janeiro,55,2,2,1,13,1,0,500,6730729,1330
São Paulo,390,3,3,2,0,1,1,0,11904961,7500
Porto Alegre,73,3,2,1,1,1,0,354,1388794,1777
Campinas,57,1,1,1,2,1,0,690,1187974,2600
Rio de Janeiro,93,3,1,0,0,1,0,400,6730729,1500
Rio de Janeiro,88,2,2,2,3,1,0,957,6730729,2500
São Paulo,330,4,6,3,7,1,0,5457,11904961,15000
São Paulo,130,3,3,2,1,1,1,1150,11904961,2350
São Paulo,170,4,3,2,15,0,1,3000,11904961,10000
São Paulo,220,3,4,4,2,1,0,3167,11904961,5500
São Paulo,59,2,1,1,6,1,0,600,11904961,1600
São Paulo,500,4,4,3,0,1,0,0,11904961,10800
Rio de Janeiro,70,3,2,0,1,1,0,0,6730729,1500
Rio de Janeiro,55,1,1,1,5,0,0,538,6730729,1250
Belo Horizonte,35,1,1,1,5,1,1,600,2415872,1080
São Paulo,33,1,1,1,12,1,1,565,11904961,3200
Belo Horizonte,80,3,2,1,1,1,0,280,2415872,1200
Belo Horizonte,2000,4,2,3,0,1,0,0,2415872,4956
São Paulo,60,1,1,1,20,0,1,490,11904961,3250
Porto Alegre,48,2,1,0,1,1,0,400,1388794,950
Campinas,53,1,1,1,13,1,0,494,1187974,650
São Paulo,96,3,1,1,10,1,0,1140,11904961,2800
São Paulo,25,1,1,0,2,0,1,0,11904961,1750
São Paulo,83,1,1,1,15,0,1,4000,11904961,6000
Porto Alegre,70,2,2,2,12,1,0,500,1388794,1800
São Paulo,80,1,1,0,0,1,0,0,11904961,1200
Belo Horizonte,45,1,1,0,1,0,0,0,2415872,1100
São Paulo,43,1,1,0,5,1,1,1195,11904961,680
São Paulo,250,5,4,5,6,1,0,2300,11904961,2800
São Paulo,350,5,6,6,10,1,0,7000,11904961,15000
Campinas,190,4,4,2,14,1,0,900,1187974,3200
São Paulo,117,3,4,4,14,1,0,1500,11904961,2700
Rio de Janeiro,75,2,1,1,6,0,0,379,6730729,580
Belo Horizonte,113,4,2,2,11,1,0,1600,2415872,4900
Porto Alegre,46,1,1,1,2,1,0,380,1388794,650
São Paulo,100,3,2,1,0,1,0,0,11904961,3500
São Paulo,35,1,1,0,0,0,0,0,11904961,500
São Paulo,300,4,5,1,8,1,1,3700,11904961,8550
Campinas,57,2,1,1,1,1,1,370,1187974,1000
São Paulo,35,1,1,0,6,1,0,285,11904961,1600
Rio de Janeiro,110,3,2,2,2,1,0,1050,6730729,2750
São Paulo,106,2,3,2,14,1,1,1109,11904961,3980
Rio de Janeiro,120,3,3,1,3,1,0,1260,6730729,3500
Porto Alegre,40,1,1,0,5,0,1,0,1388794,2000
Rio de Janeiro,97,3,1,0,3,1,0,390,6730729,2080
Rio de Janeiro,160,3,1,2,0,1,0,0,6730729,2800
São Paulo,80,4,4,3,5,1,0,3450,11904961,6000
São Paulo,297,4,5,5,19,1,0,3182,11904961,11700
São Paulo,400,5,4,6,0,1,1,0,11904961,6500
Rio de Janeiro,90,3,1,0,2,1,0,250,6730729,1500
Rio de Janeiro,93,3,3,1,7,1,0,1307,6730729,2990
São Paulo,37,1,1,1,9,1,1,658,11904961,2700
São Paulo,300,4,2,2,1,1,1,3000,11904961,6500
São Paulo,217,3,4,3,3,1,0,3400,11904961,1900
São Paulo,77,3,2,2,14,0,0,830,11904961,6200
São Paulo,150,3,4,3,18,0,1,2200,11904961,7500
São Paulo,60,2,1,0,10,1,0,453,11904961,1654
São Paulo,140,3,2,1,13,1,0,1141,11904961,2900
Belo Horizonte,96,3,2,1,6,1,0,200,2415872,2000
São Paulo,55,1,1,1,1,1,1,577,11904961,5600
São Paulo,170,3,2,2,0,1,0,0,11904961,4200
Rio de Janeiro,70,2,2,1,11,1,0,1000,6730729,1400
São Paulo,400,10,9,8,0,1,0,0,11904961,8330
Belo Horizonte,209,4,4,4,11,1,0,2140,2415872,7300
Rio de Janeiro,91,2,2,2,3,1,1,4495,6730729,5500
São Paulo,328,3,4,4,18,1,1,1382,11904961,6000
Belo Horizonte,92,3,3,2,2,1,0,300,2415872,1600
Rio de Janeiro,50,2,1,1,11,1,0,830,6730729,1650
Rio de Janeiro,85,2,1,0,0,1,0,470,6730729,2800
São Paulo,72,2,2,0,1,1,1,700,11904961,3000
Rio de Janeiro,140,4,2,1,9,1,0,1600,6730729,3900
São Paulo,70,2,2,1,1,0,0,390,11904961,1500
São Paulo,130,3,3,3,5,0,0,2200,11904961,3500
São Paulo,387,4,6,6,4,1,0,4246,11904961,6647
Campinas,126,3,3,2,1,1,0,780,1187974,3600
São Paulo,104,3,2,2,1,0,0,1040,11904961,3800
São Paulo,550,4,4,4,0,1,0,0,11904961,14000
São Paulo,51,1,1,0,9,1,0,367,11904961,1950
Belo Horizonte,140,4,3,3,4,1,0,1200,2415872,3400
São Paulo,70,2,2,2,1,1,0,550,11904961,1750
Rio de Janeiro,140,3,2,1,4,0,1,1600,6730729,4000
Rio de Janeiro,20,1,1,0,1,1,0,375,6730729,1250
São Paulo,365,3,5,2,5,1,1,1950,11904961,8500
Porto Alegre,200,2,3,2,12,1,1,1800,1388794,12750
São Paulo,40,1,1,0,0,0,0,185,11904961,850
Campinas,66,1,1,1,2,1,1,900,1187974,5000
São Paulo,161,1,2,2,10,0,0,2162,11904961,7000
Rio de Janeiro,75,2,1,0,5,1,0,915,6730729,2350
Campinas,110,3,1,2,0,1,0,0,1187974,1900
Campinas,82,2,1,1,1,1,0,300,1187974,600
São Paulo,23,1,1,0,7,1,1,430,11904961,1800
São Paulo,65,3,2,1,2,1,0,512,11904961,1740
Porto Alegre,40,1,1,0,1,1,1,0,1388794,816
Campinas,129,3,2,2,1,1,0,1411,1187974,3310
São Paulo,114,1,1,1,6,1,0,987,11904961,2800
São Paulo,200,2,2,2,0,1,0,1,11904961,3000
Porto Alegre,101,3,2,2,8,1,1,541,1388794,4200
Belo Horizonte,50,2,1,0,0,0,0,0,2415872,950
São Paulo,400,4,3,2,0,1,0,0,11904961,8000
São Paulo,71,2,1,1,7,1,0,785,11904961,2559
Porto Alegre,72,2,1,0,3,0,0,100,1388794,900
São Paulo,250,4,4,3,5,0,1,4341,11904961,8000
Campinas,50,2,1,1,3,1,0,0,1187974,1000
Campinas,180,3,2,1,11,1,0,1060,1187974,2200
Porto Alegre,31,1,1,0,4,1,0,250,1388794,586
Rio de Janeiro,86,2,1,0,7,1,0,730,6730729,1650
Belo Horizonte,200,4,3,2,4,1,0,1164,2415872,4000
São Paulo,130,3,2,1,6,1,0,1550,11904961,5500
Porto Alegre,38,1,1,0,10,1,0,330,1388794,1800
São Paulo,20,1,1,0,1,0,1,0,11904961,1950
Porto Alegre,140,3,2,2,3,1,1,1300,1388794,3200
Porto Alegre,40,1,1,0,3,1,0,250,1388794,930
São Paulo,65,2,2,1,8,1,0,956,11904961,3800
Belo Horizonte,300,5,3,3,0,1,0,0,2415872,8500
Porto Alegre,30,1,1,0,3,0,0,250,1388794,650
São Paulo,41,1,1,0,3,1,0,350,11904961,1760
Belo Horizonte,98,3,2,1,2,0,0,325,2415872,1400
Campinas,50,1,1,0,11,0,0,430,1187974,702
Belo Horizonte,68,2,2,2,5,1,0,1365,2415872,3900
São Paulo,193,3,3,3,1,0,0,3100,11904961,6500
São Paulo,32,1,1,1,15,1,0,350,11904961,1880
Rio de Janeiro,36,1,1,0,4,1,0,435,6730729,1300
São Paulo,167,3,1,0,0,1,0,0,11904961,1500
Rio de Janeiro,25,1,1,0,1,1,0,400,6730729,2006
São Paulo,50,2,1,1,15,1,0,295,11904961,1500
Rio de Janeiro,125,2,4,1,2,0,0,3000,6730729,6500
Porto Alegre,85,3,2,2,8,1,1,700,1388794,3400
Porto Alegre,170,2,2,0,19,1,1,800,1388794,2700
São Paulo,300,5,6,2,0,0,0,0,11904961,8000
São Paulo,23,1,1,1,12,1,1,600,11904961,2800
Porto Alegre,160,2,4,2,8,1,0,1500,1388794,7000
Belo Horizonte,210,3,5,4,3,1,0,2660,2415872,7200
São Paulo,120,3,3,2,0,1,0,0,11904961,4200
Rio de Janeiro,406,3,4,2,3,1,1,3200,6730729,15000
Campinas,63,2,1,1,0,0,0,352,1187974,1750
São Paulo,127,3,4,2,6,0,1,1227,11904961,3500
São Paulo,90,3,2,2,11,0,0,3160,11904961,5000
Belo Horizonte,373,4,5,7,0,1,0,0,2415872,11500
São Paulo,650,4,6,5,0,1,0,0,11904961,10000
São Paulo,250,3,3,2,7,1,1,2750,11904961,5500
Belo Horizonte,318,4,2,2,0,0,0,0,2415872,4500
São Paulo,22,1,1,0,0,1,0,0,11904961,976
Rio de Janeiro,64,2,1,0,8,1,1,950,6730729,2700
São Paulo,172,4,5,3,9,1,0,2655,11904961,5500
São Paulo,108,3,3,2,2,0,0,1265,11904961,2200
São Paulo,31,1,1,1,11,1,0,520,11904961,2700
Belo Horizonte,90,2,1,2,1,1,0,311,2415872,1800
Rio de Janeiro,81,2,1,0,6,1,0,1050,6730729,2650
Rio de Janeiro,80,2,1,1,10,0,0,660,6730729,1900
São Paulo,243,3,2,1,5,1,0,1840,11904961,8000
Rio de Janeiro,67,2,1,0,6,1,0,1700,6730729,6600
São Paulo,160,3,1,1,0,1,0,0,11904961,3000
Porto Alegre,67,2,1,1,9,1,0,300,1388794,1200
São Paulo,90,3,2,3,1,1,0,1018,11904961,1500
São Paulo,186,4,4,3,11,1,0,1900,11904961,5600
Porto Alegre,62,2,2,2,6,1,0,570,1388794,1390
São Paulo,215,4,6,3,2,1,1,2100,11904961,5700
São Paulo,28,1,1,0,5,1,1,255,11904961,1764
São Paulo,240,4,5,3,4,1,0,3500,11904961,15000
São Paulo,70,2,2,1,2,0,1,2274,11904961,2980
São Paulo,145,2,2,2,10,1,0,2530,11904961,7630
São Paulo,62,2,2,1,9,1,1,749,11904961,2500
Belo Horizonte,270,4,5,6,0,1,1,0,2415872,8000
São Paulo,266,3,5,1,15,1,1,2075,11904961,4320
São Paulo,109,1,1,2,5,0,1,1750,11904961,11500
São Paulo,24,1,1,0,3,1,1,450,11904961,2020
Campinas,80,3,2,2,12,1,0,560,1187974,2500
São Paulo,500,4,8,4,0,1,1,0,11904961,14000
São Paulo,150,3,1,1,9,1,0,1172,11904961,4800
Belo Horizonte,110,2,2,2,4,0,0,290,2415872,1346
São Paulo,110,2,3,2,12,0,1,2000,11904961,11500
São Paulo,77,3,1,2,10,1,0,953,11904961,3500
São Paulo,850,5,7,8,1,0,0,14000,11904961,4000
Campinas,58,1,1,1,3,1,0,530,1187974,1200
São Paulo,145,3,3,1,5,1,1,2860,11904961,6600
Porto Alegre,42,1,1,1,7,1,0,415,1388794,1200
Porto Alegre,62,2,1,1,5,1,0,470,1388794,1150
São Paulo,65,2,1,0,0,1,0,0,11904961,1500
São Paulo,33,1,1,1,20,0,1,479,11904961,3000
São Paulo,140,3,5,2,0,1,1,0,11904961,3900
Porto Alegre,326,3,2,3,0,1,0,350,1388794,3900
Rio de Janeiro,70,2,2,1,8,0,1,1000,6730729,2500
Rio de Janeiro,25,1,1,0,2,1,1,250,6730729,1112
São Paulo,67,2,2,2,1,1,0,618,11904961,2372
Campinas,50,1,1,0,2,1,0,473,1187974,550
São Paulo,215,3,4,4,6,1,0,2859,11904961,6000
Campinas,55,2,1,1,0,1,0,480,1187974,750
São Paulo,264,3,4,3,9,1,0,3300,11904961,6770
Rio de Janeiro,270,4,2,1,16,0,0,1800,6730729,7500
São Paulo,40,1,1,1,10,0,1,1300,11904961,4860
São Paulo,90,2,2,0,3,0,0,180,11904961,1800
Rio de Janeiro,50,2,2,1,6,1,0,850,6730729,950
São Paulo,68,2,2,2,7,1,1,1500,11904961,6600
São Paulo,41,1,1,0,17,1,1,450,11904961,2470
São Paulo,420,3,5,5,0,1,0,0,11904961,8200
São Paulo,150,3,2,1,0,1,0,0,11904961,2500
São Paulo,220,4,5,3,5,1,0,3000,11904961,7800
São Paulo,268,4,4,4,3,1,1,3317,11904961,6000
Porto Alegre,74,3,1,1,1,1,0,380,1388794,1090
São Paulo,53,2,1,1,4,0,1,550,11904961,2400
Porto Alegre,64,1,1,1,2,1,1,398,1388794,1200
Porto Alegre,45,1,1,1,13,1,1,400,1388794,2550
Campinas,120,3,3,2,4,0,0,400,1187974,1850
São Paulo,167,3,3,4,10,1,0,1814,11904961,5500
Porto Alegre,250,4,2,1,0,1,0,0,1388794,2700
Belo Horizonte,28,1,1,1,0,0,1,550,2415872,1100
São Paulo,135,2,3,1,19,0,1,2745,11904961,8000
Porto Alegre,42,1,1,0,4,1,1,250,1388794,1250
Belo Horizonte,156,4,4,2,4,1,0,250,2415872,3500
São Paulo,300,4,5,5,6,0,0,3500,11904961,1990
Belo Horizonte,150,4,2,3,6,1,0,600,2415872,3500
São Paulo,54,2,2,1,2,1,0,400,11904961,1927
São Paulo,38,1,1,0,0,0,0,700,11904961,1650
Belo Horizonte,474,5,5,7,0,1,0,0,2415872,15000
São Paulo,450,5,4,3,0,1,0,0,11904961,12000
Belo Horizonte,343,4,3,4,0,1,0,0,2415872,7000
São Paulo,180,3,2,4,0,1,0,0,11904961,3000
São Paulo,100,2,2,2,0,1,0,0,11904961,2000
São Paulo,102,2,3,2,0,1,0,0,11904961,2500
Rio de Janeiro,470,4,5,3,1,1,0,3772,6730729,6580
Rio de Janeiro,140,3,3,1,1,1,0,2285,6730729,2820
São Paulo,380,4,1,0,0,1,0,0,11904961,2890
Porto Alegre,140,2,2,1,2,1,1,252,1388794,3000
São Paulo,520,3,4,3,0,1,1,0,11904961,7000
São Paulo,130,3,2,3,0,1,1,0,11904961,7450
São Paulo,49,1,1,1,1,1,1,700,11904961,2985
Rio de Janeiro,28,1,1,0,5,0,1,609,6730729,1099
Campinas,58,2,1,1,1,1,0,472,1187974,870
São Paulo,48,2,1,1,11,0,0,300,11904961,2000
São Paulo,30,1,1,0,5,1,1,370,11904961,1830
São Paulo,26,1,1,0,4,1,1,188,11904961,2650
Rio de Janeiro,65,2,1,0,4,1,0,450,6730729,1285
São Paulo,98,3,2,2,0,1,0,410,11904961,2290
São Paulo,234,3,4,4,3,1,0,3746,11904961,5000
Campinas,59,2,1,1,5,1,0,430,1187974,1190
São Paulo,97,2,3,1,5,1,0,760,11904961,6500
Belo Horizonte,65,2,2,1,11,1,0,490,2415872,1100
Porto Alegre,42,1,1,1,7,1,0,500,1388794,2300
Rio de Janeiro,94,3,2,1,25,1,0,1733,6730729,3300
Belo Horizonte,147,4,2,3,10,1,0,850,2415872,4700
São Paulo,73,3,2,2,14,1,0,550,11904961,2520
Rio de Janeiro,40,1,1,0,7,0,0,2000,6730729,2200
São Paulo,350,3,5,5,0,1,0,0,11904961,3080
São Paulo,384,3,3,4,0,0,0,0,11904961,11400
São Paulo,48,1,1,2,7,1,1,2300,11904961,7000
Rio de Janeiro,96,3,2,1,5,0,0,1100,6730729,2500
Porto Alegre,55,2,1,0,3,1,1,350,1388794,1125
Porto Alegre,330,4,4,3,0,1,0,0,1388794,6994
Porto Alegre,49,1,1,0,4,1,0,330,1388794,900
Rio de Janeiro,170,3,2,1,4,1,0,900,6730729,3500
São Paulo,243,2,3,2,0,1,0,0,11904961,4619
São Paulo,216,4,4,3,3,1,1,3100,11904961,8980
Rio de Janeiro,60,2,1,1,5,1,0,440,6730729,800
São Paulo,200,3,4,2,0,1,0,0,11904961,2500
Porto Alegre,48,1,1,0,2,1,0,309,1388794,700
Campinas,130,3,2,6,0,1,0,0,1187974,2200
Rio de Janeiro,55,2,1,1,10,1,0,647,6730729,1080
São Paulo,200,4,3,2,0,1,0,0,11904961,5628
Campinas,101,3,2,2,1,1,0,632,1187974,2200
São Paulo,20,1,1,0,9,1,1,435,11904961,1650
São Paulo,97,3,3,2,7,1,0,1058,11904961,2500
São Paulo,83,2,2,1,21,1,0,782,11904961,4800
Porto Alegre,47,1,1,1,10,1,0,360,1388794,610
São Paulo,110,2,2,1,8,1,1,1285,11904961,4348
São Paulo,140,4,4,2,3,1,0,670,11904961,3100
São Paulo,242,3,4,3,1,1,1,2100,11904961,7000
São Paulo,35,1,1,0,5,1,0,270,11904961,1300
Rio de Janeiro,100,2,2,0,11,1,1,670,6730729,4700
São Paulo,134,3,3,1,4,1,0,1200,11904961,3500
Porto Alegre,50,2,1,1,0,0,0,0,1388794,1000
Campinas,67,3,1,1,9,1,0,447,1187974,1200
São Paulo,150,2,3,0,0,1,0,0,11904961,4000
São Paulo,174,3,4,3,6,1,0,2200,11904961,13500
São Paulo,120,3,3,1,0,1,0,0,11904961,2800
Porto Alegre,90,4,2,0,0,0,0,0,1388794,1700
Campinas,110,3,1,1,4,1,0,830,1187974,1200
São Paulo,277,2,3,4,19,1,0,5295,11904961,13000
São Paulo,79,3,1,1,11,0,0,700,11904961,1405
Belo Horizonte,180,4,3,2,8,1,0,970,2415872,3260
São Paulo,300,3,3,2,11,1,1,2600,11904961,7650
São Paulo,270,2,3,4,0,1,0,0,11904961,3270
Porto Alegre,25,1,1,0,3,1,0,100,1388794,790
São Paulo,78,1,1,1,12,1,1,574,11904961,3850
São Paulo,82,2,2,1,2,1,0,1500,11904961,2450
Belo Horizonte,55,2,1,2,7,1,0,160,2415872,1100
São Paulo,420,4,5,4,0,1,0,0,11904961,10000
Campinas,115,2,3,2,4,1,1,687,1187974,3500
Belo Horizonte,45,2,1,1,3,1,0,0,2415872,1000
São Paulo,47,3,1,1,9,1,0,300,11904961,1420
São Paulo,250,3,3,2,8,1,0,1600,11904961,2500
Rio de Janeiro,95,3,2,1,4,1,0,1602,6730729,5000
Rio de Janeiro,54,2,2,1,6,1,0,829,6730729,700
São Paulo,380,3,3,5,0,1,0,0,11904961,10900
Rio de Janeiro,60,2,2,0,7,1,0,1300,6730729,4000
São Paulo,300,3,3,2,0,1,0,0,11904961,6000
Belo Horizonte,75,3,1,1,1,0,0,160,2415872,1100
Belo Horizonte,32,1,1,1,8,1,0,197,2415872,1500
Rio de Janeiro,24,1,1,0,11,1,0,206,6730729,1400
São Paulo,49,1,1,1,4,0,0,486,11904961,3200
Porto Alegre,50,2,1,0,13,1,1,488,1388794,1400
Rio de Janeiro,40,1,1,0,12,1,0,600,6730729,2200
São Paulo,30,1,1,1,16,0,1,1900,11904961,2000
São Paulo,70,2,1,1,1,1,0,300,11904961,1100
Campinas,146,2,1,1,8,1,0,730,1187974,1620
Rio de Janeiro,120,2,2,0,1,1,1,1200,6730729,4750
Belo Horizonte,347,4,4,3,4,1,0,2700,2415872,9000
Belo Horizonte,80,2,2,1,0,0,0,0,2415872,1705
São Paulo,40,2,1,0,11,1,0,526,11904961,2500
Campinas,44,2,1,1,3,1,0,192,1187974,1020
São Paulo,80,2,1,0,7,0,0,563,11904961,2200
Porto Alegre,106,3,3,1,2,1,0,800,1388794,3000
Campinas,137,3,4,2,2,1,0,1176,1187974,3800
São Paulo,248,3,4,4,0,1,0,0,11904961,9000
São Paulo,350,4,3,2,0,1,0,0,11904961,13500
Rio de Janeiro,90,2,1,2,5,0,0,717,6730729,2800
São Paulo,16,1,1,0,0,0,0,0,11904961,1420
São Paulo,108,3,3,2,2,1,0,1200,11904961,3400
Rio de Janeiro,120,3,2,1,2,1,0,992,6730729,2414
Campinas,54,2,1,1,3,1,0,320,1187974,1800
São Paulo,190,1,2,10,0,1,0,0,11904961,3900
Belo Horizonte,100,3,3,1,1,1,0,300,2415872,1800
Belo Horizonte,120,3,2,1,2,1,1,1083,2415872,2100
São Paulo,40,1,1,1,4,1,1,915,11904961,5000
São Paulo,185,2,2,2,0,0,0,0,11904961,1850
Rio de Janeiro,50,1,1,0,9,1,1,2300,6730729,2300
São Paulo,233,3,6,5,0,1,0,0,11904961,6000
São Paulo,47,2,2,2,6,1,1,520,11904961,2611
São Paulo,49,1,1,0,11,1,0,443,11904961,4100
Porto Alegre,76,3,2,2,6,1,0,250,1388794,2100
Rio de Janeiro,60,2,1,0,6,1,0,650,6730729,1300
São Paulo,200,4,5,3,2,1,0,2600,11904961,4500
Rio de Janeiro,200,3,4,2,9,1,0,1730,6730729,5000
Porto Alegre,184,3,3,2,6,1,0,1100,1388794,5445
São Paulo,117,3,4,2,10,1,0,1350,11904961,6100
Porto Alegre,80,3,1,0,0,0,0,0,1388794,1250
Rio de Janeiro,60,2,2,1,4,0,0,700,6730729,2000
São Paulo,140,3,2,1,0,1,1,0,11904961,8200
Rio de Janeiro,55,1,1,0,12,0,1,645,6730729,1500
São Paulo,131,3,2,1,14,1,0,1685,11904961,4200
São Paulo,142,3,4,3,2,1,0,1305,11904961,5000
Campinas,35,1,1,1,7,1,0,392,1187974,1100
Porto Alegre,40,1,1,0,20,1,0,135,1388794,890
São Paulo,57,1,1,0,4,1,1,300,11904961,6000
Porto Alegre,30,1,1,0,9,1,0,270,1388794,890
Rio de Janeiro,800,5,7,5,0,1,0,0,6730729,15000
Porto Alegre,250,2,2,0,0,1,1,0,1388794,4000
São Paulo,37,1,1,1,4,1,0,500,11904961,1500
Belo Horizonte,240,4,5,3,11,0,1,2800,2415872,10000
Rio de Janeiro,95,3,2,1,6,1,0,702,6730729,1650
São Paulo,30,1,1,0,18,0,0,590,11904961,980
São Paulo,380,7,7,6,0,1,0,0,11904961,5800
São Paulo,50,2,1,0,5,1,0,515,11904961,1900
Rio de Janeiro,32,1,1,1,5,0,0,465,6730729,900
São Paulo,104,3,3,2,6,1,0,1300,11904961,6000
São Paulo,31,1,1,0,16,0,0,330,11904961,1575
São Paulo,700,4,5,2,10,1,1,3000,11904961,8000
Campinas,138,3,3,0,2,1,0,1000,1187974,7000
São Paulo,77,2,1,1,14,1,0,980,11904961,4500
São Paulo,216,4,3,4,9,1,0,1883,11904961,3500
Belo Horizonte,115,3,2,2,0,1,0,0,2415872,3000
Belo Horizonte,222,4,3,4,0,1,0,0,2415872,3000
Rio de Janeiro,84,3,2,1,1,1,1,1500,6730729,2600
São Paulo,156,3,3,1,12,0,0,1600,11904961,4150
São Paulo,34,1,1,0,0,1,0,0,11904961,1050
Porto Alegre,60,2,1,1,5,1,0,350,1388794,1150
Porto Alegre,50,2,2,1,4,1,0,270,1388794,1300
São Paulo,210,3,3,2,5,1,0,2970,11904961,5500
São Paulo,240,4,2,4,0,1,0,0,11904961,8000
São Paulo,336,4,6,5,5,1,0,4950,11904961,7500
Campinas,60,2,1,1,3,1,0,450,1187974,790
Belo Horizonte,194,3,3,2,10,1,0,1351,2415872,4000
São Paulo,70,1,1,0,3,1,0,250,11904961,2000
São Paulo,46,1,1,0,3,1,0,100,11904961,1600
Rio de Janeiro,185,3,2,2,2,0,0,1760,6730729,6000
São Paulo,90,1,2,2,13,0,1,1500,11904961,8000
Belo Horizonte,90,3,2,1,2,1,0,200,2415872,1400
São Paulo,175,1,3,2,19,0,1,900,11904961,4142
Rio de Janeiro,140,3,2,1,8,1,0,2200,6730729,4200
São Paulo,400,2,5,4,0,1,0,0,11904961,6000
Porto Alegre,127,3,2,1,1,1,1,539,1388794,3000
São Paulo,60,2,2,1,27,1,1,654,11904961,3300
Belo Horizonte,230,3,3,3,5,1,0,700,2415872,4000
São Paulo,48,1,1,1,21,0,1,1137,11904961,6698
Campinas,62,3,2,1,12,1,0,330,1187974,2975
São Paulo,110,3,2,1,1,1,0,1130,11904961,4500
São Paulo,80,3,3,2,1,0,0,1180,11904961,2800
Rio de Janeiro,54,1,1,0,3,1,1,734,6730729,2400
São Paulo,42,1,1,1,4,0,1,660,11904961,4400
Belo Horizonte,55,2,1,1,4,1,0,176,2415872,850
São Paulo,161,3,5,3,12,1,0,2541,11904961,6500
Belo Horizonte,70,2,1,1,3,1,0,390,2415872,1100
São Paulo,35,1,1,0,9,1,1,450,11904961,1300
São Paulo,360,4,4,4,5,1,0,5767,11904961,9000
Belo Horizonte,45,1,1,1,6,1,0,816,2415872,2900
São Paulo,55,1,1,0,1,0,0,150,11904961,730
Rio de Janeiro,25,1,1,0,3,1,1,350,6730729,1750
Belo Horizonte,68,3,2,1,1,1,1,360,2415872,2250
São Paulo,900,3,4,8,0,1,0,0,11904961,20000
Porto Alegre,71,2,1,0,1,1,0,330,1388794,990
Rio de Janeiro,250,3,2,1,7,1,0,1642,6730729,6400
Belo Horizonte,305,4,5,5,29,1,0,4596,2415872,14000
São Paulo,81,3,2,1,12,1,0,580,11904961,1700
São Paulo,234,3,4,4,14,1,0,1710,11904961,3600
Campinas,54,1,2,0,1,1,0,245,1187974,720
São Paulo,70,2,1,1,1,0,1,703,11904961,4960
Belo Horizonte,100,3,2,1,3,1,0,600,2415872,1800
São Paulo,48,1,1,1,4,1,1,1450,11904961,4200
Porto Alegre,88,2,2,1,3,1,0,700,1388794,1900
São Paulo,40,1,1,0,0,1,0,0,11904961,2000
Porto Alegre,76,1,1,0,5,0,1,503,1388794,1490
São Paulo,109,3,2,2,13,1,0,1156,11904961,6500
Belo Horizonte,160,3,3,2,3,1,0,1364,2415872,2650
São Paulo,106,2,1,0,2,1,0,110,11904961,1790
Rio de Janeiro,90,4,2,0,4,1,1,568,6730729,1900
São Paulo,70,2,2,1,12,1,0,665,11904961,2000
São Paulo,120,2,1,4,0,1,0,0,11904961,2000
São Paulo,230,3,3,3,7,1,0,2500,11904961,3916
São Paulo,130,2,2,2,0,1,0,0,11904961,3500
São Paulo,67,2,2,1,9,1,0,730,11904961,1970
Campinas,140,4,3,2,14,1,0,1030,1187974,3500
Rio de Janeiro,80,3,2,0,4,1,0,300,6730729,1500
São Paulo,40,1,1,0,3,1,0,307,11904961,1350
Belo Horizonte,49,2,1,1,4,1,0,225,2415872,1000
São Paulo,73,3,1,1,4,1,1,1270,11904961,3800
São Paulo,110,2,3,3,0,1,0,0,11904961,2200
São Paulo,79,3,2,1,8,1,1,580,11904961,2400
Belo Horizonte,40,1,1,0,4,0,0,300,2415872,1155
São Paulo,370,4,6,0,8,1,0,3417,11904961,7900
Belo Horizonte,140,4,3,2,3,1,0,822,2415872,2200
Rio de Janeiro,300,4,4,2,1,1,0,2500,6730729,8000
São Paulo,40,1,1,1,2,0,1,375,11904961,1635
Rio de Janeiro,100,3,2,2,8,1,1,1129,6730729,1600
São Paulo,63,2,2,1,6,1,0,650,11904961,1890
São Paulo,150,3,2,1,6,0,0,1246,11904961,5500
São Paulo,190,3,3,3,6,1,0,3000,11904961,13000
Rio de Janeiro,100,3,2,2,13,1,0,970,6730729,2400
Porto Alegre,132,6,4,2,18,1,0,800,1388794,3400
São Paulo,127,2,3,3,3,1,0,2300,11904961,3300
São Paulo,222,3,3,2,0,1,0,0,11904961,2400
São Paulo,80,2,2,1,0,1,0,0,11904961,1680
São Paulo,208,4,4,3,5,1,0,3600,11904961,12000
São Paulo,480,4,4,6,0,1,0,0,11904961,10000
São Paulo,360,3,5,2,1,1,0,3500,11904961,15000
São Paulo,142,3,2,2,8,1,0,1026,11904961,1750
Rio de Janeiro,150,3,3,0,6,0,0,1100,6730729,5100
Rio de Janeiro,35,1,1,0,6,1,0,480,6730729,1000
Campinas,44,2,1,1,5,1,0,250,1187974,1090
São Paulo,130,3,2,1,1,1,0,1200,11904961,4500
Porto Alegre,70,2,2,0,4,0,1,250,1388794,1550
São Paulo,68,2,1,0,1,1,0,230,11904961,1300
São Paulo,212,4,3,4,1,1,0,3300,11904961,15000
Rio de Janeiro,35,1,1,1,4,1,1,580,6730729,3300
São Paulo,116,3,2,1,6,1,0,950,11904961,1700
São Paulo,80,1,1,0,11,1,1,427,11904961,1900
São Paulo,47,1,1,1,6,1,0,756,11904961,2250
Rio de Janeiro,60,3,2,1,1,1,1,842,6730729,1000
Belo Horizonte,60,1,1,1,8,1,1,694,2415872,1098
São Paulo,100,2,1,0,0,0,0,0,11904961,5000
São Paulo,75,3,2,1,13,0,1,700,11904961,2900
São Paulo,75,2,3,2,6,0,0,499,11904961,2500
Belo Horizonte,65,2,1,1,2,1,0,220,2415872,700
São Paulo,25,1,1,0,16,1,0,294,11904961,1300
São Paulo,194,4,3,2,7,1,0,2600,11904961,2999
São Paulo,75,2,2,0,0,1,0,0,11904961,2000
Belo Horizonte,51,2,1,0,2,1,1,165,2415872,1000
São Paulo,63,2,2,2,4,0,0,600,11904961,4080
São Paulo,45,2,1,1,2,0,1,1300,11904961,3000
Rio de Janeiro,85,2,2,1,1,1,0,1100,6730729,2000
Rio de Janeiro,70,2,2,1,6,1,0,695,6730729,1700
Porto Alegre,66,2,1,0,1,1,0,150,1388794,1700
Rio de Janeiro,45,1,1,0,11,1,0,470,6730729,1100
Porto Alegre,114,3,2,1,2,1,1,750,1388794,2900
Rio de Janeiro,26,1,1,0,2,1,1,380,6730729,2300
Porto Alegre,60,1,1,2,1,1,1,0,1388794,2000
Porto Alegre,44,1,1,0,2,1,0,280,1388794,1100
São Paulo,91,2,3,2,5,0,0,2065,11904961,9800
Rio de Janeiro,70,2,2,1,2,1,0,650,6730729,1000
São Paulo,30,1,1,0,1,1,1,0,11904961,1550
Belo Horizonte,308,4,5,4,18,1,1,1750,2415872,15000
São Paulo,217,3,5,6,0,1,0,0,11904961,5000
Campinas,47,1,1,0,2,1,0,400,1187974,1700
Rio de Janeiro,60,2,1,1,3,1,0,150,6730729,1800
São Paulo,490,3,5,4,0,1,0,0,11904961,10000
São Paulo,180,3,3,2,5,0,0,1600,11904961,3000
Porto Alegre,65,2,2,2,6,1,0,400,1388794,1950
Porto Alegre,76,2,2,2,3,1,0,600,1388794,1700
Campinas,56,2,1,1,5,1,0,340,1187974,1400
São Paulo,68,1,1,0,3,1,0,500,11904961,1500
Campinas,56,1,1,1,6,1,1,722,1187974,1350
Rio de Janeiro,131,3,2,2,3,1,0,2800,6730729,10000
São Paulo,100,3,1,4,0,1,0,0,11904961,2500
São Paulo,72,2,2,1,18,1,0,350,11904961,2500
Belo Horizonte,88,3,2,1,2,1,0,289,2415872,1450
Rio de Janeiro,38,1,1,0,2,1,1,700,6730729,1850
São Paulo,49,2,1,1,15,1,0,487,11904961,1300
São Paulo,60,1,1,1,8,1,0,900,11904961,4600
São Paulo,80,2,1,1,2,1,0,1257,11904961,2950
Porto Alegre,280,5,3,3,0,1,1,0,1388794,4000
São Paulo,510,4,3,5,0,1,0,0,11904961,10000
São Paulo,148,1,2,4,25,1,0,1845,11904961,9900
Porto Alegre,76,3,2,1,9,1,0,550,1388794,1600
Belo Horizonte,110,3,2,1,2,0,0,400,2415872,1400
Belo Horizonte,22,1,1,1,1,0,0,0,2415872,1275
São Paulo,42,1,1,1,0,1,1,450,11904961,2000
São Paulo,59,2,1,1,1,0,0,490,11904961,1700
São Paulo,158,4,4,4,10,1,1,2250,11904961,2500
Belo Horizonte,65,2,2,1,1,0,0,290,2415872,925
São Paulo,298,4,4,1,0,1,0,0,11904961,3000
Rio de Janeiro,38,1,1,0,4,0,1,877,6730729,2280
São Paulo,213,4,4,3,17,1,0,2600,11904961,6500
São Paulo,150,3,2,3,0,1,0,0,11904961,1900
São Paulo,65,2,1,1,1,1,0,100,11904961,1400
São Paulo,169,4,4,4,9,1,0,1800,11904961,6450
São Paulo,100,2,3,1,2,1,0,1260,11904961,3973
São Paulo,158,4,4,3,5,1,0,2100,11904961,6600
São Paulo,150,2,2,2,0,1,0,0,11904961,6000
Porto Alegre,49,2,1,0,4,1,0,250,1388794,1650
São Paulo,260,4,4,4,7,1,0,3400,11904961,5000
Rio de Janeiro,65,1,1,1,3,1,0,780,6730729,2500
São Paulo,380,6,5,3,0,0,0,0,11904961,9000
Belo Horizonte,70,3,1,0,1,1,0,205,2415872,1200
Campinas,180,2,1,0,0,1,0,0,1187974,2000
Rio de Janeiro,105,2,1,0,2,1,0,400,6730729,1250
Belo Horizonte,300,8,3,1,0,1,0,0,2415872,4000
São Paulo,190,3,3,1,1,1,0,2000,11904961,9000
Belo Horizonte,67,2,2,2,1,1,0,202,2415872,1000
São Paulo,96,2,2,2,25,0,1,1200,11904961,9000
Porto Alegre,75,2,2,1,6,1,0,200,1388794,1300
Campinas,45,1,1,1,2,1,0,367,1187974,1100
São Paulo,60,2,1,1,4,1,1,489,11904961,1900
São Paulo,45,1,1,1,2,0,1,781,11904961,2970
São Paulo,38,1,1,1,5,0,1,1450,11904961,3400
São Paulo,75,1,1,1,0,0,0,0,11904961,1521
São Paulo,442,5,6,6,0,1,0,0,11904961,7500
São Paulo,220,3,3,2,8,0,1,1700,11904961,11000
São Paulo,140,3,1,2,0,0,0,140,11904961,6000
Belo Horizonte,76,3,2,1,3,1,0,375,2415872,1400
Campinas,60,2,1,1,4,1,0,395,1187974,580
Porto Alegre,50,1,1,0,0,1,0,250,1388794,803
São Paulo,165,4,3,2,0,1,0,0,11904961,5000
São Paulo,90,1,1,0,0,0,0,0,11904961,1150
Campinas,62,2,1,1,6,1,0,447,1187974,1200
São Paulo,120,3,2,2,0,1,0,0,11904961,3800
Belo Horizonte,279,4,5,4,0,1,0,0,2415872,4500
Rio de Janeiro,79,3,2,0,9,0,1,781,6730729,3500
Rio de Janeiro,45,1,1,0,4,1,0,480,6730729,980
Rio de Janeiro,36,1,1,0,6,1,0,700,6730729,590
Campinas,47,1,1,0,10,0,1,580,1187974,750
Campinas,270,4,4,8,0,1,0,0,1187974,3200
Belo Horizonte,25,1,1,0,3,0,1,700,2415872,890
São Paulo,45,2,1,1,14,1,0,280,11904961,1125
São Paulo,255,4,4,3,2,1,0,5000,11904961,6600
Campinas,55,1,2,1,4,0,0,744,1187974,954
São Paulo,85,3,3,2,3,0,0,1600,11904961,4940
Belo Horizonte,200,3,3,2,4,1,0,370,2415872,2700
Porto Alegre,55,2,2,0,4,1,0,290,1388794,1400
São Paulo,180,5,5,2,15,1,0,1285,11904961,2287
Campinas,64,2,2,2,51,1,0,800,1187974,1900
Porto Alegre,42,2,1,1,2,1,0,900,1388794,923
São Paulo,300,3,3,5,0,1,0,0,11904961,5400
São Paulo,32,1,1,1,22,1,1,1800,11904961,2000
São Paulo,64,2,1,2,3,1,0,480,11904961,1850
São Paulo,72,2,2,1,9,1,0,626,11904961,1440
Rio de Janeiro,30,1,1,0,20,0,0,0,6730729,1000
Porto Alegre,55,2,1,0,1,1,0,150,1388794,1250
São Paulo,253,3,5,5,9,1,0,2760,11904961,6750
São Paulo,147,3,2,0,9,0,1,1500,11904961,4250
São Paulo,110,3,3,1,7,1,0,1306,11904961,4575
São Paulo,400,4,3,4,0,1,0,0,11904961,3760
Porto Alegre,350,5,4,2,0,1,0,0,1388794,4794
São Paulo,510,5,5,5,0,0,1,0,11904961,10000
São Paulo,246,3,4,4,9,1,1,3350,11904961,10000
Campinas,92,3,4,2,1,1,0,804,1187974,2200
São Paulo,54,2,2,1,6,0,0,500,11904961,2300
São Paulo,130,3,2,0,12,1,0,1655,11904961,3700
Rio de Janeiro,53,2,2,1,7,1,0,950,6730729,1100
São Paulo,59,2,1,1,10,1,0,589,11904961,1500
Belo Horizonte,153,3,2,2,0,1,0,0,2415872,9876
São Paulo,78,2,1,1,1,1,0,430,11904961,950
São Paulo,305,3,3,3,8,1,0,3100,11904961,5500
Campinas,54,1,1,1,9,1,0,758,1187974,1148
São Paulo,80,2,2,0,2,1,0,580,11904961,1275
São Paulo,26,1,1,0,6,1,0,308,11904961,1490
São Paulo,96,2,1,1,8,0,0,795,11904961,2500
Campinas,70,3,1,1,1,1,0,650,1187974,1300
São Paulo,56,2,1,1,11,1,1,530,11904961,2500
Belo Horizonte,320,5,3,4,0,1,0,0,2415872,5500
São Paulo,30,1,1,0,0,0,0,0,11904961,861
Rio de Janeiro,45,1,1,0,11,0,0,340,6730729,1000
São Paulo,101,2,3,1,12,1,0,900,11904961,3500
São Paulo,220,4,4,2,10,1,0,2500,11904961,3200
São Paulo,60,2,1,0,0,0,0,0,11904961,1200
São Paulo,62,2,1,1,3,1,0,350,11904961,1800
Rio de Janeiro,65,2,1,1,3,1,0,800,6730729,1100
Porto Alegre,111,2,2,1,0,1,0,218,1388794,1102
São Paulo,140,2,1,2,0,1,0,0,11904961,4000
São Paulo,17,1,1,0,1,0,1,300,11904961,2100
São Paulo,90,3,2,2,7,1,0,1300,11904961,3500
São Paulo,40,1,1,0,0,0,0,0,11904961,1350
Rio de Janeiro,70,2,2,0,7,0,1,750,6730729,6100
São Paulo,370,4,5,5,17,1,1,4800,11904961,5000
Porto Alegre,48,2,1,1,3,1,0,400,1388794,1000
Belo Horizonte,130,3,2,1,2,1,0,747,2415872,2500
São Paulo,303,3,4,4,1,1,1,4540,11904961,18000
São Paulo,150,3,4,3,6,1,0,3500,11904961,10740
Belo Horizonte,190,4,4,3,1,0,0,1740,2415872,6200
Belo Horizonte,250,4,4,0,0,1,0,0,2415872,3940
Campinas,78,3,2,2,3,1,0,605,1187974,1690
São Paulo,160,3,3,2,0,1,0,0,11904961,2500
Rio de Janeiro,100,3,2,1,6,1,0,1005,6730729,1850
São Paulo,298,3,4,3,0,1,1,0,11904961,14700
Porto Alegre,140,3,3,1,0,1,0,100,1388794,1500
São Paulo,78,2,2,2,13,1,0,613,11904961,4338
Campinas,47,1,1,1,12,1,0,1500,1187974,650
São Paulo,80,2,1,2,2,1,1,900,11904961,2424
São Paulo,60,2,1,1,5,1,0,675,11904961,1550
Rio de Janeiro,52,1,1,0,12,0,1,750,6730729,2500
Belo Horizonte,75,3,1,1,4,1,0,263,2415872,1100
São Paulo,45,2,1,1,4,1,1,430,11904961,2364
São Paulo,26,1,1,0,0,0,0,0,11904961,900
Belo Horizonte,120,3,2,0,0,1,0,0,2415872,2200
São Paulo,239,4,4,4,15,1,0,2027,11904961,5500
São Paulo,22,1,1,1,19,0,0,500,11904961,2200
São Paulo,750,7,6,5,0,1,1,0,11904961,5800
Rio de Janeiro,148,3,2,2,1,1,0,1422,6730729,4000
São Paulo,76,3,1,2,2,1,1,900,11904961,2280
São Paulo,45,1,1,1,3,1,0,520,11904961,3200
Campinas,74,3,2,1,7,1,0,650,1187974,1600
Porto Alegre,38,1,1,1,3,1,0,360,1388794,500
São Paulo,57,1,1,0,10,1,1,300,11904961,6000
São Paulo,147,3,3,2,7,1,0,1520,11904961,2200
São Paulo,300,4,5,2,6,1,1,3600,11904961,7800
São Paulo,50,2,1,1,3,1,0,480,11904961,1200
Porto Alegre,55,1,1,1,10,0,1,620,1388794,3500
Rio de Janeiro,25,1,1,0,1,1,1,500,6730729,1400
São Paulo,80,3,2,2,6,1,0,1219,11904961,3650
Belo Horizonte,300,2,4,3,7,1,1,3500,2415872,2800
São Paulo,680,4,5,8,0,1,0,0,11904961,8000
São Paulo,252,4,5,5,18,1,1,3100,11904961,12500
São Paulo,208,3,3,2,2,1,1,2354,11904961,7000
Rio de Janeiro,36,1,1,0,7,1,0,520,6730729,750
Belo Horizonte,50,2,1,1,3,1,0,230,2415872,1100
Belo Horizonte,184,5,3,2,3,1,0,330,2415872,2600
São Paulo,100,2,2,2,0,1,0,0,11904961,5590
Porto Alegre,73,2,1,0,1,1,1,260,1388794,1350
Rio de Janeiro,140,3,2,1,5,1,1,1585,6730729,1290
Rio de Janeiro,240,3,2,1,5,1,1,1900,6730729,8000
São Paulo,60,2,1,1,2,1,0,0,11904961,2700
São Paulo,170,3,3,2,9,1,0,1500,11904961,4500
Porto Alegre,59,2,1,1,4,1,1,260,1388794,1930
Rio de Janeiro,169,3,2,1,7,1,0,1300,6730729,2700
Campinas,58,1,2,2,2,1,0,630,1187974,1235
Campinas,110,2,1,1,2,1,0,130,1187974,980
São Paulo,70,2,2,0,0,0,0,0,11904961,1500
Porto Alegre,27,1,1,0,2,1,0,100,1388794,960
São Paulo,200,3,2,3,3,1,0,1600,11904961,4000
Rio de Janeiro,180,3,2,2,10,0,0,2000,6730729,7000
São Paulo,33,1,1,1,5,0,1,1750,11904961,1000
São Paulo,120,2,3,0,0,1,0,0,11904961,7000
São Paulo,470,5,4,6,0,1,0,0,11904961,7200
Campinas,277,3,4,4,0,1,0,0,1187974,3170
Rio de Janeiro,71,3,2,0,1,0,0,300,6730729,1450
São Paulo,40,1,1,1,0,1,0,0,11904961,1200
São Paulo,90,2,1,0,9,0,0,1200,11904961,3850
São Paulo,244,3,4,2,0,1,0,0,11904961,4500
Campinas,55,1,1,1,2,1,0,570,1187974,1100
Campinas,92,3,2,2,13,1,1,720,1187974,3200
São Paulo,318,5,3,2,0,1,1,0,11904961,3840
São Paulo,60,2,2,1,7,1,0,600,11904961,2200
Belo Horizonte,120,3,3,1,3,1,1,330,2415872,2300
São Paulo,30,1,1,1,18,0,0,2000,11904961,1950
São Paulo,55,1,1,1,2,1,1,1950,11904961,5000
Porto Alegre,38,1,1,0,5,1,0,350,1388794,770
Porto Alegre,55,3,1,0,0,0,0,0,1388794,720
São Paulo,182,3,2,1,6,1,0,1990,11904961,9000
Rio de Janeiro,77,2,2,1,21,1,0,932,6730729,1950
Campinas,160,3,1,4,0,0,0,0,1187974,3400
São Paulo,346,4,4,4,6,1,0,2200,11904961,4080
Rio de Janeiro,80,2,1,0,8,1,0,900,6730729,1300
Campinas,88,3,2,2,1,1,1,900,1187974,1950
Rio de Janeiro,75,2,2,1,8,1,0,900,6730729,2500
Rio de Janeiro,120,3,2,0,3,1,0,1333,6730729,3500
Rio de Janeiro,28,1,1,0,12,1,0,600,6730729,1230
São Paulo,29,1,1,0,5,1,1,400,11904961,2000
Belo Horizonte,67,3,1,1,3,1,0,235,2415872,900
São Paulo,110,3,2,1,1,0,1,1172,11904961,6500
São Paulo,170,3,2,1,12,1,1,1700,11904961,5500
São Paulo,80,2,2,1,0,0,0,0,11904961,1500
São Paulo,72,2,1,1,4,1,0,860,11904961,1440
Belo Horizonte,76,1,2,2,6,1,0,892,2415872,4000
Rio de Janeiro,126,2,2,1,2,1,0,1949,6730729,3500
São Paulo,150,1,2,2,24,1,0,1100,11904961,5500
Rio de Janeiro,40,1,1,0,9,1,0,300,6730729,1505
São Paulo,84,3,2,3,8,0,0,1450,11904961,3200
Rio de Janeiro,100,4,4,1,0,1,1,1350,6730729,4350
São Paulo,209,3,3,0,4,1,0,2200,11904961,4000
Belo Horizonte,100,3,2,1,2,1,0,745,2415872,1400
São Paulo,50,2,1,1,3,1,0,360,11904961,1300
Rio de Janeiro,23,1,1,0,4,0,0,550,6730729,1500
São Paulo,50,1,1,0,0,0,0,0,11904961,1200
São Paulo,68,1,2,1,11,1,0,1200,11904961,4500
Porto Alegre,86,2,1,0,0,1,0,250,1388794,1150
São Paulo,57,2,2,1,8,1,0,465,11904961,1150
Belo Horizonte,110,2,2,1,6,1,0,700,2415872,4000
São Paulo,69,2,1,1,3,1,0,470,11904961,1550
Campinas,48,1,1,1,1,0,0,450,1187974,550
São Paulo,240,3,5,3,14,1,1,3500,11904961,10800
Belo Horizonte,84,3,2,0,3,1,0,250,2415872,1250
São Paulo,88,2,2,3,20,1,1,3114,11904961,3400
São Paulo,270,3,2,2,15,1,0,2168,11904961,10000
Rio de Janeiro,66,2,1,1,5,1,0,800,6730729,1560
Rio de Janeiro,81,3,1,1,7,1,0,725,6730729,1500
São Paulo,184,4,3,3,2,1,1,1200,11904961,4500
São Paulo,170,3,2,2,0,0,0,0,11904961,3000
São Paulo,500,3,5,2,11,1,0,5000,11904961,15000
São Paulo,200,3,4,3,18,1,1,2350,11904961,6200
São Paulo,70,2,2,1,7,1,0,569,11904961,1900
Belo Horizonte,155,4,5,3,15,1,0,1700,2415872,6200
São Paulo,100,3,1,0,0,1,1,870,11904961,2650
São Paulo,198,1,1,3,2,0,1,1100,11904961,10700
São Paulo,45,2,1,0,5,0,1,400,11904961,2800
São Paulo,40,1,1,1,8,0,1,1800,11904961,4800
Porto Alegre,30,1,1,0,2,1,1,200,1388794,1100
São Paulo,44,1,1,1,5,1,1,760,11904961,2572
São Paulo,98,3,2,2,12,0,0,958,11904961,4300
Belo Horizonte,73,3,1,0,1,1,0,200,2415872,900
São Paulo,340,4,4,4,15,1,1,2500,11904961,8700
Porto Alegre,101,3,2,0,3,1,1,450,1388794,1920
Rio de Janeiro,30,1,1,0,11,1,0,500,6730729,1720
São Paulo,80,1,1,0,0,1,0,0,11904961,1600
Rio de Janeiro,30,1,1,1,3,1,0,0,6730729,500
São Paulo,999,4,5,6,0,1,0,2500,11904961,15000
São Paulo,171,3,5,3,16,1,0,1320,11904961,10600
São Paulo,100,3,2,1,1,1,0,879,11904961,1600
São Paulo,70,2,1,1,9,1,0,767,11904961,2707
São Paulo,49,1,1,0,1,1,1,768,11904961,2600
Belo Horizonte,62,2,2,0,1,1,0,0,2415872,1300
São Paulo,162,4,5,3,16,1,0,1720,11904961,3700
São Paulo,260,4,4,4,4,1,0,3247,11904961,15000
Rio de Janeiro,266,4,4,2,4,1,0,1704,6730729,4850
São Paulo,250,3,5,5,18,1,1,3427,11904961,15000
São Paulo,124,3,3,2,2,0,0,2019,11904961,2500
Belo Horizonte,57,3,1,1,4,1,0,300,2415872,900
São Paulo,218,3,4,2,6,0,0,1800,11904961,7800
São Paulo,210,4,4,4,5,1,0,3000,11904961,13100
Porto Alegre,274,3,2,2,1,1,0,300,1388794,2500
São Paulo,52,2,2,1,2,1,1,391,11904961,1800
São Paulo,254,4,6,5,14,0,1,4000,11904961,7740
São Paulo,147,3,3,3,13,1,0,1157,11904961,3600
Rio de Janeiro,78,2,2,1,2,1,0,180,6730729,1650
São Paulo,60,2,2,0,0,1,0,518,11904961,1300
Rio de Janeiro,130,3,2,0,6,1,0,1350,6730729,2700
São Paulo,50,1,1,1,21,1,1,765,11904961,2700
São Paulo,110,3,2,3,11,1,0,1150,11904961,2600
Rio de Janeiro,80,2,1,0,2,1,0,270,6730729,2850
São Paulo,376,5,6,4,13,1,0,4252,11904961,12000
São Paulo,50,2,1,0,12,1,0,500,11904961,1370
São Paulo,179,3,2,2,5,1,0,2080,11904961,10000
Campinas,163,3,5,3,20,1,0,1450,1187974,9800
Rio de Janeiro,110,3,1,1,8,1,0,1055,6730729,1820
São Paulo,330,6,4,3,0,1,0,0,11904961,13000
São Paulo,35,1,1,0,18,1,0,250,11904961,1850
Campinas,96,3,3,2,4,0,0,590,1187974,4147
Belo Horizonte,90,2,3,0,0,1,0,0,2415872,2080
São Paulo,45,1,1,0,0,1,0,0,11904961,1500
São Paulo,130,3,1,1,0,1,0,0,11904961,5600
Rio de Janeiro,77,2,1,0,5,1,0,705,6730729,1200
São Paulo,35,1,1,1,2,1,0,762,11904961,2650
São Paulo,280,3,4,4,14,0,1,3700,11904961,12000
Belo Horizonte,344,4,4,3,0,0,0,0,2415872,3500
Belo Horizonte,140,4,2,2,3,1,0,877,2415872,1950
Belo Horizonte,95,3,4,1,9,1,0,957,2415872,3000
Campinas,55,2,1,1,1,1,0,270,1187974,900
Belo Horizonte,50,2,1,2,6,1,0,220,2415872,850
São Paulo,200,4,5,4,16,1,0,2607,11904961,10000
São Paulo,50,1,1,1,2,1,0,650,11904961,2350
São Paulo,200,4,2,3,0,1,1,0,11904961,4500
São Paulo,67,2,2,1,1,1,0,1250,11904961,2840
São Paulo,62,3,2,1,8,0,0,300,11904961,2050
Rio de Janeiro,50,1,1,0,2,1,1,532,6730729,1700
Porto Alegre,77,2,2,2,3,1,0,450,1388794,2500
São Paulo,220,3,3,2,13,1,0,250,11904961,4680
São Paulo,253,4,5,3,1,1,0,2100,11904961,4100
São Paulo,500,4,4,3,0,1,0,0,11904961,9000
São Paulo,35,1,1,0,6,1,0,380,11904961,900
São Paulo,325,4,3,2,3,1,0,4500,11904961,8500
Porto Alegre,28,1,1,0,4,1,0,150,1388794,800
Rio de Janeiro,76,2,2,1,9,1,1,1400,6730729,3360
São Paulo,70,2,1,1,7,1,0,500,11904961,1300
São Paulo,120,3,4,2,5,1,1,2200,11904961,2040
Rio de Janeiro,180,3,3,0,0,1,0,20,6730729,2500
São Paulo,350,4,3,4,0,1,0,0,11904961,6000
Porto Alegre,60,1,1,0,2,1,0,200,1388794,750
Porto Alegre,87,2,2,2,19,1,0,630,1388794,2900
São Paulo,80,3,1,0,0,0,0,0,11904961,2837
São Paulo,90,3,1,0,0,1,0,0,11904961,2700
São Paulo,200,4,3,8,0,1,0,0,11904961,8700
São Paulo,260,4,4,3,13,1,0,4070,11904961,15000
Rio de Janeiro,100,3,1,2,1,1,0,1890,6730729,4500
São Paulo,50,2,2,0,1,0,0,200,11904961,950
São Paulo,800,4,7,8,0,1,0,0,11904961,12000
São Paulo,75,1,2,2,19,1,0,1092,11904961,2500
São Paulo,213,3,2,0,9,1,0,1490,11904961,4100
São Paulo,70,2,2,1,0,1,0,0,11904961,1650
Porto Alegre,55,2,1,0,2,1,0,287,1388794,1000
São Paulo,264,3,3,2,16,1,1,2480,11904961,5300
Belo Horizonte,66,2,1,1,1,0,0,250,2415872,1650
Campinas,269,4,5,0,12,1,0,3000,1187974,5100
Rio de Janeiro,50,2,1,1,5,1,1,470,6730729,1550
São Paulo,400,4,5,5,0,1,0,0,11904961,10000
São Paulo,38,1,1,0,3,0,0,200,11904961,1685
Rio de Janeiro,50,2,1,0,5,1,1,460,6730729,1800
São Paulo,84,1,1,1,1,0,0,929,11904961,2500
Campinas,40,1,1,1,1,0,1,560,1187974,1000
São Paulo,50,1,1,0,0,0,0,0,11904961,690
São Paulo,90,2,2,0,1,1,1,320,11904961,3200
Porto Alegre,50,1,1,0,2,0,0,250,1388794,1500
São Paulo,220,3,4,1,6,1,0,1680,11904961,12000
São Paulo,106,3,3,1,2,1,0,970,11904961,2500
São Paulo,65,2,1,2,7,1,0,980,11904961,1800
Porto Alegre,70,2,1,1,2,1,0,390,1388794,930
São Paulo,260,2,3,4,0,1,0,0,11904961,5500
Campinas,60,2,1,1,3,1,0,345,1187974,820
Rio de Janeiro,80,2,2,0,3,1,0,450,6730729,1275
São Paulo,132,3,2,3,0,1,0,0,11904961,2500
São Paulo,85,2,2,2,7,0,0,900,11904961,7200
São Paulo,600,4,6,6,0,1,0,0,11904961,12000
São Paulo,87,2,2,1,5,1,0,2100,11904961,2975
São Paulo,78,3,1,2,7,1,1,1350,11904961,2330
São Paulo,188,3,3,3,4,1,1,1800,11904961,8000
Rio de Janeiro,38,1,1,1,3,1,0,423,6730729,1450
São Paulo,209,4,4,5,10,1,1,3990,11904961,9800
São Paulo,280,4,5,4,14,1,0,3200,11904961,13000
São Paulo,420,4,4,4,9,1,0,6000,11904961,15000
Belo Horizonte,68,2,1,0,0,1,0,35,2415872,1000
Porto Alegre,46,1,1,0,5,1,0,280,1388794,990
Porto Alegre,63,2,1,2,6,1,1,700,1388794,2750
São Paulo,220,3,3,3,0,1,0,0,11904961,3700
São Paulo,150,3,4,2,0,1,0,0,11904961,3000
São Paulo,98,2,2,2,29,1,0,1450,11904961,8500
Rio de Janeiro,119,3,3,2,7,1,0,1200,6730729,3000
Porto Alegre,40,1,1,0,2,0,0,210,1388794,796
Porto Alegre,110,3,1,1,2,1,0,450,1388794,2700
São Paulo,75,2,1,1,5,0,0,748,11904961,2000
São Paulo,50,2,1,1,7,0,0,347,11904961,1500
Rio de Janeiro,152,4,2,1,7,1,1,1944,6730729,3500
São Paulo,330,4,2,8,0,0,0,0,11904961,4000
São Paulo,251,3,2,2,0,1,0,0,11904961,3400
Rio de Janeiro,120,3,3,2,6,1,0,1316,6730729,3000
São Paulo,64,1,2,2,15,1,0,691,11904961,2100
Porto Alegre,180,3,2,1,3,0,0,1300,1388794,2000
Belo Horizonte,61,3,1,1,2,1,0,300,2415872,1500
Campinas,62,2,1,0,2,1,0,430,1187974,800
São Paulo,35,1,1,1,1,0,1,444,11904961,3388
Belo Horizonte,60,2,1,1,2,1,0,250,2415872,1300
Porto Alegre,58,1,2,2,2,1,0,450,1388794,2200
São Paulo,146,3,5,2,8,1,0,1100,11904961,6600
São Paulo,176,3,4,3,4,1,0,1600,11904961,6500
São Paulo,220,6,2,2,0,1,0,0,11904961,3600
Belo Horizonte,47,2,1,1,4,0,0,250,2415872,1300
São Paulo,30,1,1,0,0,0,0,0,11904961,650
São Paulo,103,3,2,0,14,1,0,950,11904961,2160
Rio de Janeiro,600,7,6,2,0,0,1,0,6730729,9000
Rio de Janeiro,200,4,5,3,0,1,0,0,6730729,6200
São Paulo,34,1,1,0,10,1,0,200,11904961,1530
São Paulo,95,2,1,1,0,1,0,0,11904961,2900
São Paulo,215,4,4,2,16,0,1,2600,11904961,6000
Rio de Janeiro,60,2,1,1,3,0,0,530,6730729,1230
Rio de Janeiro,145,3,2,1,3,1,0,3300,6730729,9000
São Paulo,102,3,2,2,0,1,0,0,11904961,1600
São Paulo,44,1,1,1,19,1,1,385,11904961,3600
São Paulo,90,2,2,0,3,1,0,1600,11904961,4200
São Paulo,180,4,3,1,4,1,1,1572,11904961,5000
Porto Alegre,123,3,3,1,2,0,0,0,1388794,3000
São Paulo,54,2,2,1,8,0,0,769,11904961,2200
São Paulo,50,1,1,1,6,1,1,1000,11904961,1884
São Paulo,100,2,1,1,0,1,0,0,11904961,1690
Porto Alegre,36,1,1,1,17,1,0,225,1388794,1200
São Paulo,92,1,2,1,6,1,0,810,11904961,3010
São Paulo,68,2,2,1,7,1,0,500,11904961,2000
São Paulo,94,3,3,3,4,1,1,1400,11904961,4450
São Paulo,60,2,2,0,0,1,0,0,11904961,1300
São Paulo,321,5,3,5,0,1,0,0,11904961,13000
São Paulo,116,3,4,2,1,1,1,1242,11904961,3900
São Paulo,40,1,1,0,0,0,0,0,11904961,1010
Porto Alegre,100,3,2,2,0,1,0,1,1388794,2300
São Paulo,70,2,1,0,0,1,0,0,11904961,1300
São Paulo,48,1,1,1,2,1,1,530,11904961,1700
São Paulo,115,3,5,2,10,1,0,1830,11904961,7000
São Paulo,90,1,1,1,12,1,0,870,11904961,3600
Rio de Janeiro,89,2,2,1,2,1,0,800,6730729,2900
Porto Alegre,30,1,1,0,3,1,0,140,1388794,1360
Porto Alegre,39,1,1,0,11,1,0,340,1388794,600
São Paulo,42,1,1,1,27,0,1,560,11904961,5250
São Paulo,400,4,5,5,0,1,0,0,11904961,7200
São Paulo,47,1,2,1,2,1,1,490,11904961,2500
São Paulo,124,2,2,2,0,1,1,0,11904961,7200
Campinas,120,3,2,3,0,1,0,0,1187974,2200
Campinas,45,1,1,0,0,0,0,0,1187974,700
São Paulo,270,3,2,4,0,1,0,0,11904961,6500
São Paulo,108,3,2,1,10,1,0,1000,11904961,3655
São Paulo,128,3,4,4,13,0,1,1306,11904961,8000
Rio de Janeiro,179,4,2,0,9,1,0,1600,6730729,3040
Belo Horizonte,140,4,2,2,3,1,0,777,2415872,2000
Belo Horizonte,27,1,1,0,1,0,1,0,2415872,1167
São Paulo,250,3,4,2,16,1,0,3300,11904961,6000
Porto Alegre,350,4,3,3,0,1,1,0,1388794,4400
São Paulo,208,3,2,2,3,1,0,1800,11904961,5000
São Paulo,80,3,1,0,0,0,0,185,11904961,2100
São Paulo,34,1,1,1,4,1,0,620,11904961,3100
São Paulo,150,4,3,0,2,1,0,0,11904961,2850
São Paulo,127,3,3,2,17,0,1,1775,11904961,7000
São Paulo,296,4,5,2,0,1,0,0,11904961,8500
São Paulo,61,1,1,0,1,0,1,437,11904961,2700
São Paulo,375,4,4,3,19,1,1,2500,11904961,9000
São Paulo,370,5,4,3,0,1,0,0,11904961,14000
Porto Alegre,30,1,1,0,2,1,1,280,1388794,1270
São Paulo,480,5,7,5,19,1,0,6200,11904961,8500
São Paulo,33,1,1,1,18,0,1,1500,11904961,3500
Rio de Janeiro,84,3,1,0,1,0,0,900,6730729,3100
São Paulo,340,8,5,4,0,1,0,0,11904961,7000
Porto Alegre,97,3,3,3,5,1,0,850,1388794,3000
Rio de Janeiro,110,3,2,1,8,1,0,1488,6730729,2500
Belo Horizonte,77,3,3,2,2,1,1,1010,2415872,2200
Rio de Janeiro,105,3,2,1,4,1,0,1590,6730729,2500
São Paulo,33,1,1,1,1,0,1,190,11904961,1800
São Paulo,25,1,1,0,5,1,0,340,11904961,2040
São Paulo,130,2,2,2,0,1,1,0,11904961,4400
São Paulo,480,4,7,5,0,1,0,0,11904961,7500
São Paulo,240,3,3,3,11,1,1,3000,11904961,10000
Rio de Janeiro,80,2,2,1,8,1,0,760,6730729,2500
São Paulo,50,2,1,2,1,0,0,850,11904961,1900
Belo Horizonte,32,1,1,0,9,0,0,300,2415872,1000
Belo Horizonte,48,2,1,1,2,1,0,170,2415872,1400
São Paulo,90,3,3,1,0,1,0,0,11904961,2600
Rio de Janeiro,30,1,1,0,14,1,1,706,6730729,1100
Porto Alegre,75,2,2,1,4,1,0,488,1388794,2800
Porto Alegre,59,2,2,1,2,1,0,490,1388794,1450
Campinas,140,4,3,2,2,1,0,1070,1187974,3000
São Paulo,100,2,1,1,11,1,0,1173,11904961,4000
Campinas,23,1,1,0,0,0,1,0,1187974,990
São Paulo,124,3,2,1,4,0,1,1070,11904961,2750
São Paulo,84,2,3,2,32,0,1,850,11904961,8500
São Paulo,69,2,2,1,21,1,0,662,11904961,4000
Belo Horizonte,100,3,1,0,0,1,0,0,2415872,2000
São Paulo,70,1,2,1,3,1,0,1054,11904961,4000
Belo Horizonte,88,3,2,1,3,1,0,320,2415872,1290
Belo Horizonte,465,7,7,2,0,1,1,0,2415872,15000
São Paulo,90,3,2,2,1,1,0,1800,11904961,2730
São Paulo,120,3,3,1,5,1,0,1656,11904961,3000
São Paulo,277,3,4,2,17,1,0,3000,11904961,7650
São Paulo,270,4,6,3,0,1,0,0,11904961,5000
Porto Alegre,216,3,2,1,23,1,0,1400,1388794,3800
Campinas,150,1,2,0,0,1,0,0,1187974,1200
São Paulo,360,4,7,5,7,1,0,3900,11904961,3995
Belo Horizonte,110,2,4,2,5,1,0,690,2415872,2700
Porto Alegre,50,2,1,1,3,1,1,334,1388794,1300
São Paulo,98,2,2,2,24,1,1,1650,11904961,7500
São Paulo,190,3,3,3,4,0,1,2000,11904961,5000
São Paulo,35,1,1,1,9,1,0,239,11904961,2500
São Paulo,350,3,5,3,0,1,0,0,11904961,12000
Belo Horizonte,950,6,6,2,0,1,0,1130,2415872,10000
São Paulo,213,4,5,4,18,1,0,3900,11904961,9900
Rio de Janeiro,100,3,2,1,7,0,0,1100,6730729,3000
São Paulo,240,4,4,4,5,1,0,2700,11904961,16000
Belo Horizonte,77,2,1,1,2,1,1,400,2415872,960
São Paulo,217,3,4,4,17,1,1,2400,11904961,14500
São Paulo,218,4,4,3,10,1,1,2347,11904961,8400
São Paulo,31,2,1,0,2,1,0,0,11904961,1040
São Paulo,380,4,7,7,15,1,0,6000,11904961,15000
Rio de Janeiro,40,1,2,0,7,1,0,500,6730729,1800
São Paulo,48,1,1,1,12,1,1,766,11904961,3800
São Paulo,55,1,1,0,0,1,0,0,11904961,1400
São Paulo,270,3,3,3,0,1,0,3500,11904961,5740
Rio de Janeiro,80,2,3,1,12,1,1,850,6730729,4500
Rio de Janeiro,50,1,1,0,0,1,0,0,6730729,1850
São Paulo,38,2,1,0,5,1,1,577,11904961,3200
Belo Horizonte,320,4,5,4,6,0,0,3480,2415872,5000
São Paulo,500,3,6,0,0,1,0,0,11904961,6400
Rio de Janeiro,110,3,3,0,0,1,0,200,6730729,2400
São Paulo,300,3,3,2,0,1,0,0,11904961,10500
São Paulo,30,1,1,0,0,0,0,0,11904961,650
São Paulo,58,2,2,1,12,0,1,942,11904961,3400
São Paulo,139,4,4,8,0,1,0,0,11904961,3500
Rio de Janeiro,210,4,5,2,2,1,0,2300,6730729,8000
Porto Alegre,50,2,1,1,5,1,0,188,1388794,1180
São Paulo,70,1,1,2,9,1,1,2150,11904961,7000
São Paulo,36,1,1,0,4,1,0,175,11904961,1275
São Paulo,48,1,1,0,0,1,0,0,11904961,1100
Belo Horizonte,92,3,2,1,1,1,0,220,2415872,1600
Rio de Janeiro,189,3,2,0,3,1,0,1371,6730729,4500
Porto Alegre,38,1,1,1,9,1,0,350,1388794,2500
São Paulo,351,3,4,2,17,0,1,2400,11904961,9500
Rio de Janeiro,64,2,1,1,4,1,0,650,6730729,2700
São Paulo,31,1,1,1,11,1,0,478,11904961,2400
São Paulo,90,3,2,2,3,1,0,1100,11904961,2450
São Paulo,40,1,1,0,6,1,0,890,11904961,3463
São Paulo,180,3,4,4,4,1,0,4000,11904961,15000
São Paulo,64,3,1,1,5,1,0,504,11904961,1500
São Paulo,190,3,4,3,1,1,0,2100,11904961,5500
São Paulo,400,3,3,4,0,1,0,0,11904961,14000
Rio de Janeiro,180,4,5,3,4,1,0,1200,6730729,10000
São Paulo,73,1,1,0,8,1,1,864,11904961,3000
São Paulo,64,2,2,2,4,1,0,404,11904961,2600
São Paulo,65,3,1,1,6,1,0,461,11904961,2530
São Paulo,400,4,5,4,7,1,0,3240,11904961,12800
São Paulo,48,2,1,1,6,0,1,582,11904961,5470
São Paulo,40,1,1,1,14,0,0,642,11904961,1700
Porto Alegre,61,2,1,0,3,0,0,400,1388794,1445
Rio de Janeiro,85,2,1,0,1,1,0,460,6730729,1700
Belo Horizonte,235,4,3,1,0,1,0,0,2415872,12000
São Paulo,347,4,5,4,5,1,1,3500,11904961,12000
Rio de Janeiro,25,1,1,0,2,1,0,250,6730729,540
Rio de Janeiro,85,2,2,1,2,1,0,1140,6730729,3600
São Paulo,103,3,3,2,3,1,1,1310,11904961,6500
São Paulo,159,3,3,2,0,0,0,0,11904961,3300
São Paulo,42,1,1,1,9,1,0,600,11904961,3600
São Paulo,100,3,2,1,12,1,0,700,11904961,1946
São Paulo,111,1,2,2,9,1,0,1400,11904961,8000
Porto Alegre,40,1,1,1,2,1,1,300,1388794,1500
Campinas,92,3,2,3,1,1,1,752,1187974,2525
Rio de Janeiro,480,5,6,4,3,1,0,3236,6730729,8000
Belo Horizonte,55,2,2,2,3,1,0,670,2415872,2000
Belo Horizonte,24,1,1,1,7,0,0,157,2415872,1200
São Paulo,50,1,1,1,0,0,0,200,11904961,1000
Rio de Janeiro,80,2,1,0,9,1,0,500,6730729,1600
São Paulo,230,3,2,0,1,1,0,0,11904961,2500
Porto Alegre,72,2,1,0,1,1,0,200,1388794,1200
Porto Alegre,90,2,1,0,1,1,0,300,1388794,1353
Belo Horizonte,22,1,1,0,1,0,1,0,2415872,700
São Paulo,455,4,5,4,5,1,0,8500,11904961,19500
São Paulo,140,3,2,1,6,0,0,1740,11904961,2400
Belo Horizonte,23,1,1,1,7,1,0,144,2415872,1300
Porto Alegre,46,1,1,0,2,1,0,0,1388794,1070
Campinas,70,1,1,1,2,1,1,460,1187974,2350
Belo Horizonte,150,5,3,0,0,1,0,0,2415872,3250
Campinas,55,1,1,0,5,1,0,473,1187974,500
São Paulo,40,1,1,0,0,0,0,0,11904961,2040
São Paulo,91,2,1,1,1,1,0,615,11904961,1750
São Paulo,140,2,1,3,0,1,0,0,11904961,2500
São Paulo,50,1,1,0,1,1,0,600,11904961,1300
Campinas,52,2,1,1,7,1,0,248,1187974,980
Rio de Janeiro,100,3,1,1,1,1,0,1700,6730729,3000
São Paulo,160,4,3,3,3,1,0,1600,11904961,7000
Campinas,137,3,2,1,4,1,0,1500,1187974,1800
Porto Alegre,42,1,1,0,2,1,0,250,1388794,1200
São Paulo,650,3,7,2,0,1,0,0,11904961,9900
Rio de Janeiro,90,3,2,0,1,0,0,0,6730729,2000
Rio de Janeiro,30,1,1,0,9,1,1,550,6730729,1854
São Paulo,254,4,4,3,7,1,1,1300,11904961,6780
São Paulo,40,1,1,1,5,0,0,700,11904961,3600
Rio de Janeiro,130,4,2,1,2,0,1,700,6730729,3300
Campinas,128,3,3,2,1,1,0,1236,1187974,2650
São Paulo,78,2,1,3,0,1,0,0,11904961,1600
Campinas,42,1,1,0,1,1,0,0,1187974,690
Campinas,140,3,3,2,8,1,0,900,1187974,2370
São Paulo,54,1,1,1,13,0,0,1484,11904961,4130
São Paulo,40,1,1,1,13,1,0,584,11904961,3200
São Paulo,50,2,1,1,5,1,0,570,11904961,1100
São Paulo,75,3,1,1,1,0,0,475,11904961,1800
São Paulo,472,3,2,4,0,1,0,0,11904961,6500
Porto Alegre,360,5,3,6,0,1,1,0,1388794,4800
São Paulo,308,4,4,3,1,1,0,4780,11904961,15000
São Paulo,50,1,1,1,8,0,1,2204,11904961,3700
São Paulo,540,4,5,5,13,1,0,3414,11904961,5100
São Paulo,321,3,5,2,0,1,1,0,11904961,7318
São Paulo,70,3,2,1,3,1,0,380,11904961,1290
Campinas,130,3,2,2,4,1,1,1150,1187974,2800
São Paulo,170,3,2,2,0,1,0,0,11904961,4500
São Paulo,60,2,2,1,11,0,1,1158,11904961,5500
Rio de Janeiro,45,1,1,0,4,0,1,450,6730729,4500
Belo Horizonte,60,2,1,1,1,1,0,467,2415872,750
São Paulo,340,5,4,2,7,1,0,220000,11904961,12000
Porto Alegre,58,2,1,0,2,1,0,299,1388794,750
São Paulo,195,4,3,3,7,0,0,2600,11904961,10000
São Paulo,100,2,4,0,1,1,0,0,11904961,3000
São Paulo,50,1,1,0,0,1,0,0,11904961,700
Campinas,54,2,1,1,3,1,0,286,1187974,999
Belo Horizonte,55,2,1,1,3,1,0,270,2415872,1300
São Paulo,48,1,1,2,1,1,1,1966,11904961,3550
São Paulo,58,2,1,1,6,1,0,850,11904961,1700
São Paulo,200,3,4,3,19,1,1,2247,11904961,8500
Campinas,77,3,1,2,3,1,0,486,1187974,1500
Belo Horizonte,72,2,1,1,9,1,0,421,2415872,1200
São Paulo,50,2,1,2,8,0,0,504,11904961,1800
Rio de Janeiro,95,2,2,1,11,1,0,1024,6730729,3000
São Paulo,130,3,2,0,1,1,1,550,11904961,4800
Rio de Janeiro,30,1,1,0,6,0,0,500,6730729,700
São Paulo,300,4,3,4,9,1,0,2400,11904961,15000
Rio de Janeiro,95,3,2,1,3,1,0,1000,6730729,2245
São Paulo,80,3,1,1,1,1,0,620,11904961,1750
São Paulo,310,3,3,2,16,0,0,2720,11904961,15000
Porto Alegre,170,3,2,0,3,1,1,1750,1388794,1000
Rio de Janeiro,46,2,1,0,9,0,0,550,6730729,820
Rio de Janeiro,97,3,2,0,5,1,0,900,6730729,2734
São Paulo,130,3,2,1,4,0,1,1134,11904961,7900
São Paulo,40,1,1,1,11,0,0,390,11904961,2600
São Paulo,90,3,2,2,6,0,1,890,11904961,2100
São Paulo,89,2,2,2,8,1,1,1440,11904961,7700
São Paulo,240,3,3,5,1,1,0,3000,11904961,3500
São Paulo,106,3,2,0,6,1,0,1139,11904961,2430
São Paulo,80,2,1,1,18,0,0,550,11904961,1500
São Paulo,22,1,1,1,25,1,0,471,11904961,2200
São Paulo,141,4,3,2,3,1,0,1500,11904961,4010
São Paulo,340,4,6,6,0,1,1,0,11904961,15000
São Paulo,105,4,2,2,3,1,0,1659,11904961,6500
São Paulo,70,3,1,1,2,1,0,380,11904961,1290
São Paulo,200,3,2,1,8,1,0,1500,11904961,8000
Campinas,62,2,1,0,1,1,0,280,1187974,709
São Paulo,74,2,3,2,24,1,0,450,11904961,3200
Rio de Janeiro,333,5,4,3,5,1,0,2100,6730729,7000
São Paulo,250,4,2,5,0,1,0,841,11904961,4000
São Paulo,70,1,1,1,10,1,1,469,11904961,3590
Rio de Janeiro,120,3,2,2,1,1,1,1790,6730729,5500
Porto Alegre,35,1,1,0,1,1,0,100,1388794,960
Rio de Janeiro,67,2,1,0,4,1,0,810,6730729,1529
São Paulo,220,4,3,4,11,1,1,1800,11904961,3000
Campinas,80,3,2,2,17,1,0,560,1187974,2500
São Paulo,57,1,1,1,5,1,0,769,11904961,4800
Porto Alegre,100,2,2,2,0,1,0,120,1388794,2200
Rio de Janeiro,60,1,1,0,5,1,0,500,6730729,750
Campinas,87,3,2,1,12,1,1,870,1187974,1450
São Paulo,530,4,4,6,0,1,0,0,11904961,9520
São Paulo,35,1,1,0,0,1,0,0,11904961,700
São Paulo,140,3,2,2,0,1,0,0,11904961,3000
São Paulo,45,2,2,0,0,0,0,0,11904961,1630
São Paulo,70,1,1,1,12,1,1,1000,11904961,3500
São Paulo,140,3,3,1,1,1,0,1144,11904961,1360
Belo Horizonte,80,3,2,1,7,1,0,820,2415872,2000
São Paulo,50,1,1,0,0,0,0,0,11904961,1150
São Paulo,108,3,2,2,12,0,0,900,11904961,2900
São Paulo,60,3,1,1,15,1,1,556,11904961,2200
São Paulo,30,1,1,1,14,0,1,460,11904961,3500
São Paulo,110,3,3,2,2,1,1,1000,11904961,3800
Rio de Janeiro,70,2,1,1,5,1,1,843,6730729,1100
São Paulo,360,3,5,4,22,1,0,2330,11904961,3635
Campinas,348,3,3,3,0,1,0,0,1187974,6000
São Paulo,270,3,4,3,10,1,0,3809,11904961,7900
Rio de Janeiro,86,2,2,1,1,0,1,1500,6730729,5500
São Paulo,100,3,4,2,6,0,0,1380,11904961,3000
São Paulo,30,1,1,1,10,1,1,574,11904961,1850
São Paulo,146,3,4,3,20,1,1,1540,11904961,10000
Belo Horizonte,100,3,3,1,1,1,0,350,2415872,1600
Rio de Janeiro,185,3,2,1,3,1,0,2488,6730729,6900
São Paulo,300,3,5,2,7,1,0,0,11904961,4600
São Paulo,120,3,4,0,0,1,0,250,11904961,3200
São Paulo,195,3,3,2,0,1,0,0,11904961,2990
São Paulo,110,1,3,2,6,1,0,1500,11904961,8000
São Paulo,210,3,3,3,17,1,0,2300,11904961,7000
Campinas,400,4,6,3,0,1,0,1200,1187974,6800
Belo Horizonte,42,2,1,1,4,1,0,175,2415872,690
Belo Horizonte,180,3,1,0,0,1,0,0,2415872,3400
Campinas,329,4,2,2,9,1,0,2040,1187974,6300
São Paulo,44,1,1,0,1,1,0,100,11904961,1400
Belo Horizonte,28,1,1,1,0,0,1,550,2415872,1250
Rio de Janeiro,90,3,2,1,2,0,1,1000,6730729,3800
São Paulo,90,2,1,0,2,1,0,622,11904961,2150
São Paulo,200,2,1,0,0,1,0,0,11904961,2800
Porto Alegre,240,3,4,3,0,1,0,0,1388794,6000
Porto Alegre,55,2,1,0,19,1,0,500,1388794,1200
Belo Horizonte,90,3,2,0,8,0,0,630,2415872,4200
São Paulo,85,3,1,2,6,1,0,955,11904961,1900
São Paulo,255,4,4,3,13,1,1,0,11904961,11900
São Paulo,280,5,2,1,0,1,0,0,11904961,8000
Belo Horizonte,29,1,1,0,1,0,0,0,2415872,1100
São Paulo,48,1,1,1,15,1,1,487,11904961,3000
Campinas,170,3,2,2,0,1,0,0,1187974,2300
Belo Horizonte,45,1,1,1,3,0,1,300,2415872,3000
Campinas,341,4,6,4,0,1,0,660,1187974,13000
Porto Alegre,80,2,2,0,0,1,1,330,1388794,1638
Rio de Janeiro,153,3,2,1,2,1,0,1500,6730729,2550
Rio de Janeiro,120,3,2,1,2,1,0,1260,6730729,2200
São Paulo,180,4,4,2,10,1,0,1900,11904961,5500
Campinas,84,3,1,1,3,1,0,950,1187974,1200
São Paulo,73,3,2,1,12,1,0,923,11904961,2700
São Paulo,50,1,2,1,9,0,1,850,11904961,3000
São Paulo,40,1,1,1,5,0,0,603,11904961,4320
São Paulo,216,3,4,4,7,1,1,2300,11904961,15000
São Paulo,44,1,1,1,8,1,0,480,11904961,2300
Belo Horizonte,120,3,2,2,1,0,0,318,2415872,1700
Porto Alegre,150,3,3,2,10,1,1,1300,1388794,8900
São Paulo,136,3,2,3,12,1,1,1400,11904961,2500
Porto Alegre,54,1,1,0,2,1,0,400,1388794,1000
São Paulo,100,2,1,1,5,1,1,1400,11904961,3800
São Paulo,50,2,1,1,1,1,0,496,11904961,1200
Campinas,60,2,1,0,0,0,0,0,1187974,800
Rio de Janeiro,125,3,2,1,5,1,1,1460,6730729,3500
Rio de Janeiro,28,1,1,0,1,1,0,450,6730729,1870
Porto Alegre,78,2,1,0,3,1,0,280,1388794,1480
Porto Alegre,46,1,1,0,6,1,0,345,1388794,850
São Paulo,35,1,1,1,8,0,1,593,11904961,2896
São Paulo,104,3,2,2,2,1,0,1500,11904961,4200
São Paulo,215,3,3,2,1,0,1,3000,11904961,15000
Campinas,100,3,2,2,0,1,0,0,1187974,2250
Belo Horizonte,30,1,1,1,0,0,0,0,2415872,705
Porto Alegre,43,1,1,0,3,1,1,250,1388794,1500
São Paulo,234,3,4,3,13,1,0,2400,11904961,7000
São Paulo,37,1,1,0,4,1,1,1320,11904961,1730
São Paulo,50,2,1,0,1,1,0,54,11904961,2000
Rio de Janeiro,71,2,2,1,12,1,1,1170,6730729,3500
São Paulo,118,3,3,2,17,1,1,1000,11904961,3890
Campinas,122,3,2,1,4,1,0,250,1187974,1750
Rio de Janeiro,58,2,2,1,3,1,0,745,6730729,1200
São Paulo,270,3,3,2,0,1,0,0,11904961,9800
Porto Alegre,90,3,2,2,9,1,0,1163,1388794,2500
São Paulo,400,4,3,3,0,1,0,0,11904961,8000
Campinas,155,3,3,2,0,1,0,960,1187974,5500
Rio de Janeiro,85,2,1,0,8,1,1,1500,6730729,2975
São Paulo,280,4,4,4,1,1,1,3600,11904961,12000
Rio de Janeiro,30,1,1,0,8,1,1,500,6730729,2000
São Paulo,54,1,2,0,7,1,0,390,11904961,3500
Porto Alegre,25,1,1,0,8,1,0,277,1388794,750
Belo Horizonte,176,4,2,2,0,1,0,0,2415872,4500
São Paulo,570,4,6,4,0,1,0,0,11904961,10500
Belo Horizonte,95,2,2,1,10,1,0,735,2415872,1600
São Paulo,30,1,1,0,4,1,0,250,11904961,1153
São Paulo,250,3,4,3,0,1,0,0,11904961,3571
São Paulo,98,3,3,2,0,1,0,0,11904961,2500
Belo Horizonte,68,2,2,2,3,1,0,168,2415872,800
São Paulo,83,3,2,2,7,1,0,804,11904961,3690
Belo Horizonte,70,2,2,2,6,1,0,625,2415872,2250
Belo Horizonte,50,2,1,1,3,1,0,170,2415872,1000
São Paulo,480,4,5,3,0,1,0,2200,11904961,4100
São Paulo,250,3,2,8,0,1,0,0,11904961,10000
São Paulo,191,4,3,3,13,0,0,2800,11904961,9500
São Paulo,140,3,3,3,7,0,0,2200,11904961,8000
São Paulo,49,1,1,1,5,1,0,284,11904961,2600
Belo Horizonte,362,5,4,4,15,0,0,1400,2415872,7900
Rio de Janeiro,61,2,1,0,3,1,0,640,6730729,1297
Porto Alegre,156,3,2,1,0,1,0,0,1388794,1615
São Paulo,179,3,2,1,3,1,0,1457,11904961,5400
Rio de Janeiro,120,3,3,2,5,1,1,1100,6730729,2800
Belo Horizonte,200,4,2,2,0,1,1,0,2415872,12000
São Paulo,185,3,3,3,20,1,0,2670,11904961,5600
São Paulo,120,2,2,0,1,1,0,300,11904961,3600
São Paulo,50,2,1,1,13,1,0,407,11904961,1715
Belo Horizonte,400,3,3,2,0,1,0,0,2415872,4800
São Paulo,240,3,4,2,0,1,0,1,11904961,8200
São Paulo,60,2,1,1,13,1,1,550,11904961,1520
São Paulo,100,2,1,3,0,0,0,0,11904961,2700
São Paulo,250,4,4,3,0,0,0,0,11904961,7500
Porto Alegre,100,4,2,1,2,1,0,750,1388794,1820
Rio de Janeiro,72,1,2,1,6,1,0,580,6730729,2000
Rio de Janeiro,70,2,1,0,2,1,1,250,6730729,2000
São Paulo,16,1,1,0,2,1,0,0,11904961,2700
São Paulo,98,3,2,2,10,1,0,900,11904961,4500
São Paulo,170,3,3,1,6,1,0,1300,11904961,2060
São Paulo,45,2,1,0,0,0,0,70,11904961,1450
São Paulo,90,2,2,1,7,1,1,760,11904961,5500
São Paulo,30,1,1,1,11,1,1,500,11904961,2570
São Paulo,140,3,3,2,3,1,0,2350,11904961,4905
São Paulo,90,2,2,2,2,1,0,1230,11904961,3640
Rio de Janeiro,80,2,2,0,6,1,0,650,6730729,2500
São Paulo,40,1,1,0,0,0,0,0,11904961,750
São Paulo,300,3,2,1,0,1,0,0,11904961,3900
São Paulo,340,4,4,3,0,1,0,0,11904961,10000
São Paulo,72,2,2,1,6,1,0,1100,11904961,5270
São Paulo,250,4,3,3,0,0,0,0,11904961,13000
Rio de Janeiro,100,2,2,3,12,0,0,1470,6730729,3478
Porto Alegre,98,3,1,0,1,0,0,240,1388794,12750
Belo Horizonte,164,3,2,2,0,1,0,0,2415872,3200
São Paulo,250,3,3,4,0,1,1,250,11904961,6500
Rio de Janeiro,28,1,1,0,3,1,1,609,6730729,1189
Rio de Janeiro,60,2,1,0,11,0,1,600,6730729,1650
São Paulo,105,3,3,2,4,0,0,1380,11904961,2720
São Paulo,220,2,4,3,26,0,0,2000,11904961,12960
Rio de Janeiro,250,5,3,1,0,1,0,500,6730729,4000
São Paulo,171,3,3,1,13,1,0,2395,11904961,5100
Rio de Janeiro,156,4,3,2,4,1,0,1350,6730729,3900
São Paulo,150,3,5,3,0,1,1,0,11904961,4500
Belo Horizonte,75,3,2,1,3,1,0,500,2415872,1500
São Paulo,254,3,5,4,18,1,0,2000,11904961,10000
São Paulo,68,1,2,1,6,1,1,2304,11904961,9000
São Paulo,55,2,1,0,5,0,0,337,11904961,1528
Porto Alegre,40,1,1,0,10,1,0,200,1388794,800
São Paulo,230,2,3,1,1,1,1,3000,11904961,12000
Porto Alegre,70,2,2,0,3,0,1,400,1388794,1995
São Paulo,170,4,5,2,0,1,0,0,11904961,3700
Porto Alegre,40,1,1,1,1,1,0,402,1388794,1050
São Paulo,270,3,4,3,4,1,1,3700,11904961,7500
Campinas,54,2,1,1,10,1,0,320,1187974,1500
Campinas,291,4,3,2,0,1,0,0,1187974,3300
Belo Horizonte,86,2,1,1,1,1,0,200,2415872,1310
São Paulo,77,2,1,1,5,1,0,886,11904961,2200
São Paulo,86,3,2,2,10,1,1,550,11904961,2900
Campinas,200,3,4,2,4,0,0,2500,1187974,2000
São Paulo,90,2,2,2,16,0,1,867,11904961,4800
São Paulo,64,2,2,2,12,1,0,790,11904961,3400
Porto Alegre,54,2,1,2,2,1,0,240,1388794,1310
Porto Alegre,387,7,5,3,0,1,1,0,1388794,6000
São Paulo,100,2,3,2,20,0,1,1080,11904961,10000
São Paulo,50,2,2,1,9,1,0,390,11904961,1800
Belo Horizonte,520,3,3,4,20,0,0,2224,2415872,12000
São Paulo,23,1,1,0,25,1,0,393,11904961,2100
Rio de Janeiro,60,1,1,0,3,1,0,520,6730729,1580
São Paulo,96,2,1,1,4,0,0,800,11904961,3000
São Paulo,140,3,1,0,0,1,0,0,11904961,2700
Rio de Janeiro,103,3,2,0,4,1,0,812,6730729,2750
São Paulo,148,4,4,4,10,1,1,2580,11904961,2000
São Paulo,172,4,3,1,0,1,0,0,11904961,3500
São Paulo,93,2,3,2,5,1,0,1006,11904961,3200
São Paulo,72,2,2,1,4,1,0,690,11904961,2300
Campinas,68,2,1,1,1,1,0,400,1187974,1500
São Paulo,350,4,3,4,0,1,0,0,11904961,4000
Rio de Janeiro,70,2,2,1,1,1,1,950,6730729,3500
São Paulo,400,5,4,3,0,1,0,2600,11904961,6900
Porto Alegre,38,1,1,0,1,1,0,280,1388794,690
São Paulo,107,2,2,1,12,0,0,1300,11904961,8400
São Paulo,111,3,2,0,7,1,0,1370,11904961,2500
São Paulo,140,4,3,2,10,1,0,2000,11904961,3800
São Paulo,35,1,1,0,0,1,0,0,11904961,1150
São Paulo,178,3,3,4,12,0,1,2180,11904961,15000
São Paulo,200,2,2,1,10,1,1,2700,11904961,9500
São Paulo,33,1,1,0,1,0,0,338,11904961,1000
Belo Horizonte,90,3,2,1,2,0,0,300,2415872,1600
Rio de Janeiro,65,2,1,0,1,0,0,560,6730729,1600
São Paulo,320,3,3,8,0,1,0,0,11904961,5500
Porto Alegre,68,2,1,0,2,1,0,160,1388794,1320
Porto Alegre,180,6,2,3,1,1,0,0,1388794,4800
São Paulo,50,2,1,1,0,0,0,0,11904961,1300
São Paulo,137,3,2,1,6,1,0,1480,11904961,4700
São Paulo,165,3,2,2,8,1,1,1750,11904961,6500
São Paulo,180,2,2,1,15,1,0,1800,11904961,5350
São Paulo,220,4,4,3,12,1,0,3600,11904961,5100
Belo Horizonte,85,2,2,1,1,1,0,541,2415872,2800
Rio de Janeiro,37,1,1,0,8,0,1,700,6730729,1400
Porto Alegre,64,2,3,2,2,1,0,400,1388794,2750
Rio de Janeiro,97,2,2,1,7,1,0,1770,6730729,4400
Belo Horizonte,90,3,2,1,1,1,0,135,2415872,1300
Rio de Janeiro,130,3,2,1,9,1,0,1350,6730729,4500
Campinas,128,4,2,1,7,0,0,900,1187974,3400
São Paulo,58,2,2,1,12,0,1,928,11904961,4000
Belo Horizonte,76,2,1,1,2,0,0,200,2415872,900
São Paulo,220,2,4,2,0,1,1,0,11904961,6200
São Paulo,40,1,1,0,0,0,0,30,11904961,780
São Paulo,235,3,4,3,2,1,0,2000,11904961,2550
Belo Horizonte,45,1,1,0,9,1,0,285,2415872,1100
São Paulo,47,2,1,1,4,0,0,580,11904961,1100
Belo Horizonte,471,5,6,3,0,1,0,0,2415872,14000
Campinas,50,1,1,0,4,1,0,418,1187974,520
Belo Horizonte,344,3,4,4,16,0,0,3158,2415872,15000
São Paulo,38,1,1,1,12,0,1,353,11904961,1850
Porto Alegre,42,2,1,0,0,1,0,0,1388794,860
Belo Horizonte,60,1,1,1,9,1,0,270,2415872,1400
São Paulo,500,4,6,4,0,1,0,0,11904961,13000
São Paulo,49,2,1,1,5,1,0,300,11904961,1700
Belo Horizonte,48,2,1,1,3,1,0,120,2415872,900
São Paulo,45,2,1,0,0,0,0,0,11904961,1300
Porto Alegre,72,2,2,1,2,1,0,570,1388794,1200
Belo Horizonte,400,3,2,1,0,1,0,0,2415872,1600
São Paulo,28,1,1,0,1,0,1,0,11904961,1750
Rio de Janeiro,189,3,2,2,9,1,0,2500,6730729,8500
São Paulo,160,3,2,0,12,1,0,1239,11904961,3900
Rio de Janeiro,330,4,4,2,21,1,0,1300,6730729,15000
São Paulo,200,3,5,4,6,1,0,1970,11904961,1720
São Paulo,375,4,5,5,1,1,0,4793,11904961,15000
São Paulo,68,2,2,1,7,1,1,489,11904961,1877
São Paulo,70,2,1,1,8,1,0,850,11904961,2500
Rio de Janeiro,110,3,2,0,10,0,1,1260,6730729,2950
São Paulo,103,3,3,2,7,0,0,1470,11904961,5600
Rio de Janeiro,26,1,1,0,2,0,0,50,6730729,1500
Belo Horizonte,88,3,2,2,2,0,0,312,2415872,1200
São Paulo,165,3,4,3,7,1,0,1700,11904961,4500
São Paulo,80,2,2,0,0,0,0,0,11904961,1100
Porto Alegre,90,3,2,2,9,1,0,433,1388794,2780
São Paulo,380,4,1,2,0,0,0,0,11904961,4000
São Paulo,174,3,4,2,2,1,0,1936,11904961,6000
São Paulo,128,4,5,1,0,1,0,0,11904961,6800
São Paulo,160,3,4,4,2,1,0,2250,11904961,2100
Rio de Janeiro,168,3,2,0,1,1,0,1000,6730729,3700
Campinas,100,3,2,2,1,1,1,700,1187974,2200
Belo Horizonte,300,3,3,0,0,1,1,0,2415872,5000
Belo Horizonte,163,4,4,0,14,1,0,1005,2415872,7500
São Paulo,86,3,1,1,5,1,1,1000,11904961,2200
São Paulo,236,4,3,3,13,1,0,3070,11904961,1600
Rio de Janeiro,112,3,2,0,7,1,0,1344,6730729,3900
São Paulo,600,5,5,6,0,1,0,0,11904961,12750
Campinas,256,4,5,4,8,1,0,3900,1187974,3000
São Paulo,220,3,4,2,0,0,0,0,11904961,3500
São Paulo,257,4,4,4,14,0,0,5000,11904961,12000
Belo Horizonte,75,3,1,1,4,1,0,280,2415872,1500
Rio de Janeiro,400,3,1,1,0,1,1,0,6730729,7650
São Paulo,560,4,6,5,0,1,0,0,11904961,6550
São Paulo,220,4,4,5,3,0,1,1700,11904961,4600
Rio de Janeiro,70,1,1,1,4,1,0,1065,6730729,3500
Belo Horizonte,19,1,1,0,1,0,0,0,2415872,1200
São Paulo,35,1,1,0,0,1,0,0,11904961,900
São Paulo,70,1,1,1,4,1,0,740,11904961,2600
São Paulo,40,1,1,0,12,0,1,370,11904961,3300
Porto Alegre,37,1,1,0,2,1,0,330,1388794,1500
São Paulo,180,2,2,1,12,1,0,3400,11904961,9000
Rio de Janeiro,60,1,1,0,2,0,0,600,6730729,2300
Rio de Janeiro,90,3,2,1,9,1,0,700,6730729,2050
São Paulo,208,4,2,4,0,1,0,0,11904961,4500
Rio de Janeiro,160,3,2,1,11,1,0,1860,6730729,4700
Belo Horizonte,180,4,2,1,3,1,1,770,2415872,3610
Porto Alegre,150,4,3,0,0,1,0,0,1388794,3300
Campinas,75,2,1,1,0,1,0,0,1187974,1080
Rio de Janeiro,90,2,2,1,4,1,0,1660,6730729,1039
São Paulo,170,4,2,2,0,1,0,0,11904961,2900
São Paulo,193,2,4,4,7,1,0,1948,11904961,13000
São Paulo,40,1,1,0,22,1,1,473,11904961,2300
São Paulo,45,1,1,1,5,1,1,519,11904961,3850
São Paulo,116,3,4,2,4,1,0,1036,11904961,8000
São Paulo,67,2,2,1,1,1,1,650,11904961,2300
São Paulo,40,1,1,0,8,0,1,685,11904961,1920
São Paulo,140,2,3,1,0,1,0,0,11904961,3850
São Paulo,350,3,4,6,0,1,0,0,11904961,3850
São Paulo,420,3,4,4,0,0,0,0,11904961,6000
Porto Alegre,204,4,4,2,0,1,0,0,1388794,3440
São Paulo,110,2,2,1,0,1,0,0,11904961,2200
São Paulo,645,5,8,8,0,1,0,0,11904961,15000
São Paulo,260,4,5,5,3,1,0,3428,11904961,11000
São Paulo,160,2,1,0,12,0,0,1200,11904961,2400
São Paulo,50,2,1,0,0,1,0,0,11904961,1200
Rio de Janeiro,60,2,1,0,1,1,1,615,6730729,3000
Rio de Janeiro,30,1,1,0,12,1,0,0,6730729,1000
Rio de Janeiro,75,3,2,0,8,1,0,800,6730729,1615
Rio de Janeiro,78,3,3,1,2,1,0,930,6730729,2850
Belo Horizonte,140,4,2,2,1,1,0,1000,2415872,3500
Campinas,500,3,7,5,14,1,1,1890,1187974,7950
Porto Alegre,80,1,1,0,0,1,0,0,1388794,971
Porto Alegre,182,3,4,2,0,1,0,164,1388794,2900
São Paulo,90,2,1,1,0,1,0,0,11904961,2735
São Paulo,103,3,2,1,2,1,0,1133,11904961,1500
Porto Alegre,180,3,2,3,2,1,1,0,1388794,5100
Belo Horizonte,32,1,1,0,0,0,1,550,2415872,1100
Campinas,52,1,1,1,6,1,0,360,1187974,750
Rio de Janeiro,75,4,1,0,2,1,0,800,6730729,2200
Belo Horizonte,290,4,5,4,0,1,0,0,2415872,6000
Rio de Janeiro,50,1,1,1,6,1,1,750,6730729,2000
São Paulo,550,5,6,4,0,1,0,0,11904961,15000
São Paulo,216,4,4,4,9,1,0,1710,11904961,2800
São Paulo,444,4,4,5,0,1,1,0,11904961,10000
Porto Alegre,69,3,2,1,5,1,0,395,1388794,1850
Belo Horizonte,76,2,1,2,3,0,1,205,2415872,2100
São Paulo,180,3,5,3,3,1,0,2900,11904961,8100
São Paulo,445,3,5,4,0,1,1,3191,11904961,15000
São Paulo,156,3,4,3,8,1,0,1600,11904961,4200
São Paulo,130,3,4,3,7,1,0,1413,11904961,2400
Porto Alegre,92,3,2,1,4,1,1,720,1388794,3200
São Paulo,200,3,2,4,0,1,0,0,11904961,8500
São Paulo,50,2,1,1,13,1,0,650,11904961,1300
Belo Horizonte,50,2,1,0,0,0,0,0,2415872,850
São Paulo,155,3,3,2,2,1,1,2300,11904961,12000
Belo Horizonte,1000,5,4,3,15,1,0,1255,2415872,7000
Rio de Janeiro,42,1,1,0,8,0,1,900,6730729,1920
São Paulo,58,2,1,0,13,1,0,389,11904961,1480
São Paulo,35,1,1,1,6,0,1,581,11904961,3365
Belo Horizonte,27,1,1,0,1,0,0,0,2415872,1167
Belo Horizonte,16,1,1,0,1,0,0,0,2415872,650
Belo Horizonte,94,3,2,1,1,0,1,450,2415872,1900
Porto Alegre,83,3,2,1,11,1,0,750,1388794,2500
Belo Horizonte,360,5,4,4,0,1,0,0,2415872,9000
Belo Horizonte,360,5,2,2,1,1,0,550,2415872,4600
Campinas,430,4,5,5,0,1,0,0,1187974,13000
Rio de Janeiro,120,3,2,0,6,1,0,650,6730729,2490
São Paulo,50,1,1,1,6,1,0,1205,11904961,4500
Porto Alegre,60,2,1,0,0,1,0,0,1388794,650
Rio de Janeiro,250,3,2,2,0,1,0,0,6730729,12000
São Paulo,200,3,2,2,0,1,1,0,11904961,4700
Rio de Janeiro,70,2,1,1,9,1,0,650,6730729,2500
São Paulo,48,1,1,0,0,0,0,0,11904961,1100
São Paulo,70,2,1,1,2,0,0,794,11904961,2500
São Paulo,73,2,2,1,6,1,1,1072,11904961,5000
São Paulo,90,2,1,0,1,0,0,500,11904961,2700
Porto Alegre,45,1,1,0,1,1,0,50,1388794,640
São Paulo,80,2,2,2,0,0,0,0,11904961,3600
São Paulo,106,3,2,2,6,1,0,1400,11904961,5520
Belo Horizonte,45,2,1,1,3,1,0,286,2415872,850
São Paulo,315,4,4,2,14,1,0,3500,11904961,7450
São Paulo,287,3,5,0,16,1,0,3693,11904961,12000
Belo Horizonte,230,4,3,2,8,1,0,1900,2415872,5500
São Paulo,42,1,2,1,6,0,0,690,11904961,2500
Rio de Janeiro,152,2,2,1,3,1,0,1100,6730729,1500
Campinas,75,3,1,2,3,1,0,599,1187974,1300
São Paulo,94,3,2,2,3,1,0,1000,11904961,2000
Rio de Janeiro,70,2,2,0,5,0,0,410,6730729,2100
São Paulo,59,2,1,0,15,1,0,542,11904961,1750
São Paulo,380,4,3,2,12,0,1,5500,11904961,15000
São Paulo,217,4,4,3,1,1,0,3800,11904961,4910
São Paulo,110,2,1,1,2,1,0,1200,11904961,2800
Campinas,38,1,1,0,8,1,0,300,1187974,550
São Paulo,310,4,5,5,6,1,1,3800,11904961,12000
São Paulo,400,3,4,2,0,1,0,0,11904961,3150
Porto Alegre,55,2,1,1,4,1,0,250,1388794,1500
São Paulo,320,3,5,0,10,0,0,4778,11904961,6000
Campinas,75,3,2,2,13,0,0,700,1187974,1600
Belo Horizonte,235,4,5,3,6,1,0,760,2415872,3300
Belo Horizonte,434,5,6,0,10,0,1,2629,2415872,11000
São Paulo,160,4,4,2,3,0,0,2700,11904961,7000
São Paulo,108,3,2,2,5,1,0,1100,11904961,4348
São Paulo,280,5,5,2,1,1,1,4374,11904961,12750
Rio de Janeiro,55,2,1,1,3,1,0,670,6730729,680
Rio de Janeiro,60,2,1,1,1,0,0,800,6730729,1500
São Paulo,226,4,4,3,4,0,0,3500,11904961,10000
Belo Horizonte,58,2,1,1,2,1,0,200,2415872,900
São Paulo,178,4,3,2,5,1,0,1700,11904961,6700
Porto Alegre,40,1,1,0,2,1,1,120,1388794,1150
Campinas,205,3,2,4,0,1,0,0,1187974,2490
São Paulo,112,3,2,3,3,1,0,1251,11904961,2500
Belo Horizonte,300,4,4,3,13,1,1,1850,2415872,15000
São Paulo,140,3,3,2,0,1,0,0,11904961,5000
Belo Horizonte,113,2,2,2,4,1,0,330,2415872,2600
Belo Horizonte,96,3,2,2,1,0,0,450,2415872,1400
São Paulo,55,1,2,1,4,1,1,550,11904961,3500
São Paulo,180,2,3,3,7,1,1,3300,11904961,7600
São Paulo,240,7,3,4,0,1,0,0,11904961,6000
São Paulo,80,3,4,1,0,1,0,0,11904961,3000
Belo Horizonte,230,5,3,2,3,1,0,500,2415872,2200
Belo Horizonte,127,3,2,3,1,1,0,750,2415872,3000
Belo Horizonte,156,4,4,3,7,1,0,900,2415872,6500
São Paulo,65,2,1,2,21,1,0,1111,11904961,4000
São Paulo,88,2,2,2,8,1,1,1000,11904961,4500
Porto Alegre,107,3,2,1,0,1,0,0,1388794,2000
Rio de Janeiro,60,2,1,1,2,1,0,550,6730729,1200
Porto Alegre,35,1,1,0,1,1,0,230,1388794,550
Porto Alegre,243,3,5,1,2,1,0,1788,1388794,5556
São Paulo,30,1,1,0,0,0,0,0,11904961,850
Campinas,45,1,1,1,4,1,0,700,1187974,870
Rio de Janeiro,130,3,2,2,0,1,0,0,6730729,3000
Porto Alegre,80,2,2,0,3,1,1,300,1388794,2800
São Paulo,98,2,2,1,13,1,0,1055,11904961,2166
São Paulo,15,1,1,0,0,0,1,0,11904961,1200
Rio de Janeiro,57,2,2,1,9,1,0,1080,6730729,1800
Porto Alegre,180,4,2,2,3,1,0,1000,1388794,2400
São Paulo,200,4,4,3,5,1,0,2715,11904961,7000
Rio de Janeiro,70,2,2,1,0,1,0,200,6730729,1900
São Paulo,350,2,1,0,0,1,0,0,11904961,2500
Porto Alegre,64,2,1,0,4,0,1,250,1388794,1700
Porto Alegre,40,1,1,0,0,0,0,0,1388794,750
Belo Horizonte,73,1,1,0,4,1,0,0,2415872,700
São Paulo,200,3,3,2,8,1,0,2500,11904961,12000
São Paulo,36,1,1,1,4,1,1,719,11904961,1990
Campinas,63,2,1,0,0,1,0,400,1187974,850
São Paulo,85,2,1,1,6,1,0,750,11904961,3500
São Paulo,198,5,5,2,1,1,0,1500,11904961,3801
Campinas,70,3,1,1,1,1,0,315,1187974,940
Belo Horizonte,60,2,1,1,12,0,0,285,2415872,1000
Belo Horizonte,90,4,3,1,2,1,0,150,2415872,950
Porto Alegre,98,2,1,0,9,1,0,380,1388794,1800
São Paulo,103,3,2,2,6,1,0,1150,11904961,3000
São Paulo,160,2,3,0,0,1,0,0,11904961,4300
Rio de Janeiro,100,3,2,1,8,1,1,1600,6730729,4000
São Paulo,50,2,1,1,17,1,0,465,11904961,1000
São Paulo,55,2,1,1,4,1,0,671,11904961,1100
São Paulo,80,2,2,0,9,0,0,600,11904961,2550
São Paulo,50,1,1,0,0,1,0,0,11904961,690
Rio de Janeiro,25,1,1,0,3,0,0,328,6730729,1900
São Paulo,120,2,2,2,0,1,0,100,11904961,5500
São Paulo,127,3,3,2,1,1,0,804,11904961,3800
São Paulo,98,3,2,1,9,1,0,1350,11904961,5500
São Paulo,65,1,1,0,1,0,1,550,11904961,3050
Rio de Janeiro,86,2,2,2,2,1,0,700,6730729,1200
Porto Alegre,200,4,3,0,0,0,0,0,1388794,15000
São Paulo,360,4,5,5,20,1,0,4900,11904961,10000
São Paulo,65,2,1,1,2,1,0,330,11904961,1410
São Paulo,93,1,3,1,4,0,0,1040,11904961,3500
São Paulo,187,4,5,3,5,1,0,3912,11904961,5300
Belo Horizonte,616,5,5,6,0,1,0,0,2415872,12500
São Paulo,139,2,2,1,4,1,0,707,11904961,4396
Rio de Janeiro,100,2,2,1,21,0,0,1230,6730729,2000
São Paulo,285,4,4,4,9,1,0,2750,11904961,8000
São Paulo,52,2,1,1,8,1,0,760,11904961,3000
São Paulo,39,1,1,0,10,1,1,300,11904961,2000
Porto Alegre,42,1,2,1,2,1,0,217,1388794,1800
Rio de Janeiro,30,1,1,0,10,1,1,340,6730729,1386
Rio de Janeiro,70,2,1,1,7,1,0,729,6730729,900
São Paulo,60,1,1,0,2,1,0,70,11904961,1200
São Paulo,90,2,2,2,7,1,0,1630,11904961,3040
Porto Alegre,61,2,1,0,2,1,0,380,1388794,850
Porto Alegre,50,1,1,0,8,1,0,320,1388794,780
Campinas,48,2,1,1,8,1,0,380,1187974,1545
São Paulo,27,1,1,0,5,0,0,1405,11904961,3500
Belo Horizonte,100,3,3,1,4,1,1,1300,2415872,2600
São Paulo,155,2,1,1,2,1,0,1700,11904961,4500
São Paulo,230,4,5,0,0,1,1,0,11904961,7600
Campinas,47,1,1,1,8,1,0,560,1187974,1100
Campinas,55,2,1,1,0,1,0,400,1187974,730
Campinas,60,1,1,1,8,1,0,340,1187974,1100
Belo Horizonte,380,5,6,2,0,1,0,0,2415872,4500
São Paulo,180,3,2,4,0,0,1,0,11904961,11000
Porto Alegre,196,3,4,2,7,1,1,2000,1388794,4600
Porto Alegre,70,2,1,0,0,1,0,350,1388794,1300
São Paulo,227,4,3,3,10,1,1,4000,11904961,10000
São Paulo,60,2,1,1,6,1,1,620,11904961,2650
Porto Alegre,63,2,2,1,8,1,0,500,1388794,1960
São Paulo,150,3,3,2,7,1,0,1300,11904961,3400
Campinas,144,4,3,2,13,1,0,1357,1187974,1750
Rio de Janeiro,200,2,1,0,0,1,0,0,6730729,3000
São Paulo,34,2,1,0,10,1,0,300,11904961,2200
Porto Alegre,73,3,1,0,2,1,0,415,1388794,1800
São Paulo,368,4,5,6,1,0,0,4384,11904961,8500
Rio de Janeiro,160,3,2,1,7,1,0,2305,6730729,2300
Belo Horizonte,120,4,3,2,4,1,0,0,2415872,3250
Belo Horizonte,180,4,3,4,6,0,0,1633,2415872,12000
Belo Horizonte,290,3,3,0,0,1,0,0,2415872,6000
São Paulo,225,4,3,2,0,1,0,0,11904961,3995
Campinas,60,3,1,1,0,0,0,450,1187974,1087
São Paulo,95,3,2,1,11,1,0,1334,11904961,6500
Belo Horizonte,260,4,4,0,5,1,0,562,2415872,6500
São Paulo,260,4,4,4,8,1,0,3150,11904961,10000
Rio de Janeiro,350,3,2,3,0,1,0,0,6730729,15000
São Paulo,500,4,4,0,0,1,0,0,11904961,6000
Porto Alegre,42,1,1,1,2,1,0,255,1388794,2198
São Paulo,80,2,1,1,2,1,1,1600,11904961,3500
São Paulo,100,5,5,2,0,0,0,0,11904961,4500
São Paulo,110,2,2,2,9,1,0,1090,11904961,2300
São Paulo,70,1,1,0,0,0,0,0,11904961,1520
São Paulo,12,1,1,0,0,0,0,0,11904961,950
São Paulo,62,1,1,1,0,0,0,0,11904961,1300
São Paulo,90,2,1,1,1,1,0,800,11904961,1600
São Paulo,220,3,3,2,11,1,0,4500,11904961,9000
Porto Alegre,197,3,2,3,3,1,0,1780,1388794,7000
São Paulo,214,3,2,5,4,1,0,4226,11904961,14000
Rio de Janeiro,105,3,2,1,2,1,0,1200,6730729,1750
Belo Horizonte,390,5,5,5,8,0,0,1300,2415872,8000
São Paulo,390,4,5,4,0,1,1,0,11904961,11500
Rio de Janeiro,105,3,2,1,5,1,0,1350,6730729,3700
São Paulo,270,3,6,2,8,1,1,2800,11904961,3270
Belo Horizonte,260,4,4,5,5,0,0,295,2415872,4500
Rio de Janeiro,344,4,3,2,16,1,1,2414,6730729,3612
São Paulo,100,2,1,0,0,0,0,0,11904961,2000
São Paulo,183,4,3,4,3,1,0,2380,11904961,5950
São Paulo,270,4,5,3,19,1,1,2500,11904961,9753
São Paulo,180,2,3,2,9,1,0,2000,11904961,5900
São Paulo,52,2,1,1,9,0,0,350,11904961,1580
São Paulo,260,4,4,4,0,1,0,0,11904961,4500
São Paulo,40,1,1,1,13,1,0,1840,11904961,2990
São Paulo,360,4,5,4,18,1,0,3150,11904961,7800
Porto Alegre,160,3,3,3,8,1,1,2200,1388794,8950
São Paulo,120,3,2,2,0,1,0,0,11904961,4800
Campinas,203,3,1,2,0,1,0,0,1187974,3300
São Paulo,18,1,1,0,1,0,0,0,11904961,1260
São Paulo,33,1,1,0,4,1,0,400,11904961,1300
São Paulo,30,1,1,0,0,1,0,0,11904961,1090
São Paulo,330,2,4,3,0,1,0,0,11904961,6000
Porto Alegre,60,2,2,1,4,0,0,600,1388794,2170
São Paulo,144,3,4,3,4,1,1,856,11904961,7200
Rio de Janeiro,93,2,1,1,7,1,1,1200,6730729,5500
São Paulo,100,2,1,1,0,1,0,0,11904961,1900
Porto Alegre,71,3,1,0,1,1,0,320,1388794,1250
Rio de Janeiro,67,1,1,1,11,1,0,508,6730729,800
São Paulo,70,2,1,0,1,1,0,521,11904961,3000
Belo Horizonte,300,4,6,4,2,1,1,2350,2415872,13000
São Paulo,240,3,2,2,17,0,0,2680,11904961,9800
São Paulo,96,3,1,2,1,1,0,600,11904961,1847
São Paulo,200,4,3,2,10,1,1,2400,11904961,4500
Campinas,54,1,2,1,6,1,1,400,1187974,3500
São Paulo,174,3,5,3,24,1,0,1350,11904961,6800
São Paulo,350,3,4,4,0,1,1,0,11904961,15000
Belo Horizonte,92,3,2,2,3,1,0,300,2415872,1950
Belo Horizonte,125,3,2,0,2,1,0,704,2415872,1850
Campinas,308,3,4,4,0,1,0,0,1187974,8000
São Paulo,375,4,5,4,0,1,0,0,11904961,12750
São Paulo,137,3,4,2,2,1,0,1300,11904961,2200
Belo Horizonte,70,1,1,0,1,1,0,200,2415872,1100
Belo Horizonte,65,2,2,1,3,1,0,220,2415872,1200
São Paulo,107,2,2,2,18,1,1,1800,11904961,12800
São Paulo,85,2,2,1,13,1,0,1470,11904961,4131
São Paulo,69,2,1,0,4,1,0,525,11904961,3000
Porto Alegre,113,3,2,3,4,1,0,599,1388794,2200
São Paulo,213,4,3,0,3,1,1,440,11904961,5100
São Paulo,140,2,2,2,0,0,0,0,11904961,2700
Belo Horizonte,253,3,3,3,4,1,0,326,2415872,2400
Belo Horizonte,490,4,4,3,0,1,0,0,2415872,9000
São Paulo,96,4,2,2,0,1,0,0,11904961,3710
Rio de Janeiro,80,2,2,1,9,0,1,3908,6730729,5000
São Paulo,92,3,2,2,10,1,0,990,11904961,3500
Rio de Janeiro,25,1,1,0,2,1,1,530,6730729,1900
São Paulo,220,3,2,8,0,1,0,0,11904961,4335
São Paulo,70,3,1,1,1,1,0,1080,11904961,2000
São Paulo,130,3,2,1,1,0,0,1144,11904961,4300
Rio de Janeiro,120,3,2,0,5,1,1,980,6730729,1800
São Paulo,208,3,2,1,5,1,0,1749,11904961,7000
Belo Horizonte,70,2,1,2,3,1,0,240,2415872,2000
São Paulo,160,5,3,3,0,1,0,0,11904961,4460
Belo Horizonte,214,4,3,3,1,0,0,1760,2415872,5600
São Paulo,40,1,1,1,3,1,1,820,11904961,3179
Rio de Janeiro,64,2,1,0,6,0,0,950,6730729,3500
São Paulo,290,4,5,2,6,1,0,4300,11904961,10000
Porto Alegre,35,1,1,0,0,1,1,220,1388794,850
São Paulo,138,2,3,2,13,1,0,1800,11904961,8000
Belo Horizonte,78,2,3,2,3,1,0,407,2415872,2500
Belo Horizonte,92,3,1,1,2,1,0,270,2415872,1900
Porto Alegre,513,3,2,2,3,1,1,350,1388794,2900
Campinas,58,1,1,1,1,1,0,797,1187974,1270
São Paulo,51,1,1,1,25,1,1,714,11904961,4650
Belo Horizonte,200,4,5,3,5,0,1,1900,2415872,9000
Porto Alegre,115,1,1,0,4,1,1,350,1388794,1600
Rio de Janeiro,64,2,1,1,1,1,1,2244,6730729,1900
Campinas,40,1,1,1,2,0,0,1300,1187974,1000
Rio de Janeiro,159,3,2,2,12,1,0,1350,6730729,1900
Rio de Janeiro,35,1,1,0,1,1,1,0,6730729,1850
São Paulo,192,3,1,0,0,0,0,0,11904961,1560
São Paulo,250,5,5,0,0,1,0,0,11904961,4500
Campinas,43,1,1,0,5,0,0,323,1187974,660
Belo Horizonte,142,3,3,2,0,1,0,0,2415872,2000
Belo Horizonte,244,4,3,3,3,1,0,600,2415872,2900
São Paulo,200,3,2,3,14,1,1,3000,11904961,8000
Campinas,55,2,1,1,4,1,0,395,1187974,700
São Paulo,108,4,2,0,9,1,0,1013,11904961,5500
São Paulo,120,3,1,0,0,1,0,0,11904961,2200
São Paulo,44,1,1,1,13,0,1,2102,11904961,4300
Belo Horizonte,50,2,1,1,4,1,0,158,2415872,1140
São Paulo,87,2,2,2,15,1,0,722,11904961,3800
São Paulo,88,3,2,2,11,1,1,1350,11904961,5870
São Paulo,376,3,3,2,0,1,0,0,11904961,1800
Porto Alegre,38,1,1,1,8,1,0,350,1388794,1490
Campinas,45,1,1,1,15,1,0,653,1187974,880
Rio de Janeiro,36,1,1,0,4,0,1,1,6730729,1627
Rio de Janeiro,75,2,1,1,4,1,1,500,6730729,1360
São Paulo,85,2,2,1,6,0,1,850,11904961,3000
Porto Alegre,58,2,2,2,8,1,0,500,1388794,2470
São Paulo,90,2,3,1,0,1,0,270,11904961,2300
Porto Alegre,87,2,1,1,6,1,1,300,1388794,1550
São Paulo,136,3,2,2,8,0,1,1490,11904961,8090
Rio de Janeiro,124,3,2,2,8,0,1,1250,6730729,5400
São Paulo,51,1,1,0,13,1,1,340,11904961,2500
Campinas,90,2,1,0,0,0,0,0,1187974,1700
Porto Alegre,270,2,3,1,0,1,0,0,1388794,6500
Campinas,200,4,3,2,1,1,0,1150,1187974,3400
Porto Alegre,79,3,1,0,10,1,1,480,1388794,1140
São Paulo,40,2,1,1,1,1,0,700,11904961,3300
São Paulo,300,3,5,4,0,1,0,470,11904961,6600
São Paulo,44,1,1,0,13,0,1,450,11904961,1900
São Paulo,130,3,2,2,0,1,0,0,11904961,2200
São Paulo,180,3,4,3,15,1,1,1441,11904961,6400
São Paulo,79,3,2,2,4,0,1,660,11904961,3200
Belo Horizonte,50,1,1,1,4,0,1,530,2415872,1850
Campinas,110,3,1,1,0,1,0,0,1187974,1500
São Paulo,17,1,1,0,1,0,1,300,11904961,2200
Belo Horizonte,60,2,1,1,8,1,0,405,2415872,2100
Rio de Janeiro,95,2,2,0,5,1,0,900,6730729,1700
São Paulo,145,2,2,1,0,1,0,0,11904961,2975
São Paulo,125,3,4,5,0,1,0,0,11904961,10000
Rio de Janeiro,70,1,1,1,3,1,1,750,6730729,2000
Rio de Janeiro,90,2,2,1,4,0,0,900,6730729,2700
São Paulo,28,1,1,0,6,1,1,280,11904961,2500
Belo Horizonte,165,3,3,3,0,1,0,0,2415872,3000
São Paulo,25,1,1,0,9,1,1,160,11904961,1750
São Paulo,195,4,3,4,7,1,0,1808,11904961,2700
Belo Horizonte,70,3,1,1,3,1,0,90,2415872,900
Campinas,50,1,1,0,1,0,1,640,1187974,2000
São Paulo,44,1,1,0,6,1,0,660,11904961,2800
Belo Horizonte,245,4,5,2,7,1,0,1400,2415872,2025
São Paulo,46,2,1,0,1,1,0,267,11904961,1700
Belo Horizonte,70,2,1,1,2,1,0,140,2415872,950
Rio de Janeiro,50,1,1,0,1,1,1,250,6730729,750
Belo Horizonte,40,2,2,1,2,0,0,210,2415872,900
São Paulo,94,3,2,2,17,1,0,915,11904961,2173
São Paulo,323,3,5,6,0,1,0,0,11904961,10000
Rio de Janeiro,140,3,2,2,7,1,1,2320,6730729,7400
Rio de Janeiro,102,3,2,1,4,1,0,1600,6730729,5000
São Paulo,170,3,2,1,14,0,0,1050,11904961,4500
Belo Horizonte,250,4,2,2,0,1,1,600,2415872,3500
São Paulo,44,1,1,0,1,0,0,0,11904961,1200
São Paulo,54,2,2,1,4,1,0,954,11904961,2800
Rio de Janeiro,125,4,4,2,8,1,0,1600,6730729,6130
São Paulo,80,3,1,1,8,1,1,703,11904961,2500
São Paulo,150,3,2,4,0,1,0,0,11904961,9670
São Paulo,270,4,4,4,0,1,1,0,11904961,8840
São Paulo,53,1,1,1,6,0,1,0,11904961,3500
São Paulo,486,8,4,6,0,1,0,0,11904961,25000
Belo Horizonte,200,3,1,1,0,1,0,0,2415872,3800
São Paulo,218,3,3,3,9,1,1,1850,11904961,15000
São Paulo,50,1,1,1,0,1,0,0,11904961,1750
Porto Alegre,112,2,2,2,10,1,0,1100,1388794,3153
Campinas,300,4,5,4,0,1,0,0,1187974,4000
Belo Horizonte,75,2,1,2,0,1,0,0,2415872,1500
São Paulo,700,3,3,8,0,1,1,1200,11904961,13500
São Paulo,250,2,2,1,0,1,0,0,11904961,4800
Campinas,50,1,1,0,0,1,0,0,1187974,940
Rio de Janeiro,91,2,2,1,14,1,1,5197,6730729,9800
Rio de Janeiro,83,2,1,1,4,1,0,850,6730729,2330
São Paulo,335,4,6,4,2,1,1,3500,11904961,4500
São Paulo,520,4,4,3,0,1,1,0,11904961,12000
São Paulo,235,3,2,2,5,1,1,3650,11904961,7200
São Paulo,280,5,5,4,13,1,0,3100,11904961,10000
São Paulo,80,1,1,1,2,0,0,0,11904961,1200
São Paulo,70,2,2,1,0,1,0,0,11904961,2100
São Paulo,139,3,2,0,7,1,0,1250,11904961,8000
Belo Horizonte,325,4,3,0,0,1,0,0,2415872,9000
São Paulo,60,2,1,1,6,1,0,1064,11904961,1100
Porto Alegre,238,4,3,1,5,1,1,1200,1388794,4250
São Paulo,50,1,1,0,0,0,0,0,11904961,1093
São Paulo,128,3,3,0,9,1,0,1260,11904961,2900
São Paulo,300,3,6,6,0,0,0,0,11904961,5000
São Paulo,160,3,3,1,0,1,0,0,11904961,8000
Belo Horizonte,400,5,5,8,0,1,0,0,2415872,7900
Rio de Janeiro,62,2,1,0,3,1,0,605,6730729,1200
São Paulo,300,4,5,2,0,1,0,0,11904961,4200
São Paulo,300,5,5,4,8,1,0,3200,11904961,4792
Campinas,30,1,1,0,0,0,0,0,1187974,1400
São Paulo,300,3,2,3,0,1,1,0,11904961,3700
São Paulo,37,1,1,1,12,1,1,399,11904961,3700
São Paulo,35,1,1,0,16,0,1,2000,11904961,1500
Porto Alegre,55,1,1,0,1,1,0,250,1388794,700
São Paulo,50,1,1,0,1,1,0,325,11904961,1550
São Paulo,64,2,1,2,10,0,1,2530,11904961,4000
São Paulo,49,2,1,1,5,1,0,360,11904961,2000
Campinas,87,3,2,1,9,1,0,743,1187974,1800
São Paulo,250,3,4,2,0,1,0,300,11904961,3480
São Paulo,72,3,2,1,3,0,0,790,11904961,1750
São Paulo,76,3,3,2,1,1,0,900,11904961,2662
Porto Alegre,163,3,4,2,3,1,1,1916,1388794,8000
São Paulo,75,2,1,0,5,1,1,500,11904961,4000
Campinas,89,3,2,1,7,1,0,860,1187974,1800
São Paulo,93,3,3,2,5,1,1,1203,11904961,4200
São Paulo,420,3,6,4,0,0,0,0,11904961,6500
Belo Horizonte,640,6,7,5,0,1,1,0,2415872,6141
São Paulo,326,3,4,5,12,1,1,3600,11904961,15000
São Paulo,136,3,4,3,4,0,0,1546,11904961,3500
Porto Alegre,39,1,1,0,2,1,1,120,1388794,780
Belo Horizonte,70,2,1,1,1,1,0,490,2415872,900
São Paulo,480,4,6,5,0,1,0,0,11904961,15000
São Paulo,180,3,3,5,0,1,0,0,11904961,2500
Belo Horizonte,100,3,2,2,9,1,1,850,2415872,3000
Belo Horizonte,100,3,2,1,0,1,1,100,2415872,2000
São Paulo,560,5,5,6,0,1,0,0,11904961,15000
São Paulo,180,5,3,2,0,0,0,0,11904961,9000
Rio de Janeiro,44,1,1,0,3,1,0,505,6730729,2350
São Paulo,18,1,1,1,3,0,0,690,11904961,1090
Campinas,154,2,2,1,0,1,0,0,1187974,1300
São Paulo,80,2,2,1,1,0,1,2224,11904961,2800
São Paulo,150,4,4,1,0,1,1,0,11904961,4500
São Paulo,80,2,2,2,4,1,0,850,11904961,2450
São Paulo,136,3,2,1,7,1,1,1780,11904961,4000
Porto Alegre,55,1,1,1,6,1,0,450,1388794,935
Porto Alegre,90,3,2,1,2,1,1,650,1388794,2200
São Paulo,224,4,5,3,12,1,0,9500,11904961,9500
Porto Alegre,32,1,1,1,4,1,0,450,1388794,2500
Rio de Janeiro,60,2,1,1,8,1,0,355,6730729,500
Rio de Janeiro,150,3,2,1,12,1,1,1100,6730729,4200
São Paulo,260,3,5,3,3,1,0,4400,11904961,4500
São Paulo,42,1,1,0,3,1,0,350,11904961,1120
Belo Horizonte,320,4,3,3,10,0,1,1700,2415872,7000
Porto Alegre,460,4,4,4,0,1,0,0,1388794,4000
São Paulo,208,3,3,3,13,1,0,2204,11904961,5960
São Paulo,360,4,5,4,12,1,0,4350,11904961,6593
São Paulo,30,1,1,0,1,0,1,1200,11904961,1500
São Paulo,132,2,2,0,1,1,1,978,11904961,2900
Belo Horizonte,250,6,6,2,0,1,0,0,2415872,9000
São Paulo,29,1,1,1,10,0,1,1500,11904961,3050
São Paulo,100,1,2,2,0,1,0,0,11904961,2000
Rio de Janeiro,100,3,2,1,12,1,0,700,6730729,1920
Porto Alegre,120,3,3,0,7,1,1,1126,1388794,7500
Belo Horizonte,390,6,3,2,0,1,0,0,2415872,11000
São Paulo,80,3,1,0,0,1,0,0,11904961,2400
São Paulo,140,3,3,1,2,1,1,1100,11904961,3000
São Paulo,146,3,2,2,14,1,1,1400,11904961,3500
Belo Horizonte,360,4,2,4,0,1,0,0,2415872,6000
São Paulo,165,3,3,4,9,1,0,2000,11904961,5000
São Paulo,100,3,2,2,0,1,1,550,11904961,3570
São Paulo,80,3,2,2,11,1,0,890,11904961,3100
São Paulo,29,1,1,0,18,1,0,298,11904961,2300
Campinas,46,1,1,1,4,0,0,560,1187974,935
São Paulo,110,3,2,2,14,0,1,1850,11904961,5500
São Paulo,300,3,3,3,0,1,0,1,11904961,3400
São Paulo,62,2,2,3,7,1,0,2890,11904961,7000
São Paulo,150,3,1,0,3,0,0,200,11904961,4200
Porto Alegre,92,3,1,0,3,1,0,600,1388794,1800
Belo Horizonte,50,2,1,1,4,1,0,150,2415872,900
São Paulo,220,3,3,3,9,1,0,3500,11904961,8900
Rio de Janeiro,250,4,3,2,6,1,0,2870,6730729,5300
Rio de Janeiro,160,3,2,1,2,1,0,2000,6730729,4000
Rio de Janeiro,110,3,2,1,7,1,0,1250,6730729,2500
São Paulo,120,4,4,4,0,1,0,0,11904961,4000
Porto Alegre,101,3,2,1,3,1,0,630,1388794,2900
São Paulo,60,2,1,0,8,0,1,435,11904961,1800
São Paulo,60,2,1,1,0,0,0,0,11904961,1700
São Paulo,330,4,3,0,9,1,0,4400,11904961,10000
São Paulo,350,3,6,4,28,1,1,2100,11904961,12000
Rio de Janeiro,26,1,1,0,1,1,0,0,6730729,2100
São Paulo,110,4,5,3,0,1,0,0,11904961,3900
São Paulo,233,3,4,4,15,0,1,3780,11904961,4300
Belo Horizonte,441,5,5,8,0,1,0,0,2415872,8000
Porto Alegre,44,1,1,0,4,1,1,270,1388794,550
São Paulo,150,3,4,3,0,1,1,0,11904961,4600
São Paulo,50,1,1,0,0,1,0,0,11904961,820
Belo Horizonte,136,4,3,1,1,1,0,347,2415872,2300
São Paulo,455,3,2,4,0,1,0,0,11904961,11000
Belo Horizonte,160,4,4,3,12,0,1,1634,2415872,6500
São Paulo,58,1,1,2,2,1,0,640,11904961,2000
Porto Alegre,75,2,1,0,1,1,0,380,1388794,2500
Rio de Janeiro,160,3,2,1,1,1,0,2300,6730729,3150
São Paulo,310,5,2,2,15,1,0,2800,11904961,5000
São Paulo,180,3,2,2,3,1,0,2200,11904961,2500
São Paulo,207,3,4,3,3,1,0,2600,11904961,2500
São Paulo,91,3,3,3,5,0,0,1312,11904961,2438
São Paulo,275,4,3,4,5,1,1,3000,11904961,10000
São Paulo,265,4,6,3,6,0,0,2400,11904961,2500
São Paulo,57,1,1,1,4,1,1,300,11904961,6000
Porto Alegre,450,5,5,2,0,1,0,1100,1388794,8000
São Paulo,245,4,5,4,9,1,0,2641,11904961,3200
São Paulo,216,3,4,2,10,1,0,3400,11904961,4675
Campinas,74,3,2,1,4,1,0,390,1187974,900
São Paulo,80,2,1,1,6,1,0,654,11904961,2300
São Paulo,130,3,2,2,6,1,0,1100,11904961,3850
Porto Alegre,56,1,2,1,6,1,1,650,1388794,2500
São Paulo,163,2,3,3,3,1,0,1650,11904961,7000
Porto Alegre,70,2,1,0,8,1,1,400,1388794,1200
Campinas,45,1,1,0,3,1,0,412,1187974,860
São Paulo,80,1,2,0,6,0,0,1174,11904961,3900
São Paulo,80,2,1,0,11,0,0,600,11904961,1950
São Paulo,600,3,3,4,0,1,0,0,11904961,6800
Belo Horizonte,150,3,2,2,3,1,0,1350,2415872,1600
São Paulo,265,3,3,2,0,1,1,0,11904961,8712
Belo Horizonte,100,4,2,2,0,1,0,0,2415872,2840
Campinas,55,1,1,1,3,0,0,260,1187974,1100
Campinas,48,2,1,1,4,1,0,243,1187974,850
Rio de Janeiro,82,2,2,0,2,1,0,1296,6730729,3000
Belo Horizonte,140,4,3,3,4,1,0,1320,2415872,3300
Belo Horizonte,360,5,6,4,0,1,1,0,2415872,12000
São Paulo,35,1,1,0,7,1,0,400,11904961,1200
Porto Alegre,72,2,2,1,2,1,0,650,1388794,950
Belo Horizonte,133,3,2,3,1,0,0,806,2415872,2100
Porto Alegre,95,3,1,2,2,1,0,510,1388794,1300
São Paulo,30,1,1,1,6,0,1,2400,11904961,3500
Belo Horizonte,350,5,5,3,3,0,0,500,2415872,2000
São Paulo,179,3,3,3,12,1,1,1800,11904961,3200
Porto Alegre,65,3,2,1,3,1,0,400,1388794,850
Rio de Janeiro,150,4,3,2,0,1,0,0,6730729,5000
São Paulo,35,1,1,0,1,0,0,0,11904961,1310
Belo Horizonte,360,6,3,4,0,1,0,0,2415872,7000
São Paulo,115,2,2,1,18,1,1,950,11904961,6500
São Paulo,341,3,3,2,6,1,0,2600,11904961,4400
Porto Alegre,89,2,2,1,2,1,0,350,1388794,1850
Rio de Janeiro,46,1,1,0,3,1,0,650,6730729,2350
São Paulo,226,3,4,3,6,1,0,2200,11904961,6900
São Paulo,115,2,3,2,8,1,0,1380,11904961,12000
Porto Alegre,164,3,3,0,5,1,0,1680,1388794,4500
São Paulo,37,1,1,1,8,1,1,500,11904961,3000
São Paulo,160,3,2,2,0,1,0,0,11904961,4000
São Paulo,175,4,3,2,0,1,0,0,11904961,3200
Belo Horizonte,140,3,2,1,11,0,1,1000,2415872,3300
São Paulo,400,4,6,5,0,1,0,0,11904961,5300
São Paulo,45,1,2,0,1,1,0,0,11904961,1430
Belo Horizonte,153,4,2,2,1,1,0,1000,2415872,3500
Campinas,56,2,1,1,1,1,0,345,1187974,760
São Paulo,383,4,5,6,0,1,0,2780,11904961,9500
São Paulo,146,3,4,2,8,1,1,1800,11904961,11000
São Paulo,135,3,2,0,3,1,0,1400,11904961,4500
São Paulo,37,1,1,1,18,0,0,676,11904961,3000
São Paulo,238,3,5,3,1,1,1,2700,11904961,15000
São Paulo,55,1,1,0,1,1,0,0,11904961,1100
São Paulo,92,2,2,2,17,1,1,840,11904961,2288
Porto Alegre,215,6,6,6,0,1,0,0,1388794,5000
Porto Alegre,320,4,4,2,13,1,1,1500,1388794,4500
Campinas,64,1,2,1,11,0,0,930,1187974,1540
Belo Horizonte,92,2,2,2,16,1,0,1169,2415872,5000
Rio de Janeiro,72,2,1,1,3,1,0,300,6730729,800
Rio de Janeiro,65,1,1,0,4,1,0,350,6730729,2200
Rio de Janeiro,500,5,5,2,11,1,1,2500,6730729,8000
São Paulo,131,4,4,2,11,1,0,1400,11904961,4500
São Paulo,70,3,2,2,16,1,1,650,11904961,2500
São Paulo,530,4,6,4,11,1,0,4310,11904961,2569
Belo Horizonte,85,3,3,2,2,0,0,270,2415872,1750
São Paulo,139,3,4,2,12,0,1,1350,11904961,11000
Belo Horizonte,266,4,3,2,0,1,0,0,2415872,7500
Belo Horizonte,110,3,2,4,0,1,0,30,2415872,2100
São Paulo,182,3,4,3,0,1,0,0,11904961,7000
São Paulo,318,4,6,4,0,0,0,2500,11904961,12000
São Paulo,380,4,6,1,0,0,1,0,11904961,10840
Rio de Janeiro,85,2,3,0,1,1,0,0,6730729,1940
Porto Alegre,62,2,1,0,3,1,0,80,1388794,1250
Rio de Janeiro,42,1,1,0,8,1,0,500,6730729,1300
São Paulo,50,2,2,1,10,1,0,400,11904961,1900
Belo Horizonte,52,2,1,1,3,1,0,300,2415872,860
São Paulo,179,4,4,3,8,1,1,1100,11904961,8500
Rio de Janeiro,100,2,3,0,12,1,0,800,6730729,2662
Rio de Janeiro,80,2,2,1,4,1,0,1090,6730729,2500
São Paulo,180,3,1,1,1,1,0,100,11904961,2500
Porto Alegre,650,4,6,5,0,1,1,0,1388794,13800
Porto Alegre,51,1,1,1,4,1,0,450,1388794,2000
Campinas,48,2,1,1,1,0,1,295,1187974,1400
Rio de Janeiro,350,4,4,2,14,1,1,1980,6730729,9000
São Paulo,354,5,6,3,0,1,0,0,11904961,8850
São Paulo,250,4,5,0,6,1,0,2023,11904961,12000
São Paulo,55,2,2,1,2,1,0,600,11904961,1300
São Paulo,60,2,2,1,7,1,1,752,11904961,3800
São Paulo,350,4,3,4,0,1,0,1,11904961,7300
Belo Horizonte,150,4,2,1,0,1,0,0,2415872,2250
São Paulo,32,1,1,0,5,1,0,400,11904961,2001
Rio de Janeiro,50,1,1,0,1,0,1,400,6730729,2960
Belo Horizonte,744,6,6,8,0,1,1,450,2415872,11000
São Paulo,63,2,2,1,1,1,1,720,11904961,3500
São Paulo,60,2,1,0,6,1,0,450,11904961,1600
São Paulo,120,3,2,1,7,1,1,1400,11904961,3280
Rio de Janeiro,47,2,1,1,5,1,0,513,6730729,1000
Campinas,93,3,2,2,2,1,0,657,1187974,1700
São Paulo,92,3,2,0,13,1,0,870,11904961,5800
Porto Alegre,84,3,2,1,8,1,0,500,1388794,2200
São Paulo,100,2,2,1,0,0,0,0,11904961,1450
Campinas,380,4,6,6,0,0,0,0,1187974,4100
São Paulo,130,3,2,1,13,1,0,1600,11904961,2900
São Paulo,200,3,3,2,7,0,1,2500,11904961,6000
São Paulo,33,1,1,1,26,0,1,1500,11904961,2000
São Paulo,100,3,1,0,0,1,0,0,11904961,2200
São Paulo,115,2,1,0,5,1,0,1500,11904961,2200
São Paulo,327,4,4,5,9,1,1,5200,11904961,7000
Belo Horizonte,45,2,1,1,1,1,0,0,2415872,880
Porto Alegre,124,3,3,1,7,1,0,970,1388794,1942
São Paulo,64,1,2,1,15,1,1,650,11904961,8900
Belo Horizonte,212,4,2,1,5,1,1,1364,2415872,2100
São Paulo,100,2,3,2,4,1,0,1800,11904961,2200
São Paulo,38,1,1,1,3,1,1,475,11904961,3008
São Paulo,330,3,5,5,8,1,1,3300,11904961,7500
São Paulo,71,2,1,1,8,1,0,800,11904961,2140
São Paulo,70,2,2,1,16,0,0,662,11904961,4500
São Paulo,220,4,3,3,3,1,0,1600,11904961,3400
São Paulo,128,3,2,2,1,1,0,1100,11904961,2500
São Paulo,35,1,1,1,16,1,1,572,11904961,4900
Porto Alegre,220,4,3,1,0,0,1,230,1388794,2000
São Paulo,380,4,6,6,11,1,1,4500,11904961,12000
São Paulo,43,2,1,1,1,0,0,750,11904961,1375
São Paulo,60,1,1,0,1,1,0,0,11904961,1250
Rio de Janeiro,53,1,1,0,7,1,0,1,6730729,1700
São Paulo,50,2,1,1,25,1,1,428,11904961,3900
São Paulo,65,2,2,0,6,1,0,400,11904961,1910
São Paulo,150,3,2,1,0,1,0,0,11904961,1450
Belo Horizonte,70,3,1,0,4,1,0,330,2415872,970
São Paulo,49,1,1,1,7,1,1,1730,11904961,6200
São Paulo,30,1,1,0,0,0,0,0,11904961,1200
São Paulo,45,1,1,0,7,1,0,265,11904961,1275
Porto Alegre,260,2,2,1,4,1,0,170,1388794,2000
São Paulo,197,3,4,1,10,1,0,2665,11904961,4500
São Paulo,136,3,3,2,5,1,0,1439,11904961,2200
Belo Horizonte,120,4,4,2,6,1,0,1100,2415872,3000
São Paulo,115,3,2,1,9,1,1,1082,11904961,6300
São Paulo,130,2,1,1,9,1,0,1159,11904961,3850
São Paulo,87,3,3,2,12,0,1,930,11904961,3000
São Paulo,95,3,2,0,2,1,0,0,11904961,2350
Campinas,70,1,2,1,11,0,1,1700,1187974,1500
Rio de Janeiro,87,2,2,1,8,1,0,1110,6730729,3500
Belo Horizonte,50,1,1,0,0,0,0,0,2415872,1050
São Paulo,50,1,1,1,1,1,0,795,11904961,3500
São Paulo,128,3,4,2,8,0,1,1337,11904961,5000
Rio de Janeiro,86,3,2,1,7,1,1,1300,6730729,3300
São Paulo,100,3,2,1,4,0,1,950,11904961,2700
São Paulo,139,4,5,2,6,0,0,1500,11904961,10000
Campinas,72,2,1,0,2,0,0,606,1187974,780
Belo Horizonte,120,3,3,3,1,1,0,750,2415872,2650
São Paulo,24,1,1,0,4,0,1,368,11904961,2530
Campinas,135,2,2,2,2,1,0,1175,1187974,3800
São Paulo,280,3,4,4,6,1,0,4095,11904961,5450
São Paulo,49,1,1,1,18,0,1,600,11904961,5400
São Paulo,40,1,1,0,18,0,1,0,11904961,2600
São Paulo,320,3,3,4,0,1,0,0,11904961,8000
São Paulo,52,1,1,1,8,0,0,1700,11904961,4420
São Paulo,240,3,3,4,22,1,0,3538,11904961,12000
Porto Alegre,109,3,2,1,7,1,0,992,1388794,2080
São Paulo,119,3,3,1,8,0,1,790,11904961,3750
São Paulo,340,4,6,4,8,1,1,3100,11904961,2800
São Paulo,790,4,4,2,0,1,0,2500,11904961,10000
São Paulo,35,1,1,0,5,1,1,700,11904961,1618
São Paulo,98,3,3,2,1,1,1,1975,11904961,2900
São Paulo,260,4,4,4,24,1,0,2622,11904961,4000
São Paulo,45,2,1,0,3,0,0,162,11904961,1610
São Paulo,270,2,2,3,17,1,0,2200,11904961,8650
São Paulo,50,1,1,0,0,1,0,0,11904961,1400
Rio de Janeiro,30,1,1,1,2,1,0,600,6730729,900
São Paulo,45,2,1,1,8,1,0,300,11904961,1100
São Paulo,150,3,1,2,9,1,0,1300,11904961,3000
Porto Alegre,42,1,1,1,3,1,0,390,1388794,1390
São Paulo,210,3,4,3,6,1,0,3900,11904961,13000
São Paulo,58,2,1,0,9,1,1,397,11904961,1780
Campinas,76,2,2,2,9,1,1,679,1187974,3100
Porto Alegre,28,1,1,0,2,1,0,184,1388794,850
São Paulo,130,2,4,4,5,0,0,1300,11904961,2700
São Paulo,60,1,1,0,0,0,0,0,11904961,1300
São Paulo,54,2,1,1,7,0,0,475,11904961,1460
São Paulo,111,3,3,2,0,1,0,0,11904961,4000
Belo Horizonte,80,2,3,2,5,1,0,980,2415872,2800
São Paulo,600,6,5,5,0,1,1,0,11904961,12000
Porto Alegre,73,2,1,1,2,1,0,213,1388794,1200
Rio de Janeiro,80,2,2,1,7,1,1,3985,6730729,5000
São Paulo,145,3,3,1,1,1,0,1225,11904961,5800
São Paulo,42,1,1,1,3,1,0,450,11904961,2700
São Paulo,98,2,1,1,1,1,0,650,11904961,1800
Porto Alegre,80,3,2,2,4,1,0,300,1388794,1850
Porto Alegre,367,4,3,2,3,1,1,1400,1388794,4500
Porto Alegre,68,2,2,2,9,1,0,400,1388794,2400
Porto Alegre,90,3,2,1,12,1,0,500,1388794,1480
Rio de Janeiro,154,4,5,2,3,1,1,3756,6730729,10000
Porto Alegre,47,2,1,1,7,1,0,389,1388794,1200
São Paulo,230,5,3,2,0,1,1,0,11904961,3491
Rio de Janeiro,180,3,3,1,2,1,0,2000,6730729,2910
Rio de Janeiro,120,3,2,1,8,1,1,1300,6730729,4500
Belo Horizonte,110,3,2,0,5,1,0,480,2415872,1600
São Paulo,450,4,6,4,0,1,0,0,11904961,11600
Belo Horizonte,400,7,6,4,0,1,1,0,2415872,6800
Rio de Janeiro,25,1,1,0,6,0,1,478,6730729,2718
São Paulo,62,1,2,1,2,1,1,2061,11904961,11000
São Paulo,95,2,1,1,15,1,0,900,11904961,3000
Belo Horizonte,110,3,3,2,3,1,1,350,2415872,2200
Rio de Janeiro,140,3,2,1,3,1,0,1100,6730729,2200
São Paulo,34,1,1,1,1,0,1,0,11904961,2890
São Paulo,22,1,1,1,7,0,1,580,11904961,3000
São Paulo,177,3,3,3,4,0,0,4500,11904961,8500
São Paulo,96,2,1,1,2,1,0,1080,11904961,4300
Campinas,100,2,2,0,0,1,0,0,1187974,1700
São Paulo,68,2,2,1,6,1,0,750,11904961,2600
São Paulo,300,3,5,4,0,1,0,0,11904961,4490
Rio de Janeiro,160,3,2,1,5,1,0,1815,6730729,3000
São Paulo,140,3,2,2,0,1,0,0,11904961,2000
São Paulo,136,4,2,3,12,1,0,1200,11904961,3300
São Paulo,65,2,2,2,19,0,0,907,11904961,3500
Belo Horizonte,200,3,6,4,9,1,0,1867,2415872,4000
Porto Alegre,120,3,3,2,7,1,1,1000,1388794,3240
Rio de Janeiro,62,2,1,0,5,1,0,997,6730729,3000
São Paulo,390,3,3,2,1,0,0,1800,11904961,6500
São Paulo,67,2,1,0,12,1,0,477,11904961,1200
São Paulo,52,1,1,1,1,1,1,410,11904961,4667
São Paulo,39,1,1,1,5,1,0,1144,11904961,2500
São Paulo,270,3,3,4,1,1,0,3300,11904961,3200
São Paulo,82,3,2,2,2,1,0,1400,11904961,1800
São Paulo,200,2,4,3,16,1,0,4021,11904961,12500
São Paulo,33,1,1,0,4,1,0,305,11904961,1500
São Paulo,110,3,2,2,2,1,0,834,11904961,5500
São Paulo,70,3,1,1,12,1,0,800,11904961,3000
São Paulo,93,3,3,2,7,1,1,1230,11904961,3750
São Paulo,280,4,5,4,18,0,0,3600,11904961,12000
Belo Horizonte,130,4,2,2,2,1,0,1150,2415872,2350
São Paulo,100,2,2,1,0,0,0,0,11904961,4550
Porto Alegre,40,1,1,0,4,0,0,300,1388794,1200
São Paulo,140,3,4,2,1,0,1,1300,11904961,3000
Belo Horizonte,170,4,2,2,2,1,0,1100,2415872,4000
São Paulo,110,2,1,1,10,0,0,705,11904961,1800
Belo Horizonte,45,1,1,1,4,1,1,700,2415872,1500
Belo Horizonte,275,5,4,2,0,1,0,0,2415872,9000
Rio de Janeiro,46,1,1,0,5,1,1,380,6730729,1200
São Paulo,98,2,3,2,8,1,1,1907,11904961,8500
São Paulo,120,3,1,4,0,1,0,0,11904961,3500
São Paulo,180,3,2,1,23,1,0,1850,11904961,7000
São Paulo,250,4,3,3,2,1,0,2000,11904961,4000
Campinas,85,3,2,1,3,0,1,500,1187974,1690
São Paulo,126,3,4,3,4,1,0,1560,11904961,4000
São Paulo,132,3,4,2,10,1,0,1405,11904961,3200
Porto Alegre,216,3,3,3,0,1,0,0,1388794,2390
São Paulo,54,2,1,1,3,1,0,750,11904961,1200
Porto Alegre,160,2,4,2,8,0,1,950,1388794,3100
São Paulo,62,3,1,1,7,0,0,400,11904961,1600
Rio de Janeiro,270,4,3,1,10,0,0,2000,6730729,4000
São Paulo,145,3,4,3,10,0,0,1300,11904961,2850
Porto Alegre,63,2,1,0,12,1,0,500,1388794,1170
Rio de Janeiro,115,2,2,1,5,0,1,2500,6730729,8500
Campinas,51,1,1,0,1,0,0,368,1187974,680
Rio de Janeiro,70,3,1,1,7,1,0,680,6730729,1200
São Paulo,165,3,4,6,0,1,1,0,11904961,4800
São Paulo,208,4,5,2,2,1,0,2900,11904961,7000
São Paulo,87,3,2,1,4,1,0,1191,11904961,3600
Belo Horizonte,90,3,2,0,2,0,0,335,2415872,1400
São Paulo,300,2,4,2,0,1,1,0,11904961,3250
São Paulo,200,3,2,3,0,1,0,0,11904961,3950
Rio de Janeiro,65,2,1,0,2,0,1,970,6730729,2950
Belo Horizonte,42,1,1,1,15,0,1,410,2415872,2690
Porto Alegre,42,1,1,2,2,1,1,240,1388794,1000
Rio de Janeiro,28,1,1,0,5,1,0,320,6730729,1300
São Paulo,140,2,3,2,2,1,0,1600,11904961,4000
São Paulo,53,2,2,1,10,0,1,579,11904961,3000
São Paulo,120,3,2,2,0,1,0,0,11904961,2000
Rio de Janeiro,100,3,2,1,2,1,0,1735,6730729,3000
Porto Alegre,360,3,1,4,0,1,0,0,1388794,2800
São Paulo,227,4,4,3,6,1,0,4000,11904961,9000
Rio de Janeiro,30,1,1,0,2,1,1,433,6730729,1380
São Paulo,90,2,2,1,0,1,0,959,11904961,2968
São Paulo,110,4,4,1,0,1,0,0,11904961,6800
São Paulo,400,3,3,4,0,1,0,0,11904961,4250
Rio de Janeiro,49,1,1,0,4,1,1,550,6730729,2190
São Paulo,100,3,3,1,0,1,0,0,11904961,7000
São Paulo,83,3,1,1,3,1,0,180,11904961,2500
Porto Alegre,40,1,1,0,6,1,0,180,1388794,1250
São Paulo,311,4,4,4,7,1,1,2100,11904961,15000
Belo Horizonte,120,4,2,2,0,1,0,0,2415872,3000
São Paulo,67,2,1,1,3,1,0,0,11904961,1800
São Paulo,100,2,2,0,1,1,0,0,11904961,2700
Belo Horizonte,100,2,1,0,2,0,0,50,2415872,1096
São Paulo,301,3,4,4,0,1,0,0,11904961,8000
Rio de Janeiro,86,3,2,1,9,1,0,1365,6730729,2630
Rio de Janeiro,45,1,1,0,9,0,1,580,6730729,2500
São Paulo,55,2,1,1,2,0,0,470,11904961,1330
Porto Alegre,63,2,1,0,2,1,0,180,1388794,1000
São Paulo,220,3,4,2,0,1,1,0,11904961,4500
Belo Horizonte,202,3,2,5,0,1,0,0,2415872,5500
Rio de Janeiro,85,2,1,0,8,1,0,800,6730729,3420
Porto Alegre,80,2,2,1,6,1,0,580,1388794,3300
São Paulo,400,4,4,4,0,1,1,0,11904961,10000
Belo Horizonte,400,5,4,4,0,1,1,0,2415872,5500
São Paulo,22,1,1,0,7,1,0,200,11904961,1650
Campinas,128,3,3,2,3,1,0,700,1187974,3700
Campinas,170,2,3,3,16,1,0,1350,1187974,5900
Belo Horizonte,55,2,1,1,3,0,0,200,2415872,850
Campinas,51,1,1,0,3,1,0,486,1187974,740
Porto Alegre,50,2,1,1,1,1,0,100,1388794,1440
Rio de Janeiro,81,2,1,0,6,1,0,800,6730729,1600
São Paulo,40,1,1,0,1,0,0,50,11904961,1100
Porto Alegre,83,2,2,1,3,1,0,700,1388794,2500
São Paulo,420,4,6,4,1,0,0,4200,11904961,14000
São Paulo,204,4,3,1,2,1,1,1774,11904961,6000
São Paulo,240,2,2,4,0,1,0,0,11904961,3500
São Paulo,56,2,1,1,10,1,0,550,11904961,1160
Porto Alegre,82,2,2,2,3,1,1,570,1388794,4150
Belo Horizonte,327,4,4,2,0,1,0,0,2415872,8799
São Paulo,96,1,2,1,10,1,1,1835,11904961,4250
São Paulo,54,1,1,0,6,1,0,495,11904961,2306
Porto Alegre,41,1,1,1,6,1,0,400,1388794,2100
Porto Alegre,218,3,5,2,3,1,1,1160,1388794,4950
Rio de Janeiro,20,1,1,0,10,1,1,214,6730729,2150
São Paulo,170,4,4,3,10,0,1,2493,11904961,5000
São Paulo,250,3,3,0,4,1,0,3850,11904961,2500
São Paulo,40,1,1,0,0,1,0,0,11904961,1100
São Paulo,400,4,6,4,8,1,1,4285,11904961,10000
São Paulo,350,5,4,6,0,1,0,0,11904961,6000
Campinas,94,3,1,1,6,1,0,565,1187974,2000
São Paulo,142,3,3,2,15,1,0,1600,11904961,9000
Rio de Janeiro,177,3,3,4,2,1,0,2700,6730729,6900
Belo Horizonte,126,4,2,2,1,1,0,380,2415872,2550
Porto Alegre,160,3,2,2,4,1,0,890,1388794,1990
São Paulo,54,1,1,0,5,1,0,730,11904961,1500
São Paulo,20,1,1,0,3,0,1,150,11904961,3142
São Paulo,75,2,2,0,1,0,0,750,11904961,2125
Belo Horizonte,150,4,4,2,6,1,1,1305,2415872,3350
São Paulo,156,3,3,3,7,1,1,1600,11904961,8000
São Paulo,206,3,3,1,11,1,1,2914,11904961,7400
São Paulo,100,2,1,0,7,0,0,800,11904961,1659
Porto Alegre,47,1,1,1,2,0,0,230,1388794,940
São Paulo,220,3,4,4,12,0,0,1710,11904961,3550
São Paulo,60,2,1,1,10,1,0,350,11904961,1650
Porto Alegre,457,6,6,2,0,1,1,0,1388794,8500
São Paulo,340,4,4,5,5,1,1,4000,11904961,7000
Rio de Janeiro,93,3,2,2,10,1,1,1342,6730729,4950
São Paulo,200,3,2,5,0,1,0,0,11904961,7000
São Paulo,340,4,5,4,2,1,0,2930,11904961,8000
Rio de Janeiro,108,3,2,1,3,1,1,1340,6730729,5200
São Paulo,240,3,5,6,0,1,0,0,11904961,4900
Rio de Janeiro,82,2,2,1,1,1,1,1000,6730729,1950
Rio de Janeiro,480,4,7,3,14,0,1,2800,6730729,6500
Belo Horizonte,35,1,1,1,1,0,0,0,2415872,700
Porto Alegre,105,4,2,1,3,1,0,505,1388794,2200
São Paulo,66,1,1,2,1,1,1,800,11904961,2800
São Paulo,85,2,1,1,0,1,0,0,11904961,1450
Porto Alegre,45,2,1,1,4,1,0,280,1388794,750
São Paulo,50,1,1,1,17,0,1,728,11904961,3500
São Paulo,30,4,4,2,0,1,1,0,11904961,5000
São Paulo,450,3,2,0,0,1,0,0,11904961,5800
Porto Alegre,52,1,1,1,20,1,0,800,1388794,2500
São Paulo,235,3,2,1,0,1,0,0,11904961,6000
São Paulo,141,3,3,2,3,1,0,1100,11904961,7935
São Paulo,80,2,1,0,0,1,0,0,11904961,1200
Belo Horizonte,247,4,2,1,0,1,0,0,2415872,2600
São Paulo,49,2,1,1,6,1,0,277,11904961,2100
São Paulo,325,4,5,4,1,1,1,4950,11904961,15000
São Paulo,200,3,3,4,5,1,0,1950,11904961,3230
Belo Horizonte,220,3,4,3,10,1,1,922,2415872,8000
Rio de Janeiro,170,3,1,1,10,0,0,2888,6730729,5000
São Paulo,46,2,1,0,7,1,1,510,11904961,2880
Porto Alegre,63,2,1,0,3,1,1,200,1388794,1400
São Paulo,160,4,4,3,2,1,0,2500,11904961,11000
São Paulo,100,2,1,1,0,1,0,0,11904961,3800
São Paulo,35,1,1,1,5,0,1,420,11904961,1250
São Paulo,120,3,2,1,18,1,0,1150,11904961,5300
São Paulo,150,3,4,3,1,1,1,1300,11904961,5120
São Paulo,220,3,4,2,0,1,1,0,11904961,7000
São Paulo,48,2,1,1,12,0,0,405,11904961,2050
Campinas,45,1,1,1,3,1,1,492,1187974,1320
São Paulo,160,3,3,2,0,1,0,0,11904961,4680
Campinas,46,1,1,0,6,1,0,399,1187974,850
Porto Alegre,34,1,1,1,6,1,1,180,1388794,1500
Belo Horizonte,540,5,4,8,0,1,0,0,2415872,7000
São Paulo,171,3,3,4,5,0,0,2489,11904961,8700
São Paulo,30,1,1,0,0,0,0,0,11904961,700
Belo Horizonte,118,3,2,0,1,0,0,350,2415872,1500
São Paulo,80,2,2,2,10,1,0,721,11904961,1850
São Paulo,55,1,2,1,18,1,1,2270,11904961,5500
São Paulo,55,2,1,1,0,1,0,0,11904961,1200
São Paulo,380,3,2,2,9,1,0,3835,11904961,6650
Belo Horizonte,300,3,4,2,0,0,0,0,2415872,7000
São Paulo,100,3,2,2,6,0,0,1200,11904961,2000
São Paulo,180,3,3,3,0,1,0,0,11904961,5000
São Paulo,300,4,5,4,9,1,1,4300,11904961,7000
Porto Alegre,193,3,2,2,6,1,0,1800,1388794,2400
São Paulo,110,2,2,0,8,1,1,781,11904961,4750
Rio de Janeiro,20,1,1,0,4,0,0,400,6730729,720
Rio de Janeiro,300,3,4,1,11,1,0,2860,6730729,8300
São Paulo,52,1,2,1,3,1,1,850,11904961,4100
Rio de Janeiro,120,2,3,2,10,1,0,1339,6730729,1935
São Paulo,97,3,2,2,14,1,0,1600,11904961,1700
São Paulo,58,2,1,1,3,1,0,100,11904961,1200
São Paulo,343,4,4,4,0,1,0,0,11904961,6000
São Paulo,205,4,4,6,5,1,0,2450,11904961,2720
São Paulo,68,3,2,1,5,1,1,960,11904961,1500
São Paulo,67,3,2,1,16,1,0,600,11904961,1700
Rio de Janeiro,40,1,1,0,12,1,1,700,6730729,5000
São Paulo,62,3,1,1,10,1,0,750,11904961,1200
São Paulo,120,5,2,4,0,1,0,0,11904961,6500
São Paulo,50,2,1,1,10,1,0,494,11904961,1400
Porto Alegre,40,1,1,0,1,1,0,328,1388794,500
São Paulo,110,3,3,1,10,1,1,1280,11904961,4700
Rio de Janeiro,80,2,1,1,14,1,0,1009,6730729,680
São Paulo,224,3,4,2,9,1,0,3300,11904961,6000
São Paulo,93,2,1,2,19,0,0,1300,11904961,6800
São Paulo,45,1,1,0,0,0,0,0,11904961,1050
São Paulo,120,3,2,1,5,1,0,1700,11904961,2500
Campinas,73,3,2,2,5,1,1,762,1187974,2000
São Paulo,50,2,1,1,1,0,0,520,11904961,1600
São Paulo,136,4,3,1,3,1,0,1800,11904961,4200
São Paulo,235,3,4,4,2,1,1,1950,11904961,15000
São Paulo,400,4,6,1,8,0,0,3355,11904961,4000
São Paulo,220,3,3,3,0,1,1,0,11904961,2800
Rio de Janeiro,82,2,2,1,5,1,0,820,6730729,2000
São Paulo,100,3,3,2,1,1,0,1200,11904961,2800
São Paulo,250,4,4,4,15,1,0,2600,11904961,15000
Belo Horizonte,90,2,3,1,4,1,0,600,2415872,3760
São Paulo,47,1,1,0,0,0,0,100,11904961,1000
São Paulo,35,1,1,0,7,0,0,411,11904961,1080
Rio de Janeiro,150,2,1,0,2,1,0,450,6730729,1500
São Paulo,69,2,1,0,10,1,1,1880,11904961,7540
São Paulo,62,2,2,2,4,1,0,720,11904961,1720
São Paulo,100,2,2,0,0,1,0,0,11904961,2500
São Paulo,300,3,5,3,9,1,1,4000,11904961,5780
São Paulo,160,3,3,1,1,1,0,2800,11904961,4500
Campinas,55,1,1,1,7,0,0,200,1187974,2000
São Paulo,61,2,1,1,11,0,1,2065,11904961,3300
São Paulo,70,2,1,1,12,1,0,1400,11904961,3000
Campinas,308,3,3,4,0,1,0,0,1187974,4700
Rio de Janeiro,230,3,3,1,8,1,1,1800,6730729,10500
São Paulo,51,2,1,1,4,1,0,455,11904961,2500
São Paulo,58,2,2,1,3,1,0,400,11904961,2300
São Paulo,76,2,1,1,12,0,1,906,11904961,4250
São Paulo,236,4,5,4,7,1,0,3500,11904961,10000
São Paulo,86,2,2,2,4,1,0,622,11904961,1950
São Paulo,100,3,3,2,11,1,1,1035,11904961,4062
Porto Alegre,54,2,1,0,4,1,0,260,1388794,1100
São Paulo,22,1,1,0,11,0,1,400,11904961,1956
São Paulo,600,3,2,2,0,1,0,0,11904961,7500
Rio de Janeiro,68,2,2,0,1,1,0,851,6730729,1830
Belo Horizonte,55,1,1,0,0,1,0,0,2415872,895
São Paulo,205,4,4,0,14,1,0,3050,11904961,9800
São Paulo,60,2,1,1,8,1,0,950,11904961,1980
São Paulo,171,4,5,4,4,1,0,1900,11904961,8000
Belo Horizonte,100,2,1,1,0,1,0,0,2415872,1000
São Paulo,71,2,2,1,0,1,0,250,11904961,1830
São Paulo,69,2,1,1,5,1,0,550,11904961,1600
Rio de Janeiro,15,1,1,0,0,1,0,50,6730729,700
São Paulo,90,3,3,1,11,1,0,1347,11904961,4650
Rio de Janeiro,80,2,2,0,4,1,0,800,6730729,4100
Rio de Janeiro,84,2,1,0,2,1,0,420,6730729,1700
São Paulo,834,5,5,7,0,0,0,0,11904961,10500
São Paulo,269,4,3,4,8,1,0,2300,11904961,5000
Porto Alegre,43,1,1,1,18,1,1,600,1388794,3300
São Paulo,70,3,2,3,10,1,1,813,11904961,2300
Porto Alegre,336,2,2,2,2,1,1,4106,1388794,5556
Campinas,76,3,2,1,4,1,0,547,1187974,950
Rio de Janeiro,280,3,3,1,4,1,0,1400,6730729,2190
São Paulo,290,4,4,2,6,1,1,3200,11904961,7800
São Paulo,200,4,3,3,6,1,0,2600,11904961,5000
São Paulo,130,2,2,0,6,1,0,1343,11904961,3974
São Paulo,70,3,2,1,3,1,0,1087,11904961,3700
São Paulo,22,1,1,0,6,0,1,380,11904961,6000
Rio de Janeiro,80,3,2,2,11,1,0,1412,6730729,1358
São Paulo,50,1,1,1,3,1,0,455,11904961,1900
Belo Horizonte,120,3,4,3,8,1,1,2077,2415872,6000
São Paulo,120,2,1,2,7,1,0,660,11904961,1470
Rio de Janeiro,90,3,2,0,3,1,0,1330,6730729,1300
Belo Horizonte,100,3,3,2,6,1,0,1300,2415872,1600
São Paulo,98,4,4,2,23,1,0,930,11904961,2485
Porto Alegre,300,3,2,3,0,1,0,0,1388794,2400
São Paulo,107,4,3,2,1,1,0,830,11904961,3560
São Paulo,33,1,1,1,5,1,1,613,11904961,3700
Belo Horizonte,250,4,3,4,2,1,0,2745,2415872,10000
Belo Horizonte,65,2,2,0,0,0,0,200,2415872,800
São Paulo,150,3,3,2,3,1,0,2177,11904961,3700
Belo Horizonte,97,2,1,0,11,0,0,561,2415872,1633
São Paulo,410,5,7,3,0,1,1,0,11904961,12000
São Paulo,52,1,1,1,15,0,1,1218,11904961,5000
Rio de Janeiro,65,2,2,0,2,1,1,720,6730729,1500
Belo Horizonte,250,4,4,6,7,1,0,300,2415872,8000
Belo Horizonte,256,4,3,2,0,1,0,0,2415872,11000
São Paulo,53,2,2,1,6,0,0,400,11904961,1250
Rio de Janeiro,30,1,1,0,0,0,0,400,6730729,900
Rio de Janeiro,45,2,1,0,5,1,0,400,6730729,700
Rio de Janeiro,44,2,1,0,4,1,0,385,6730729,2650
Belo Horizonte,506,4,5,0,0,1,0,0,2415872,8000
Rio de Janeiro,190,4,3,1,4,1,0,1570,6730729,3500
São Paulo,48,1,1,0,1,0,0,460,11904961,2500
São Paulo,162,3,3,1,8,1,0,2150,11904961,7000
São Paulo,54,2,2,0,13,1,1,2009,11904961,5150
São Paulo,320,4,3,8,0,1,0,0,11904961,2150
São Paulo,60,1,1,1,15,1,1,1000,11904961,5500
São Paulo,194,3,4,4,5,1,0,2600,11904961,12000
Porto Alegre,54,1,1,1,4,0,0,250,1388794,1250
Rio de Janeiro,90,2,2,0,10,1,1,1900,6730729,3500
São Paulo,40,1,1,1,1,0,1,1100,11904961,1600
Belo Horizonte,175,4,4,3,10,1,0,2600,2415872,4700
Porto Alegre,233,4,6,4,0,1,0,0,1388794,14000
São Paulo,800,5,4,6,0,1,1,0,11904961,12000
Belo Horizonte,200,5,4,3,15,1,1,841,2415872,5000
São Paulo,120,4,4,2,5,1,0,2500,11904961,9500
Belo Horizonte,23,1,1,0,1,0,1,200,2415872,900
Porto Alegre,27,1,1,0,9,1,0,200,1388794,750
São Paulo,64,2,2,1,0,0,0,773,11904961,1900
Belo Horizonte,180,4,1,3,0,1,0,0,2415872,5900
São Paulo,241,4,4,3,3,1,0,2851,11904961,5525
Rio de Janeiro,80,2,2,1,4,1,0,1000,6730729,3060
Campinas,20,1,1,0,1,0,0,210,1187974,930
Rio de Janeiro,140,3,3,0,4,1,0,1700,6730729,3800
Rio de Janeiro,160,3,1,0,3,0,0,2450,6730729,4100
São Paulo,45,1,1,0,5,1,0,406,11904961,2700
Porto Alegre,79,2,1,0,0,1,0,448,1388794,1105
Rio de Janeiro,100,3,2,0,8,0,1,1600,6730729,5000
São Paulo,73,1,2,1,18,1,0,912,11904961,3300
São Paulo,36,1,1,2,11,0,1,517,11904961,3000
Porto Alegre,30,1,1,0,5,1,0,300,1388794,545
Rio de Janeiro,180,4,3,1,8,0,1,2900,6730729,12850
Porto Alegre,42,1,1,0,4,1,0,400,1388794,1200
Porto Alegre,60,2,1,0,0,0,0,0,1388794,1500
São Paulo,42,1,1,1,4,1,0,500,11904961,2200
Belo Horizonte,140,4,3,3,8,1,0,1805,2415872,3200
São Paulo,320,4,4,5,0,1,0,0,11904961,15000
Belo Horizonte,120,3,2,1,1,1,0,300,2415872,2100
São Paulo,65,2,2,1,0,0,0,120,11904961,1850
São Paulo,215,3,4,4,0,1,0,0,11904961,10000
São Paulo,52,2,1,0,1,1,0,199,11904961,1000
São Paulo,272,4,4,4,2,1,0,5600,11904961,13000
São Paulo,32,1,1,1,11,0,1,1680,11904961,2200
São Paulo,191,3,3,4,1,1,1,2605,11904961,15000
São Paulo,288,4,5,4,2,1,1,3600,11904961,4800
Campinas,37,1,1,1,7,0,0,415,1187974,825
Belo Horizonte,113,2,2,2,4,1,0,343,2415872,2500
Rio de Janeiro,50,1,1,0,4,1,0,450,6730729,850
São Paulo,53,2,1,1,11,1,0,831,11904961,2622
São Paulo,76,2,2,2,3,1,1,900,11904961,4500
São Paulo,158,3,3,2,1,1,1,2063,11904961,10900
Belo Horizonte,659,5,4,6,0,1,0,0,2415872,11000
São Paulo,180,3,3,1,0,0,0,0,11904961,3000
São Paulo,42,1,1,1,7,1,1,530,11904961,2900
Campinas,89,2,1,1,3,1,0,750,1187974,880
Belo Horizonte,220,4,3,2,4,1,0,345,2415872,3000
São Paulo,90,2,2,0,0,1,0,0,11904961,1700
Rio de Janeiro,280,3,3,3,6,1,0,2500,6730729,4000
São Paulo,40,1,1,0,0,1,0,0,11904961,600
São Paulo,277,3,3,0,11,1,0,2332,11904961,8500
Porto Alegre,70,3,2,1,7,1,0,530,1388794,2300
Campinas,200,2,1,1,0,1,0,0,1187974,1410
Campinas,74,3,2,2,11,1,1,477,1187974,1600
São Paulo,165,3,2,3,7,1,0,1874,11904961,3600
São Paulo,60,2,2,1,10,1,1,1938,11904961,3400
Rio de Janeiro,85,2,1,0,9,1,1,900,6730729,7000
Porto Alegre,56,2,1,0,4,1,0,300,1388794,637
Rio de Janeiro,18,1,1,0,1,0,0,0,6730729,900
São Paulo,175,3,5,1,0,1,0,0,11904961,5900
São Paulo,220,4,2,3,0,1,1,0,11904961,5200
São Paulo,132,3,3,2,1,0,1,2084,11904961,2700
São Paulo,100,1,2,2,1,1,1,2344,11904961,7000
Campinas,415,4,4,6,1,1,0,3900,1187974,9500
Porto Alegre,300,3,5,3,0,1,0,0,1388794,5500
São Paulo,130,3,3,2,0,1,0,0,11904961,6000
São Paulo,300,4,4,1,11,1,0,3000,11904961,7200
Campinas,165,3,2,1,1,1,0,1100,1187974,1800
Campinas,32,1,1,0,9,0,0,300,1187974,600
Belo Horizonte,117,3,1,1,0,1,0,0,2415872,1530
São Paulo,890,5,6,8,0,0,0,0,11904961,11000
Porto Alegre,350,6,5,2,0,0,0,0,1388794,4000
São Paulo,212,3,3,3,9,1,0,4000,11904961,9000
São Paulo,61,2,1,1,1,1,0,609,11904961,1140
Belo Horizonte,62,2,1,1,3,1,0,200,2415872,950
São Paulo,884,5,7,6,8,1,0,9000,11904961,12750
São Paulo,157,3,2,0,7,1,0,1325,11904961,4500
São Paulo,61,1,2,1,9,1,1,866,11904961,5100
São Paulo,50,1,1,0,1,1,0,50,11904961,750
São Paulo,45,1,1,1,0,0,0,0,11904961,1500
Campinas,36,1,1,0,5,1,0,290,1187974,700
São Paulo,216,4,3,0,17,1,1,2250,11904961,8000
São Paulo,485,4,7,7,0,1,0,0,11904961,10900
São Paulo,110,2,2,2,12,1,0,1971,11904961,3800
São Paulo,58,2,1,0,4,0,0,968,11904961,2400
Rio de Janeiro,40,1,1,0,3,1,0,480,6730729,1480
Porto Alegre,30,1,1,1,3,1,0,200,1388794,1110
Belo Horizonte,44,1,1,1,15,1,0,550,2415872,3400
São Paulo,30,1,1,0,1,0,0,350,11904961,550
São Paulo,190,3,2,1,6,1,0,3040,11904961,6800
São Paulo,32,1,1,1,13,1,1,500,11904961,2744
Porto Alegre,79,3,2,2,6,1,1,550,1388794,2300
São Paulo,90,3,3,2,12,0,0,897,11904961,3500
Porto Alegre,61,2,1,0,1,1,0,470,1388794,1200
São Paulo,65,2,1,1,1,1,0,950,11904961,1950
São Paulo,76,2,2,0,1,1,0,909,11904961,5500
Rio de Janeiro,84,3,1,1,1,1,0,600,6730729,1550
São Paulo,60,2,1,1,6,1,0,760,11904961,1790
São Paulo,40,1,1,1,14,0,1,470,11904961,3990
São Paulo,254,3,3,3,11,1,1,4255,11904961,12750
Belo Horizonte,400,4,4,4,0,1,0,0,2415872,4900
São Paulo,35,2,1,0,1,1,0,190,11904961,1290
Rio de Janeiro,76,3,2,1,4,1,0,571,6730729,1800
São Paulo,470,4,4,5,19,1,0,6900,11904961,6741
São Paulo,40,2,1,1,2,1,0,0,11904961,1300
Belo Horizonte,200,3,1,2,0,1,0,0,2415872,1630
Rio de Janeiro,65,2,1,1,4,1,0,677,6730729,1100
São Paulo,97,2,2,0,27,0,1,1100,11904961,10200
São Paulo,113,3,2,2,2,1,0,1300,11904961,4800
São Paulo,300,3,2,2,0,1,0,0,11904961,3210
São Paulo,60,1,1,0,0,1,1,0,11904961,4100
São Paulo,62,2,1,1,8,0,0,735,11904961,1345
São Paulo,400,3,4,4,0,1,1,0,11904961,15000
São Paulo,100,3,3,2,0,1,0,900,11904961,4100
São Paulo,182,3,2,3,12,1,0,2307,11904961,12000
São Paulo,50,2,1,2,9,0,0,640,11904961,2200
São Paulo,50,2,2,1,3,0,0,840,11904961,3700
São Paulo,84,1,2,1,14,1,0,1200,11904961,3353
São Paulo,167,3,3,2,0,1,0,0,11904961,3700
Belo Horizonte,60,2,1,0,0,0,0,0,2415872,1150
Campinas,220,3,1,4,0,0,0,0,1187974,2800
São Paulo,67,2,1,0,3,1,0,230,11904961,1050
Rio de Janeiro,78,2,1,1,8,1,0,999,6730729,1275
Rio de Janeiro,63,2,2,0,2,1,0,1014,6730729,1200
Rio de Janeiro,45,1,1,0,4,0,1,603,6730729,2000
Campinas,151,3,2,3,10,1,1,1400,1187974,2500
Belo Horizonte,90,2,2,0,7,1,0,336,2415872,1250
Belo Horizonte,54,2,1,1,4,1,0,197,2415872,1280
São Paulo,40,1,1,0,0,0,0,0,11904961,1094
Rio de Janeiro,160,2,3,1,14,1,0,1486,6730729,1800
Rio de Janeiro,230,3,3,2,3,1,0,2100,6730729,9000
São Paulo,105,3,2,3,4,1,0,1100,11904961,2530
São Paulo,63,2,1,2,12,1,0,1200,11904961,5500
São Paulo,700,5,7,8,0,1,1,0,11904961,6000
Campinas,80,2,1,1,3,1,0,418,1187974,1000
São Paulo,234,4,3,3,6,1,0,2688,11904961,1920
São Paulo,30,1,1,1,11,0,1,1600,11904961,2900
São Paulo,62,2,1,1,7,1,0,450,11904961,1800
São Paulo,350,3,3,3,0,1,0,0,11904961,30000
São Paulo,125,3,2,0,2,0,0,1551,11904961,2700
Porto Alegre,102,2,1,0,4,1,0,420,1388794,1250
São Paulo,130,3,2,1,0,0,0,0,11904961,2500
São Paulo,151,3,2,1,3,1,1,1842,11904961,5000
Belo Horizonte,82,3,2,2,1,1,0,200,2415872,1200
São Paulo,65,2,1,1,3,1,0,590,11904961,2748
São Paulo,189,3,4,3,8,1,0,2300,11904961,6000
São Paulo,186,3,4,3,2,1,0,1400,11904961,8000
Campinas,650,4,7,5,0,1,0,0,1187974,8000
São Paulo,65,2,2,1,9,1,0,748,11904961,2800
São Paulo,363,3,5,4,10,0,0,4040,11904961,3072
São Paulo,71,3,2,2,10,1,0,680,11904961,2500
Rio de Janeiro,90,2,3,1,3,0,1,1200,6730729,2960
Belo Horizonte,266,4,3,4,0,1,0,0,2415872,4500
São Paulo,200,3,3,2,0,0,0,0,11904961,2800
Porto Alegre,185,3,4,2,0,1,0,164,1388794,2900
São Paulo,138,3,3,2,5,1,1,1112,11904961,5800
Rio de Janeiro,140,3,2,1,1,1,0,1000,6730729,3500
São Paulo,90,1,2,1,12,1,1,1235,11904961,4200
São Paulo,35,1,1,1,0,0,0,60,11904961,1249
Belo Horizonte,25,2,1,0,1,0,0,0,2415872,2200
Belo Horizonte,180,3,3,0,0,1,0,0,2415872,3200
São Paulo,200,3,3,2,7,1,0,3000,11904961,4000
São Paulo,80,2,1,1,13,0,0,937,11904961,2900
Porto Alegre,90,2,1,1,1,1,0,0,1388794,1090
Porto Alegre,170,3,3,2,0,1,0,0,1388794,8000
Campinas,380,3,3,5,0,1,0,1300,1187974,6500
Campinas,76,2,1,0,3,1,0,300,1187974,700
São Paulo,180,3,3,2,16,1,0,2200,11904961,11000
São Paulo,20,1,1,0,0,1,0,0,11904961,2060
São Paulo,90,2,1,0,0,1,0,0,11904961,1800
São Paulo,64,2,1,1,7,1,0,600,11904961,2000
São Paulo,129,3,2,2,6,1,0,1580,11904961,2600
Belo Horizonte,150,4,2,1,2,0,0,580,2415872,1800
Porto Alegre,72,2,1,0,23,1,0,600,1388794,1100
São Paulo,220,3,4,4,13,1,0,3354,11904961,3375
Campinas,42,2,1,1,3,1,0,190,1187974,846
São Paulo,79,1,2,2,25,0,1,800,11904961,5500
São Paulo,110,3,1,0,0,1,0,0,11904961,2000
São Paulo,220,4,4,4,11,0,0,1850,11904961,5500
São Paulo,55,2,1,1,4,1,1,100,11904961,1530
São Paulo,64,2,2,2,7,1,0,875,11904961,3400
São Paulo,143,3,2,3,7,1,0,1100,11904961,4500
Belo Horizonte,360,3,4,4,0,1,0,0,2415872,2700
São Paulo,500,2,2,1,0,1,0,129,11904961,2140
Rio de Janeiro,105,3,2,1,6,1,0,1881,6730729,3200
Rio de Janeiro,137,3,3,1,1,1,1,1180,6730729,2900
São Paulo,53,2,1,1,7,1,0,450,11904961,4000
São Paulo,58,1,1,1,2,1,1,1500,11904961,2800
São Paulo,129,3,2,1,13,0,0,1317,11904961,3100
São Paulo,97,3,1,1,2,1,1,915,11904961,6000
São Paulo,89,2,3,3,9,1,1,1158,11904961,4300
Campinas,480,3,6,4,0,1,0,700,1187974,5400
Campinas,45,1,1,0,7,0,0,506,1187974,500
Porto Alegre,44,1,1,0,3,1,0,330,1388794,1300
São Paulo,105,3,2,1,14,0,0,1130,11904961,3600
São Paulo,192,3,3,2,0,1,0,0,11904961,2750
Rio de Janeiro,450,4,4,2,0,1,0,0,6730729,14000
São Paulo,38,1,1,0,0,1,1,610,11904961,4500
Campinas,63,1,1,0,6,1,1,700,1187974,1280
São Paulo,151,3,3,3,13,1,0,1900,11904961,4000
São Paulo,55,2,1,1,0,1,0,0,11904961,1381
São Paulo,50,2,1,1,1,0,0,765,11904961,2650
Campinas,202,3,2,2,0,1,0,0,1187974,1890
Rio de Janeiro,53,2,1,0,5,1,0,643,6730729,1000
Porto Alegre,80,3,3,0,4,1,0,300,1388794,2200
São Paulo,55,2,1,1,1,1,0,349,11904961,1450
São Paulo,120,4,2,3,6,1,1,950,11904961,2960
São Paulo,396,4,5,7,0,1,0,0,11904961,5500
São Paulo,44,1,1,0,3,1,0,314,11904961,2300
Porto Alegre,147,4,4,2,2,1,0,1100,1388794,1800
São Paulo,290,5,3,3,6,1,0,3800,11904961,4100
São Paulo,270,1,1,0,0,1,0,0,11904961,1400
São Paulo,260,3,2,3,10,1,0,3000,11904961,8500
São Paulo,71,2,1,1,10,1,0,1000,11904961,2900
Belo Horizonte,306,4,3,3,10,1,0,1801,2415872,7900
Campinas,83,2,1,8,0,1,0,0,1187974,4550
São Paulo,89,3,2,1,14,1,0,800,11904961,1760
São Paulo,150,4,2,1,0,1,0,0,11904961,3900
Rio de Janeiro,70,2,1,0,6,0,0,655,6730729,2300
São Paulo,212,4,3,2,17,1,0,2835,11904961,13800
São Paulo,87,3,2,2,17,1,0,1308,11904961,2350
Campinas,86,2,2,1,2,1,0,480,1187974,1190
São Paulo,250,4,2,6,0,1,0,0,11904961,5000
Rio de Janeiro,52,1,1,0,3,1,1,650,6730729,3400
Rio de Janeiro,439,13,4,3,0,1,0,0,6730729,15000
Belo Horizonte,70,3,1,1,3,1,1,250,2415872,1210
São Paulo,51,2,1,1,12,1,0,446,11904961,2200
Campinas,44,1,1,1,2,1,0,525,1187974,850
Campinas,170,3,2,2,0,1,0,0,1187974,1800
Rio de Janeiro,60,2,2,1,12,1,0,840,6730729,1050
São Paulo,136,3,2,2,9,0,0,1650,11904961,6818
São Paulo,34,1,1,1,0,1,0,0,11904961,1350
Belo Horizonte,30,1,1,0,0,0,0,0,2415872,700
Rio de Janeiro,107,3,2,2,4,1,0,1500,6730729,5000
Campinas,140,4,4,2,6,1,0,1700,1187974,3300
Belo Horizonte,58,2,2,2,1,1,0,304,2415872,1700
Belo Horizonte,250,3,4,4,4,1,0,2900,2415872,8075
São Paulo,147,3,3,3,5,1,1,2000,11904961,12000
Belo Horizonte,180,3,2,2,2,1,0,1502,2415872,2300
São Paulo,120,3,4,1,0,0,0,0,11904961,4000
Porto Alegre,27,1,1,0,1,1,0,100,1388794,960
São Paulo,202,4,4,2,7,1,0,1600,11904961,3000
Belo Horizonte,95,3,2,2,3,1,0,350,2415872,2600
São Paulo,62,3,1,1,1,1,0,750,11904961,1100
São Paulo,188,3,4,3,1,1,0,2800,11904961,4800
Campinas,38,1,1,0,5,0,0,440,1187974,892
São Paulo,45,1,1,0,0,0,0,0,11904961,950
São Paulo,150,4,3,2,13,1,0,1200,11904961,3800
São Paulo,76,3,2,2,5,1,1,754,11904961,4500
Belo Horizonte,68,3,1,2,3,1,0,170,2415872,850
São Paulo,166,3,2,2,2,1,0,2124,11904961,7000
Porto Alegre,36,2,1,1,2,1,0,370,1388794,1350
Belo Horizonte,300,4,3,2,10,1,1,900,2415872,5500
São Paulo,350,4,4,4,0,1,0,0,11904961,13000
Belo Horizonte,200,4,3,2,6,1,0,1320,2415872,4500
Porto Alegre,140,3,1,0,8,1,0,900,1388794,2000
São Paulo,60,2,2,1,7,1,1,625,11904961,2750
São Paulo,194,4,6,4,6,0,0,940,11904961,8189
Belo Horizonte,358,4,4,2,8,1,0,2241,2415872,4100
São Paulo,199,2,3,3,1,0,1,2000,11904961,12500
Rio de Janeiro,130,3,2,1,2,1,0,1272,6730729,2750
São Paulo,70,1,1,1,8,0,1,800,11904961,3110
São Paulo,170,3,5,3,10,1,1,1648,11904961,3480
Rio de Janeiro,60,2,1,1,10,1,0,594,6730729,810
São Paulo,48,1,1,1,9,0,1,925,11904961,4300
São Paulo,70,2,1,0,0,1,0,0,11904961,1550
São Paulo,75,1,1,2,2,1,0,460,11904961,2500
Belo Horizonte,216,5,2,2,0,1,0,0,2415872,4500
São Paulo,167,3,3,3,4,1,0,2334,11904961,1670
São Paulo,92,3,1,0,1,0,1,150,11904961,1700
São Paulo,48,2,1,1,10,1,0,370,11904961,1610
São Paulo,300,6,6,4,0,1,0,0,11904961,4700
Campinas,245,4,3,2,9,1,0,2100,1187974,10500
São Paulo,500,7,4,3,0,1,1,0,11904961,14000
São Paulo,138,2,3,2,9,1,1,2082,11904961,2180
São Paulo,85,3,1,1,0,1,0,0,11904961,1650
Porto Alegre,104,3,2,1,2,1,0,1080,1388794,3400
São Paulo,200,3,4,3,8,1,0,1400,11904961,7080
Porto Alegre,50,1,1,1,4,1,0,420,1388794,1190
Belo Horizonte,88,3,1,1,2,1,0,180,2415872,1359
Rio de Janeiro,90,2,2,1,9,1,1,1105,6730729,2250
São Paulo,225,2,2,3,0,1,0,0,11904961,4800
Porto Alegre,180,3,3,1,12,1,0,1500,1388794,2000
Belo Horizonte,784,5,6,8,0,1,1,0,2415872,12000
São Paulo,92,3,3,1,3,1,1,750,11904961,4250
São Paulo,170,3,3,3,7,1,0,2450,11904961,3000
Rio de Janeiro,400,3,4,2,12,1,0,3800,6730729,15000
Rio de Janeiro,40,1,1,0,2,1,1,450,6730729,2950
São Paulo,85,2,2,0,5,1,0,700,11904961,2600
São Paulo,40,1,1,1,13,0,1,1440,11904961,1890
São Paulo,280,4,6,3,8,1,0,4500,11904961,4800
Rio de Janeiro,98,3,2,0,13,1,0,1040,6730729,3390
São Paulo,70,2,1,0,0,0,0,0,11904961,1300
São Paulo,660,4,6,4,0,1,0,500,11904961,6000
Belo Horizonte,449,5,7,4,0,1,0,0,2415872,15000
São Paulo,306,4,3,4,12,0,0,3441,11904961,5330
São Paulo,150,3,2,2,0,1,0,0,11904961,2500
São Paulo,80,3,2,2,19,1,0,490,11904961,2500
Porto Alegre,82,3,2,1,3,1,0,690,1388794,1780
São Paulo,119,3,3,1,4,0,1,1500,11904961,3370
São Paulo,113,1,1,2,9,1,1,650,11904961,6400
Porto Alegre,46,2,1,0,1,1,0,177,1388794,807
São Paulo,138,3,1,0,0,1,0,0,11904961,3500
São Paulo,75,2,3,2,5,1,0,499,11904961,2400
São Paulo,98,3,2,1,5,1,1,1520,11904961,2400
Belo Horizonte,202,3,2,2,0,0,0,0,2415872,3000
Campinas,326,3,3,4,0,1,0,870,1187974,4200
São Paulo,49,2,1,1,17,0,1,230,11904961,1625
São Paulo,52,1,1,1,11,1,0,730,11904961,2500
Belo Horizonte,258,4,4,3,1,1,0,1000,2415872,3500
São Paulo,80,3,1,1,7,1,0,978,11904961,2400
São Paulo,100,3,3,0,5,1,0,820,11904961,6330
Porto Alegre,87,2,1,0,4,1,1,450,1388794,2200
Porto Alegre,42,2,1,0,0,1,0,0,1388794,858
Rio de Janeiro,82,4,3,1,10,1,0,920,6730729,4800
São Paulo,200,2,1,1,0,1,0,0,11904961,2450
São Paulo,60,2,1,0,1,1,0,150,11904961,3040
São Paulo,250,3,4,4,2,0,1,3200,11904961,10000
Rio de Janeiro,60,1,1,1,15,1,1,2000,6730729,3900
São Paulo,70,2,2,1,2,1,0,665,11904961,2000
São Paulo,79,2,2,1,3,1,1,1300,11904961,3594
São Paulo,220,3,4,2,0,1,0,0,11904961,4800
Porto Alegre,38,1,1,0,11,0,0,240,1388794,1150
São Paulo,310,5,4,5,3,1,0,4364,11904961,2700
São Paulo,87,2,2,2,12,1,0,650,11904961,3300
São Paulo,236,4,5,7,4,1,1,3000,11904961,10800
São Paulo,113,2,3,2,10,1,0,1400,11904961,13500
São Paulo,45,2,1,0,2,0,0,350,11904961,1500
São Paulo,144,4,2,0,0,0,0,0,11904961,3200
Rio de Janeiro,24,1,1,0,10,1,0,587,6730729,1412
Porto Alegre,94,3,2,1,7,1,0,988,1388794,3200
Porto Alegre,27,1,1,0,2,0,1,300,1388794,1400
São Paulo,210,3,4,3,5,1,1,4100,11904961,9945
Belo Horizonte,180,3,2,2,0,1,0,0,2415872,2000
Porto Alegre,25,1,1,0,4,1,0,200,1388794,915
Belo Horizonte,100,3,1,2,2,1,0,300,2415872,1400
São Paulo,180,3,1,1,18,1,0,1800,11904961,9000
São Paulo,352,4,4,4,0,0,1,0,11904961,8600
São Paulo,360,3,5,5,3,1,1,4980,11904961,9000
São Paulo,33,1,1,0,18,1,1,350,11904961,1300
Rio de Janeiro,125,4,2,2,1,0,0,1676,6730729,4500
São Paulo,360,4,5,5,0,1,1,0,11904961,9600
São Paulo,416,3,5,4,15,1,0,5300,11904961,10000
São Paulo,400,3,4,5,0,1,1,0,11904961,9500
São Paulo,43,2,1,1,0,1,0,280,11904961,1900
Rio de Janeiro,180,4,2,1,2,1,1,1955,6730729,6000
São Paulo,100,3,1,0,1,1,0,500,11904961,2630
São Paulo,31,1,1,1,3,0,1,2000,11904961,1990
Rio de Janeiro,60,1,1,1,12,0,1,1862,6730729,2400
São Paulo,165,3,4,3,7,1,0,2460,11904961,3500
Rio de Janeiro,250,5,2,5,0,1,0,0,6730729,4675
São Paulo,190,3,3,2,10,1,0,2700,11904961,4000
São Paulo,276,3,3,0,14,0,1,2308,11904961,12000
Rio de Janeiro,140,3,2,2,3,1,0,1900,6730729,5500
Porto Alegre,70,1,1,1,8,0,1,650,1388794,1050
São Paulo,300,4,7,3,0,0,1,0,11904961,7000
São Paulo,70,2,1,0,5,1,0,285,11904961,2197
Campinas,85,2,2,1,3,1,0,810,1187974,1100
Rio de Janeiro,75,2,1,0,0,0,0,0,6730729,2000
Rio de Janeiro,120,3,1,0,3,0,1,1250,6730729,3300
Rio de Janeiro,92,2,2,0,2,1,1,700,6730729,3000
Rio de Janeiro,98,2,1,0,11,1,0,701,6730729,2186
São Paulo,118,3,2,2,4,1,0,1520,11904961,8950
Rio de Janeiro,75,3,1,0,3,1,0,545,6730729,1800
Porto Alegre,75,2,2,1,2,1,0,396,1388794,2000
São Paulo,315,4,5,5,20,0,0,2500,11904961,4000
São Paulo,55,2,1,1,2,1,0,280,11904961,1000
São Paulo,132,3,2,1,11,1,0,1477,11904961,2950
São Paulo,100,2,1,1,0,1,0,0,11904961,2700
São Paulo,252,3,4,1,0,1,0,0,11904961,12000
São Paulo,65,2,1,0,4,1,0,1261,11904961,1450
Campinas,150,3,4,2,9,1,0,1200,1187974,3400
São Paulo,500,5,5,8,1,1,0,0,11904961,9800
Porto Alegre,27,1,1,0,8,0,1,360,1388794,1000
São Paulo,500,3,4,7,0,0,0,0,11904961,9300
São Paulo,40,1,1,0,2,1,0,250,11904961,1020
Belo Horizonte,45,1,1,1,6,1,0,808,2415872,2900
Rio de Janeiro,86,2,2,2,3,1,1,585,6730729,1500
São Paulo,200,3,3,0,0,1,0,0,11904961,5000
Porto Alegre,49,1,1,0,1,1,0,250,1388794,790
São Paulo,115,2,2,1,2,1,0,1755,11904961,4500
Belo Horizonte,50,2,1,0,0,0,0,0,2415872,644
Campinas,55,2,1,1,10,1,0,399,1187974,900
Rio de Janeiro,78,2,1,1,6,1,0,557,6730729,1050
São Paulo,127,4,3,0,11,0,0,1154,11904961,5300
São Paulo,450,3,4,2,3,1,0,4187,11904961,15000
São Paulo,132,3,1,2,7,0,1,920,11904961,8000
São Paulo,62,2,2,1,7,1,1,520,11904961,3500
Belo Horizonte,300,5,3,1,0,1,0,0,2415872,3770
Rio de Janeiro,195,4,1,0,0,1,0,0,6730729,2990
Campinas,45,2,1,0,2,0,0,250,1187974,1000
Rio de Janeiro,52,1,1,0,1,0,1,850,6730729,1850
São Paulo,46,2,1,1,8,1,0,589,11904961,1100
Belo Horizonte,179,3,3,0,10,1,0,1050,2415872,2400
Rio de Janeiro,60,1,1,0,9,1,0,649,6730729,3100
São Paulo,45,1,1,0,4,1,0,0,11904961,1000
Belo Horizonte,200,4,3,2,0,1,0,0,2415872,3400
Belo Horizonte,30,1,1,0,1,0,0,0,2415872,650
Belo Horizonte,100,3,3,1,3,0,0,350,2415872,1670
Rio de Janeiro,120,3,3,0,5,1,1,600,6730729,5500
São Paulo,105,2,3,2,6,1,0,1850,11904961,3200
São Paulo,97,2,3,2,11,1,1,700,11904961,2660
Rio de Janeiro,140,3,2,1,7,1,0,1400,6730729,4200
São Paulo,90,3,3,2,1,1,0,870,11904961,2630
São Paulo,50,1,1,0,7,1,0,388,11904961,2200
Belo Horizonte,330,5,4,2,0,1,0,0,2415872,8000
São Paulo,367,3,5,3,10,1,1,3400,11904961,6000
São Paulo,75,3,2,1,10,1,0,1000,11904961,3900
Campinas,72,2,1,2,16,1,0,730,1187974,1200
Campinas,52,2,1,1,4,1,1,320,1187974,1800
São Paulo,57,2,2,1,10,0,0,570,11904961,2600
São Paulo,200,3,3,1,11,0,0,3200,11904961,3800
Rio de Janeiro,64,3,2,0,10,1,0,700,6730729,1300
São Paulo,211,3,2,2,6,1,0,2800,11904961,11000
Campinas,164,3,2,2,0,1,0,0,1187974,2100
São Paulo,240,3,3,2,0,1,0,0,11904961,4500
Campinas,64,2,1,1,10,1,0,540,1187974,820
São Paulo,89,2,3,1,0,1,1,360,11904961,5700
São Paulo,69,2,2,1,11,0,1,1000,11904961,4100
São Paulo,140,3,4,2,2,1,0,1400,11904961,2500
São Paulo,103,2,1,0,0,1,0,0,11904961,1300
São Paulo,82,2,2,0,15,0,0,680,11904961,2800
São Paulo,30,1,1,0,4,1,0,415,11904961,1585
Campinas,60,2,1,1,16,0,0,300,1187974,1400
São Paulo,162,3,2,2,7,1,1,1250,11904961,8000
São Paulo,59,2,1,1,8,1,0,0,11904961,3000
São Paulo,230,3,3,3,6,0,0,2100,11904961,10500
São Paulo,110,3,2,1,14,0,0,950,11904961,4500
Campinas,210,3,3,3,7,1,0,1900,1187974,2300
São Paulo,218,3,2,2,6,0,0,2000,11904961,7800
Campinas,50,1,1,1,2,0,0,718,1187974,1600
Belo Horizonte,115,3,3,2,6,1,0,700,2415872,1920
São Paulo,100,2,2,0,1,1,0,900,11904961,2000
São Paulo,230,3,4,4,6,1,0,2100,11904961,5000
São Paulo,280,3,4,2,0,0,1,2000,11904961,15000
São Paulo,390,3,4,4,10,0,0,2710,11904961,9000
São Paulo,60,2,2,2,20,1,0,450,11904961,2872
São Paulo,150,3,2,2,16,1,0,1700,11904961,5000
Rio de Janeiro,60,2,1,1,8,0,0,560,6730729,1000
São Paulo,22,1,1,0,0,0,0,250,11904961,1080
Rio de Janeiro,30,1,1,1,2,1,0,570,6730729,850
São Paulo,49,2,2,1,8,1,0,500,11904961,1550
São Paulo,230,3,4,3,7,1,0,3500,11904961,4700
Rio de Janeiro,200,3,4,2,11,1,1,2100,6730729,8000
Belo Horizonte,167,4,4,3,5,1,0,2000,2415872,4600
Belo Horizonte,420,4,6,5,14,0,0,2000,2415872,15000
Porto Alegre,98,2,1,0,3,1,1,477,1388794,1800
Belo Horizonte,80,3,1,1,12,1,0,554,2415872,1300
Campinas,30,1,1,0,15,1,0,280,1187974,500
São Paulo,296,4,5,5,4,1,1,4300,11904961,12900
Rio de Janeiro,70,2,1,0,3,0,0,800,6730729,1100
Rio de Janeiro,160,2,2,2,1,1,1,2400,6730729,7500
São Paulo,174,3,1,1,0,1,0,0,11904961,3300
Porto Alegre,54,1,1,1,6,1,0,450,1388794,1200
São Paulo,50,1,1,1,10,0,1,1300,11904961,8800
São Paulo,240,3,3,3,8,1,0,2999,11904961,10500
Belo Horizonte,260,4,4,2,0,1,0,0,2415872,15000
São Paulo,210,3,4,4,2,0,0,1990,11904961,6375
São Paulo,119,3,4,3,14,1,0,800,11904961,3680
Belo Horizonte,150,3,1,3,0,1,0,0,2415872,3500
São Paulo,750,4,7,8,0,1,1,0,11904961,15000
São Paulo,67,2,1,1,13,0,0,626,11904961,1800
Rio de Janeiro,50,1,1,0,1,1,0,640,6730729,1428
Rio de Janeiro,36,1,1,0,5,1,0,487,6730729,2500
São Paulo,120,3,2,2,5,1,0,1500,11904961,1900
Porto Alegre,65,3,1,1,1,1,0,400,1388794,850
Belo Horizonte,240,4,4,2,3,1,1,590,2415872,8000
São Paulo,93,2,2,2,3,1,0,800,11904961,3500
Porto Alegre,35,1,1,0,1,1,0,120,1388794,1170
São Paulo,51,2,1,1,9,0,0,450,11904961,2200
São Paulo,85,2,2,1,14,1,0,709,11904961,3300
Campinas,57,1,2,1,12,1,0,391,1187974,2961
Campinas,50,1,1,0,8,1,0,300,1187974,550
São Paulo,75,2,1,0,0,1,0,0,11904961,1500
São Paulo,161,3,3,3,17,1,0,2700,11904961,10000
Campinas,210,4,4,3,7,0,0,1964,1187974,3600
São Paulo,350,3,2,4,0,1,0,0,11904961,12500
Porto Alegre,112,3,3,2,1,1,0,1000,1388794,3000
Campinas,78,3,2,2,3,1,1,755,1187974,1900
São Paulo,54,2,2,1,6,1,0,954,11904961,2800
Campinas,25,1,1,0,3,0,0,200,1187974,1020
São Paulo,62,2,2,0,3,0,0,600,11904961,2000
São Paulo,117,2,2,1,11,0,1,630,11904961,7130
São Paulo,120,4,2,2,0,1,0,0,11904961,3500
Campinas,113,3,2,2,11,1,0,700,1187974,1450
São Paulo,65,2,1,1,3,1,0,700,11904961,2306
Campinas,70,2,1,1,0,0,0,341,1187974,1100
Porto Alegre,67,3,2,2,7,1,0,400,1388794,2000
São Paulo,651,7,7,8,0,1,0,0,11904961,8500
São Paulo,180,3,1,5,0,1,0,0,11904961,6500
São Paulo,30,1,1,0,0,1,0,0,11904961,1000
São Paulo,100,3,3,3,5,1,0,1000,11904961,3500
São Paulo,45,1,1,0,11,1,0,325,11904961,1450
São Paulo,400,4,4,4,0,1,0,0,11904961,8500
São Paulo,100,3,1,0,1,1,0,0,11904961,2200
Porto Alegre,111,2,2,0,15,1,0,850,1388794,1612
Belo Horizonte,70,2,2,2,5,1,0,610,2415872,2100
Porto Alegre,179,3,2,2,0,1,1,0,1388794,3700
Rio de Janeiro,140,3,2,2,1,1,0,1800,6730729,5700
São Paulo,260,3,4,2,0,1,0,0,11904961,7609
Belo Horizonte,268,4,2,4,1,0,0,975,2415872,3000
Belo Horizonte,70,3,2,1,2,1,0,230,2415872,1300
Rio de Janeiro,50,1,1,1,2,1,0,1060,6730729,1500
Belo Horizonte,470,5,4,2,0,1,0,0,2415872,6000
São Paulo,142,3,4,3,13,1,0,1900,11904961,4600
São Paulo,80,1,2,2,5,1,0,0,11904961,6522
São Paulo,100,3,3,3,0,0,0,0,11904961,2500
Campinas,180,3,4,4,0,1,0,0,1187974,3230
Porto Alegre,180,4,1,1,0,1,0,1,1388794,4480
São Paulo,72,1,1,1,0,0,1,670,11904961,4000
São Paulo,90,2,2,1,0,1,0,0,11904961,2200
Campinas,49,1,1,0,3,1,0,417,1187974,583
Porto Alegre,282,4,2,4,0,1,1,0,1388794,5000
São Paulo,114,4,4,2,6,1,0,1115,11904961,2530
São Paulo,170,3,3,2,8,1,0,1800,11904961,7000
São Paulo,200,3,2,3,0,1,0,0,11904961,3600
São Paulo,130,4,4,3,2,1,0,1160,11904961,3000
Belo Horizonte,300,3,4,4,0,1,0,0,2415872,7500
São Paulo,45,1,1,0,2,0,0,150,11904961,750
São Paulo,245,3,5,4,3,1,1,2300,11904961,10000
São Paulo,155,2,3,2,0,1,0,0,11904961,4000
Belo Horizonte,300,3,3,4,0,1,0,0,2415872,3500
Campinas,438,5,4,0,0,1,0,0,1187974,7735
Rio de Janeiro,30,1,1,0,4,0,1,380,6730729,2200
São Paulo,125,2,2,1,0,1,1,0,11904961,2800
Campinas,76,1,2,0,1,1,0,300,1187974,700
São Paulo,58,2,2,2,2,1,0,833,11904961,2030
São Paulo,140,3,2,2,0,1,0,0,11904961,2600
São Paulo,49,2,1,1,1,1,0,415,11904961,1368
São Paulo,350,4,6,4,0,1,0,0,11904961,10000
São Paulo,35,1,1,0,4,1,0,320,11904961,1700
Rio de Janeiro,100,3,1,1,0,1,0,495,6730729,1700
Porto Alegre,86,2,2,2,3,1,0,1000,1388794,2950
Campinas,58,1,1,1,6,1,0,676,1187974,3300
Porto Alegre,62,3,2,1,2,1,1,550,1388794,2100
Belo Horizonte,95,3,2,2,10,1,0,657,2415872,2300
São Paulo,52,1,1,1,11,1,0,730,11904961,2100
São Paulo,80,2,1,0,0,1,0,0,11904961,1280
Belo Horizonte,300,4,4,4,0,1,0,0,2415872,6500
São Paulo,70,2,2,0,6,1,0,570,11904961,1390
Porto Alegre,130,3,3,1,6,1,0,1000,1388794,4900
Campinas,39,1,1,1,1,0,1,573,1187974,1128
Belo Horizonte,73,2,1,1,11,1,1,600,2415872,4500
São Paulo,68,2,1,1,15,1,0,520,11904961,2280
Campinas,80,2,1,0,0,1,0,0,1187974,1200
Rio de Janeiro,450,4,5,1,0,1,0,0,6730729,3300
São Paulo,270,3,4,2,11,1,0,3158,11904961,15000
São Paulo,146,3,4,4,15,1,0,1510,11904961,6000
Rio de Janeiro,100,3,1,0,2,1,0,0,6730729,2000
Campinas,60,2,1,1,2,1,0,314,1187974,1000
São Paulo,55,2,1,1,7,0,0,784,11904961,3500
Campinas,40,1,1,1,6,1,0,600,1187974,650
Porto Alegre,30,1,1,0,0,0,0,0,1388794,500
São Paulo,68,2,2,2,12,0,0,2600,11904961,2300
Campinas,35,1,1,1,11,1,0,350,1187974,966
São Paulo,190,4,4,3,11,1,1,1780,11904961,6900
São Paulo,700,4,10,0,0,1,0,0,11904961,15000
Rio de Janeiro,45,1,1,0,1,1,0,0,6730729,1200
São Paulo,311,3,6,4,23,0,1,1800,11904961,12500
Porto Alegre,110,2,1,0,0,1,0,0,1388794,1070
Campinas,330,3,3,2,10,0,0,2700,1187974,5100
São Paulo,75,3,1,1,2,1,1,770,11904961,1900
Porto Alegre,50,1,1,0,2,1,1,300,1388794,1600
São Paulo,460,4,4,6,0,1,0,0,11904961,5280
Porto Alegre,52,2,1,0,4,1,0,401,1388794,730
São Paulo,155,3,4,2,14,1,0,1400,11904961,13100
Belo Horizonte,55,2,1,1,1,1,0,200,2415872,840
Rio de Janeiro,74,2,1,0,11,1,0,1154,6730729,1900
São Paulo,26,1,1,1,3,1,1,402,11904961,1396
São Paulo,80,2,1,0,1,1,1,500,11904961,3000
São Paulo,450,4,5,5,0,0,0,0,11904961,12000
Campinas,150,2,2,1,0,1,0,0,1187974,1060
São Paulo,135,3,2,2,9,1,0,1836,11904961,4200
Belo Horizonte,140,4,3,4,9,1,0,500,2415872,3500
Campinas,76,3,1,1,2,1,0,480,1187974,1300
São Paulo,450,4,3,6,0,1,0,0,11904961,11900
Belo Horizonte,38,1,1,0,2,0,0,0,2415872,1300
Rio de Janeiro,30,1,1,0,8,0,1,445,6730729,1512
São Paulo,260,2,2,2,0,0,0,0,11904961,3800
Porto Alegre,77,3,2,1,2,0,0,284,1388794,1260
Rio de Janeiro,290,4,3,1,6,1,0,2500,6730729,7000
Rio de Janeiro,47,2,1,0,4,1,0,578,6730729,1500
São Paulo,80,2,2,1,7,1,0,1363,11904961,3700
São Paulo,244,4,3,4,2,1,1,2375,11904961,4774
Campinas,45,1,1,0,9,1,0,670,1187974,800
Belo Horizonte,85,3,2,2,3,0,0,686,2415872,1700
São Paulo,98,3,2,2,3,1,0,1400,11904961,2000
São Paulo,100,2,1,1,0,0,0,0,11904961,1450
Rio de Janeiro,120,3,2,0,2,1,0,1300,6730729,3700
São Paulo,190,3,2,1,8,1,1,2180,11904961,4500
São Paulo,500,4,4,4,0,1,0,3200,11904961,10200
São Paulo,105,3,2,2,1,1,1,1544,11904961,7800
Campinas,50,2,1,1,3,1,0,613,1187974,1000
São Paulo,126,4,3,2,4,0,0,1500,11904961,4500
São Paulo,74,2,3,1,2,1,0,1180,11904961,4500
Rio de Janeiro,130,3,3,2,3,1,1,2500,6730729,7000
São Paulo,140,2,1,1,6,0,1,2000,11904961,5500
Porto Alegre,160,3,2,2,0,1,0,100,1388794,2000
São Paulo,250,3,4,3,4,1,0,3570,11904961,14000
Rio de Janeiro,90,2,2,1,4,1,0,1090,6730729,900
Rio de Janeiro,144,4,2,2,4,1,0,2000,6730729,3590
Rio de Janeiro,170,3,1,1,10,1,1,600,6730729,2480
Rio de Janeiro,65,2,1,1,7,1,0,750,6730729,1400
Porto Alegre,80,2,1,0,0,1,0,0,1388794,990
São Paulo,20,1,1,0,4,0,1,150,11904961,3142
São Paulo,79,2,2,2,18,0,1,800,11904961,5900
São Paulo,70,2,1,0,1,1,0,0,11904961,2448
São Paulo,30,1,1,0,9,0,1,423,11904961,2350
São Paulo,250,3,5,3,4,1,0,3500,11904961,6800
Porto Alegre,50,1,1,0,2,1,1,300,1388794,930
São Paulo,116,3,2,2,5,1,0,1726,11904961,2300
São Paulo,216,4,3,4,28,0,0,1868,11904961,5000
São Paulo,290,3,5,4,8,1,1,3580,11904961,7000
São Paulo,300,5,6,6,0,1,0,0,11904961,9500
São Paulo,245,4,3,4,8,1,0,3450,11904961,6000
Belo Horizonte,150,4,2,3,18,0,1,1300,2415872,4900
São Paulo,130,3,4,2,11,0,0,1550,11904961,2318
São Paulo,112,1,2,3,0,1,0,0,11904961,2878
São Paulo,78,2,2,1,8,1,0,586,11904961,1680
São Paulo,84,2,1,2,11,0,1,800,11904961,4000
Rio de Janeiro,23,1,1,0,8,0,0,569,6730729,2000
Belo Horizonte,174,3,1,0,0,0,0,0,2415872,5500
São Paulo,104,1,3,2,14,0,0,2000,11904961,4200
Porto Alegre,63,1,1,0,3,1,0,340,1388794,900
São Paulo,51,2,1,1,7,1,0,468,11904961,1100
Rio de Janeiro,70,2,2,1,4,1,0,1500,6730729,3460
Belo Horizonte,150,4,4,2,12,1,0,1218,2415872,4000
Rio de Janeiro,90,2,2,1,8,1,0,800,6730729,2156
Rio de Janeiro,80,2,2,1,2,1,1,4100,6730729,7500
Porto Alegre,60,1,1,1,4,0,0,2400,1388794,800
Belo Horizonte,85,3,2,1,2,0,0,450,2415872,1500
São Paulo,70,2,1,0,24,0,1,450,11904961,3200
Rio de Janeiro,50,1,1,0,2,0,0,800,6730729,800
São Paulo,38,1,1,0,6,1,0,420,11904961,2080
Porto Alegre,147,3,3,3,0,1,0,0,1388794,2600
Porto Alegre,222,3,2,2,3,0,1,770,1388794,5083
São Paulo,185,4,4,4,8,1,0,2500,11904961,7500
Campinas,284,3,5,6,0,1,0,550,1187974,5100
São Paulo,45,2,1,1,6,0,0,240,11904961,1470
Rio de Janeiro,290,3,3,1,9,1,0,1600,6730729,5300
São Paulo,74,3,2,2,15,1,0,850,11904961,1250
Campinas,115,3,2,2,15,1,0,1018,1187974,2690
Porto Alegre,37,1,1,0,4,1,0,338,1388794,1600
Belo Horizonte,650,7,6,3,0,1,0,0,2415872,13000
São Paulo,30,1,1,0,1,0,0,0,11904961,1459
São Paulo,87,1,1,2,14,1,1,870,11904961,7900
São Paulo,553,5,6,5,15,1,1,6000,11904961,3360
São Paulo,250,3,4,4,16,1,0,3421,11904961,10700
São Paulo,600,4,5,6,0,1,0,0,11904961,6000
São Paulo,250,3,3,3,0,1,0,0,11904961,4500
São Paulo,30,1,1,1,16,1,0,399,11904961,1799
Belo Horizonte,62,3,1,1,2,0,0,260,2415872,950
Rio de Janeiro,115,2,2,2,1,1,0,900,6730729,3000
Rio de Janeiro,130,3,1,0,4,1,0,1050,6730729,6800
São Paulo,35,1,1,0,15,1,0,306,11904961,2000
Belo Horizonte,350,4,3,3,9,0,0,2050,2415872,10000
São Paulo,100,3,2,0,0,0,0,0,11904961,3000
Campinas,85,3,2,2,9,1,0,1225,1187974,2600
São Paulo,60,1,1,1,0,1,0,0,11904961,1500
Campinas,197,3,3,2,8,1,0,1600,1187974,2500
São Paulo,177,4,5,4,12,1,0,1500,11904961,9200
Rio de Janeiro,96,2,1,0,8,1,1,700,6730729,5000
São Paulo,678,5,6,4,0,1,0,0,11904961,15000
Rio de Janeiro,126,2,2,1,5,1,0,1800,6730729,7500
São Paulo,130,3,3,1,6,1,0,1390,11904961,4200
Campinas,113,2,1,1,8,1,0,670,1187974,1250
São Paulo,380,3,4,2,0,1,0,0,11904961,12000
São Paulo,80,1,1,1,10,1,0,1800,11904961,2500
São Paulo,420,4,6,4,8,1,0,3500,11904961,15000
São Paulo,500,8,5,2,0,1,0,0,11904961,11000
São Paulo,33,1,1,1,12,1,1,560,11904961,2900
São Paulo,700,4,6,6,0,1,0,0,11904961,12500
São Paulo,50,1,1,1,0,1,0,0,11904961,1100
Porto Alegre,70,2,2,0,4,1,0,330,1388794,1410
Belo Horizonte,332,3,2,8,0,0,0,0,2415872,7000
Rio de Janeiro,83,2,3,2,4,1,1,3850,6730729,6000
Campinas,62,2,2,2,5,1,0,800,1187974,3000
São Paulo,30,1,1,0,12,1,1,350,11904961,3300
São Paulo,240,4,6,4,2,0,0,2000,11904961,4410
São Paulo,27,1,1,0,0,0,0,0,11904961,835
Rio de Janeiro,87,3,2,1,3,1,0,1200,6730729,1440
Porto Alegre,238,3,3,3,2,1,1,700,1388794,4180
Rio de Janeiro,68,2,1,0,3,1,0,925,6730729,2300
Rio de Janeiro,30,1,1,0,19,1,0,590,6730729,800
Rio de Janeiro,24,1,1,0,5,1,1,500,6730729,1200
São Paulo,80,3,2,1,1,0,0,402,11904961,1613
Belo Horizonte,70,3,1,1,3,1,0,275,2415872,1100
São Paulo,250,4,3,2,0,0,0,0,11904961,10000
Belo Horizonte,83,3,3,2,5,1,1,990,2415872,3500
Porto Alegre,339,3,5,4,11,1,1,3000,1388794,14000
Campinas,75,2,1,1,0,1,0,0,1187974,1300
São Paulo,154,4,3,3,4,1,0,1630,11904961,4350
Rio de Janeiro,80,2,2,1,5,1,0,891,6730729,1800
Porto Alegre,156,3,1,0,2,1,0,500,1388794,1600
São Paulo,190,3,4,3,2,1,0,3800,11904961,5950
São Paulo,200,3,2,2,0,1,0,0,11904961,2900
Belo Horizonte,600,3,5,8,0,1,0,800,2415872,10000
Belo Horizonte,57,3,2,1,2,1,0,225,2415872,1100
Belo Horizonte,110,3,2,2,3,0,1,550,2415872,2600
São Paulo,240,3,4,5,9,1,0,3200,11904961,6400
São Paulo,40,1,1,1,9,0,0,440,11904961,2800
Campinas,160,3,2,2,12,1,0,1026,1187974,1650
São Paulo,120,3,2,2,1,1,0,2450,11904961,3940
Campinas,51,1,1,1,1,1,0,670,1187974,820
Porto Alegre,55,1,1,1,3,1,0,250,1388794,2300
São Paulo,820,4,4,5,0,1,0,0,11904961,7225
São Paulo,168,3,4,2,9,1,0,1800,11904961,5500
Porto Alegre,68,1,2,1,4,1,1,500,1388794,2500
São Paulo,260,4,4,6,22,1,1,2480,11904961,5500
São Paulo,93,2,2,1,8,1,0,1258,11904961,2490
São Paulo,182,3,3,5,0,1,0,0,11904961,4200
Rio de Janeiro,215,3,2,0,5,1,0,1400,6730729,4000
São Paulo,280,3,3,4,0,1,0,0,11904961,9500
Rio de Janeiro,68,2,1,1,5,1,0,660,6730729,870
São Paulo,76,1,2,1,4,1,1,1180,11904961,4200
São Paulo,156,3,4,3,4,1,0,1650,11904961,9000
Porto Alegre,271,4,3,1,7,1,0,1500,1388794,3900
Campinas,297,4,6,2,3,1,0,2800,1187974,2800
São Paulo,73,2,1,1,8,1,0,525,11904961,1360
São Paulo,350,3,4,5,0,1,0,0,11904961,5500
São Paulo,100,2,3,3,0,1,1,1200,11904961,7650
São Paulo,100,3,2,0,3,0,0,800,11904961,2000
Campinas,180,3,4,4,0,1,0,1000,1187974,4500
São Paulo,350,7,4,2,0,1,0,0,11904961,4600
Porto Alegre,40,1,1,0,7,1,0,180,1388794,1000
Rio de Janeiro,106,3,2,1,5,1,0,1434,6730729,5000
São Paulo,63,2,2,1,19,1,1,1000,11904961,11000
Rio de Janeiro,200,4,3,2,6,1,1,2100,6730729,9200
Rio de Janeiro,65,2,2,0,1,1,0,250,6730729,3600
Rio de Janeiro,25,1,1,0,4,1,1,356,6730729,1984
São Paulo,95,3,2,2,5,1,0,1760,11904961,1200
São Paulo,36,1,1,1,8,1,1,600,11904961,3400
Rio de Janeiro,273,4,4,2,5,1,0,2800,6730729,10200
São Paulo,159,2,2,1,8,1,1,1236,11904961,4200
Rio de Janeiro,110,2,2,1,6,1,1,2500,6730729,5000
Porto Alegre,130,4,4,3,3,1,1,1600,1388794,10840
São Paulo,20,1,1,0,0,0,0,0,11904961,990
São Paulo,330,4,5,4,0,1,0,0,11904961,4000
Rio de Janeiro,30,1,1,0,8,0,0,550,6730729,1216
São Paulo,190,4,3,2,1,1,0,1733,11904961,5000
São Paulo,195,2,3,1,10,1,0,1500,11904961,6000
São Paulo,43,2,7,2,11,1,0,257,11904961,2270
Campinas,49,2,1,1,5,1,0,273,1187974,950
São Paulo,68,3,1,1,1,1,0,560,11904961,1410
Porto Alegre,63,2,2,2,3,1,1,500,1388794,2150
São Paulo,298,4,4,3,6,1,0,3356,11904961,9000
São Paulo,52,1,2,1,4,1,1,795,11904961,3850
São Paulo,350,3,2,4,0,1,0,0,11904961,10200
São Paulo,170,4,2,1,3,1,1,2437,11904961,5200
Rio de Janeiro,120,3,2,2,1,1,0,1784,6730729,5300
Rio de Janeiro,30,1,1,0,19,1,0,800,6730729,1250
Belo Horizonte,67,2,1,0,5,0,1,388,2415872,1140
São Paulo,210,3,4,0,0,1,1,0,11904961,4200
Porto Alegre,40,1,1,1,1,0,1,250,1388794,1050
Porto Alegre,117,3,2,1,1,1,0,706,1388794,3400
São Paulo,67,2,1,1,7,1,0,570,11904961,1420
Porto Alegre,60,2,1,2,0,1,0,0,1388794,1400
São Paulo,856,5,7,6,4,1,0,7500,11904961,10000
Rio de Janeiro,34,1,1,0,7,1,0,625,6730729,1700
São Paulo,717,5,5,8,16,1,0,4300,11904961,2500
Porto Alegre,96,2,1,0,2,0,0,200,1388794,1000
Porto Alegre,70,1,2,0,0,0,0,0,1388794,1500
Rio de Janeiro,65,1,1,0,10,0,1,672,6730729,2400
São Paulo,58,2,2,1,18,1,0,317,11904961,1783
São Paulo,140,3,3,3,2,1,0,1640,11904961,4200
São Paulo,195,3,4,3,0,1,0,0,11904961,8500
Rio de Janeiro,83,2,1,1,8,1,1,1108,6730729,1800
Porto Alegre,40,1,1,1,6,1,0,180,1388794,1250
São Paulo,70,1,1,0,0,0,0,0,11904961,900
Rio de Janeiro,94,3,3,2,4,1,0,2076,6730729,5000
São Paulo,34,1,1,1,11,0,1,620,11904961,2800
Campinas,30,1,1,0,4,1,0,336,1187974,503
São Paulo,73,2,2,1,12,1,0,700,11904961,1250
Campinas,270,3,3,3,1,1,0,2500,1187974,7220
São Paulo,40,1,1,1,16,0,0,900,11904961,3000
São Paulo,25,1,1,0,0,0,0,0,11904961,836
São Paulo,112,3,2,1,8,1,0,810,11904961,3850
São Paulo,105,3,2,2,6,1,0,1002,11904961,2583
São Paulo,130,3,2,2,0,1,0,0,11904961,3300
Belo Horizonte,118,4,2,1,1,1,0,600,2415872,2300
Campinas,85,3,2,1,1,1,0,650,1187974,1300
São Paulo,380,4,4,3,0,1,1,0,11904961,7500
São Paulo,109,3,2,1,2,1,0,1450,11904961,5300
Belo Horizonte,758,5,4,5,3,1,0,7630,2415872,15000
Belo Horizonte,300,4,3,3,0,1,0,0,2415872,6290
Belo Horizonte,72,2,3,0,1,1,1,826,2415872,2400
Belo Horizonte,148,4,3,2,12,1,0,1886,2415872,5500
Porto Alegre,75,2,1,0,9,1,0,450,1388794,1000
Rio de Janeiro,68,2,2,1,7,0,0,655,6730729,1100
São Paulo,64,2,2,2,8,0,0,800,11904961,2100
Belo Horizonte,206,4,3,2,4,1,0,1530,2415872,6500
São Paulo,320,3,4,3,8,1,0,3400,11904961,6800
Rio de Janeiro,116,3,3,2,2,0,0,557,6730729,2500
Campinas,560,7,7,8,0,1,0,0,1187974,9000
São Paulo,320,4,3,4,5,1,0,3000,11904961,5200
Rio de Janeiro,55,1,1,1,1,1,1,2750,6730729,2400
São Paulo,85,2,2,0,8,1,1,850,11904961,4900
São Paulo,100,2,2,1,6,0,0,1000,11904961,2690
São Paulo,400,5,5,5,0,1,0,0,11904961,6400
Porto Alegre,220,3,2,2,0,1,0,0,1388794,2600
Rio de Janeiro,80,2,2,0,6,1,1,810,6730729,2000
Campinas,66,1,1,2,2,1,0,577,1187974,1600
Porto Alegre,80,2,2,1,12,1,0,500,1388794,2000
São Paulo,260,5,4,4,12,1,0,3400,11904961,11000
São Paulo,450,4,5,6,0,0,1,0,11904961,9000
Porto Alegre,88,2,2,1,3,1,0,550,1388794,2100
Campinas,157,3,5,3,1,1,0,2300,1187974,7000
São Paulo,129,3,5,0,14,1,0,1200,11904961,6000
São Paulo,692,5,6,5,0,1,0,4500,11904961,15000
São Paulo,310,3,4,3,8,1,0,2400,11904961,4500
Porto Alegre,215,3,4,2,1,1,0,1900,1388794,3600
São Paulo,250,3,4,2,0,1,0,0,11904961,4200
São Paulo,140,3,2,2,13,0,0,1475,11904961,2000
São Paulo,100,1,1,0,0,0,0,0,11904961,950
Campinas,47,2,1,1,2,1,0,253,1187974,1200
Campinas,48,2,1,1,0,1,0,250,1187974,1200
São Paulo,71,2,3,2,13,0,0,500,11904961,3700
São Paulo,70,2,1,2,0,0,0,0,11904961,1400
São Paulo,67,2,1,1,3,0,0,722,11904961,2600
São Paulo,120,3,2,1,0,1,0,0,11904961,1850
São Paulo,465,5,5,2,0,1,1,0,11904961,8960
Rio de Janeiro,120,3,2,0,5,1,1,981,6730729,5000
São Paulo,92,2,1,0,9,0,0,935,11904961,1790
Porto Alegre,78,3,2,2,6,1,1,720,1388794,3500
São Paulo,100,3,1,1,10,1,0,700,11904961,1400
São Paulo,87,2,3,2,16,0,0,541,11904961,5700
São Paulo,160,2,2,4,0,1,0,0,11904961,2975
São Paulo,100,2,3,2,7,1,1,1110,11904961,4000
São Paulo,52,2,1,1,3,1,0,403,11904961,1300
São Paulo,109,4,2,2,13,1,0,1156,11904961,6500
Rio de Janeiro,26,1,1,0,8,0,0,305,6730729,1280
São Paulo,270,4,5,2,4,1,0,4300,11904961,5500
Belo Horizonte,208,3,4,3,0,1,0,0,2415872,6000
Belo Horizonte,20,1,1,1,1,0,0,0,2415872,1000
São Paulo,50,2,1,1,5,1,1,505,11904961,1100
Campinas,58,2,2,2,8,0,1,347,1187974,3500
São Paulo,198,3,4,3,13,1,1,2699,11904961,8000
São Paulo,115,4,4,3,2,1,0,2600,11904961,4000
Rio de Janeiro,128,3,3,2,3,1,0,2300,6730729,13000
São Paulo,66,1,1,0,6,1,0,532,11904961,3000
São Paulo,234,3,5,3,17,0,1,2750,11904961,14000
São Paulo,380,4,4,6,0,1,0,0,11904961,6000
São Paulo,160,3,3,2,0,1,0,0,11904961,2500
Rio de Janeiro,80,2,1,0,3,0,0,450,6730729,1100
São Paulo,33,2,1,0,0,0,0,0,11904961,980
Porto Alegre,50,2,1,1,1,0,0,100,1388794,1500
São Paulo,40,1,1,0,0,1,0,0,11904961,850
São Paulo,261,3,4,4,7,1,0,2700,11904961,15000
Porto Alegre,281,4,4,2,5,1,0,1300,1388794,3500
São Paulo,119,2,1,1,0,0,0,0,11904961,1700
Belo Horizonte,52,2,1,1,6,1,0,370,2415872,1000
Porto Alegre,40,1,1,0,2,0,0,282,1388794,850
Porto Alegre,47,1,1,0,3,1,0,300,1388794,800
Porto Alegre,35,1,1,0,5,1,0,330,1388794,1000
São Paulo,40,1,1,0,0,0,0,0,11904961,700
Belo Horizonte,55,2,1,1,3,1,0,170,2415872,750
Rio de Janeiro,72,2,1,1,10,1,0,870,6730729,1200
Porto Alegre,30,1,1,0,4,1,0,360,1388794,600
Rio de Janeiro,57,1,1,1,2,1,0,2900,6730729,11500
São Paulo,70,1,1,1,0,0,0,0,11904961,1100
São Paulo,63,2,2,1,20,1,0,784,11904961,4500
São Paulo,220,3,4,3,11,1,1,3300,11904961,8000
São Paulo,126,4,3,4,0,1,0,0,11904961,3300
Porto Alegre,147,2,3,2,2,1,1,400,1388794,7900
São Paulo,70,3,2,1,10,0,1,500,11904961,1940
São Paulo,99,2,1,1,14,1,0,800,11904961,1800
Rio de Janeiro,100,2,1,0,1,0,0,360,6730729,1700
Rio de Janeiro,48,1,1,0,6,1,1,410,6730729,1300
Belo Horizonte,247,4,5,4,15,1,1,2795,2415872,12500
São Paulo,443,5,5,4,3,1,1,4172,11904961,7000
Rio de Janeiro,200,2,3,2,1,1,0,2500,6730729,5200
Belo Horizonte,360,4,3,4,0,0,0,0,2415872,6500
Rio de Janeiro,90,3,2,0,3,1,0,1200,6730729,2570
São Paulo,297,4,4,6,0,1,0,0,11904961,3000
Porto Alegre,180,3,3,2,3,1,0,700,1388794,2700
São Paulo,54,1,2,1,13,1,1,1150,11904961,6000
Porto Alegre,90,2,2,1,3,0,0,400,1388794,2500
Campinas,105,3,3,2,12,1,0,1150,1187974,2300
Porto Alegre,67,2,1,1,8,0,1,600,1388794,2500
São Paulo,45,1,1,0,2,0,0,160,11904961,620
Porto Alegre,127,3,3,0,5,1,0,1295,1388794,1125
São Paulo,120,3,3,2,1,1,1,1100,11904961,8950
São Paulo,75,2,1,1,13,1,0,600,11904961,1880
São Paulo,220,3,2,3,0,1,1,0,11904961,7800
São Paulo,50,1,1,1,17,0,1,750,11904961,5000
Porto Alegre,115,3,2,1,3,1,0,900,1388794,2500
Campinas,75,2,2,1,3,1,0,706,1187974,2400
Rio de Janeiro,65,2,2,0,0,0,0,0,6730729,1305
Rio de Janeiro,39,1,1,0,2,0,1,800,6730729,2300
São Paulo,200,2,3,2,0,1,0,0,11904961,4000
São Paulo,72,2,1,0,14,1,0,600,11904961,2560
Rio de Janeiro,108,2,2,1,7,0,1,1300,6730729,4500
São Paulo,32,1,1,1,1,1,1,700,11904961,4500
São Paulo,106,3,2,1,8,0,0,980,11904961,3200
Belo Horizonte,70,3,1,1,4,1,0,240,2415872,1100
Rio de Janeiro,120,3,2,1,2,1,1,2000,6730729,4500
Campinas,55,1,1,0,4,1,0,490,1187974,500
São Paulo,100,3,1,0,5,1,0,900,11904961,1617
São Paulo,162,2,2,1,12,1,1,1420,11904961,5000
São Paulo,75,2,1,1,2,1,0,710,11904961,1700
Campinas,44,1,1,0,7,1,0,260,1187974,670
São Paulo,130,2,2,2,11,0,0,2200,11904961,7500
Campinas,147,4,3,1,0,1,0,0,1187974,3500
Porto Alegre,70,2,1,0,0,1,0,360,1388794,1150
Porto Alegre,64,2,2,2,5,1,0,410,1388794,2300
Rio de Janeiro,180,4,3,1,5,0,0,1683,6730729,4000
Porto Alegre,42,2,1,0,1,1,0,360,1388794,1200
São Paulo,117,3,3,1,13,1,0,1500,11904961,4620
Rio de Janeiro,180,3,4,2,7,1,1,1210,6730729,15000
São Paulo,65,3,2,1,10,0,0,587,11904961,3250
São Paulo,29,1,1,0,1,0,1,250,11904961,1720
São Paulo,600,4,6,3,0,1,1,200,11904961,12000
São Paulo,145,3,3,1,10,1,1,1380,11904961,11000
São Paulo,310,4,4,4,21,1,0,4700,11904961,14000
Belo Horizonte,260,4,4,3,8,0,0,1665,2415872,5250
São Paulo,320,3,3,2,10,1,0,2200,11904961,8330
Belo Horizonte,70,3,1,1,3,1,0,180,2415872,980
Rio de Janeiro,35,1,1,0,3,1,0,320,6730729,800
Porto Alegre,320,3,4,4,0,1,0,0,1388794,4950
Porto Alegre,82,2,2,2,6,1,0,280,1388794,2800
São Paulo,62,2,2,1,2,1,1,800,11904961,2580
Porto Alegre,60,3,1,0,3,1,0,265,1388794,1550
Porto Alegre,78,3,2,0,8,1,0,350,1388794,1700
São Paulo,385,4,5,6,3,1,0,4200,11904961,7000
Porto Alegre,214,3,3,2,4,1,0,2500,1388794,3500
São Paulo,233,4,5,4,7,1,1,3240,11904961,11000
Rio de Janeiro,60,2,1,1,8,1,0,700,6730729,1500
Belo Horizonte,22,1,1,0,3,0,1,420,2415872,1300
São Paulo,90,2,1,1,2,1,0,1000,11904961,3000
Rio de Janeiro,60,2,2,0,4,0,0,560,6730729,2500
Porto Alegre,80,2,1,0,0,1,1,0,1388794,1610
São Paulo,110,3,4,3,8,1,0,1364,11904961,2200
Rio de Janeiro,120,2,2,1,14,1,0,858,6730729,800
Belo Horizonte,193,3,3,1,0,1,0,0,2415872,13500
São Paulo,55,2,1,1,4,1,0,400,11904961,1460
Rio de Janeiro,165,3,3,1,5,1,1,2000,6730729,7000
Porto Alegre,46,1,1,2,7,1,0,690,1388794,2400
Rio de Janeiro,55,2,1,0,1,1,0,450,6730729,2200
São Paulo,150,2,2,1,0,1,0,0,11904961,2954
São Paulo,57,1,1,0,8,1,1,300,11904961,6000
Rio de Janeiro,160,3,2,1,3,1,1,2000,6730729,6700
São Paulo,200,4,4,2,9,1,1,3700,11904961,7000
Campinas,60,1,2,1,10,1,0,630,1187974,1338
São Paulo,180,3,2,1,11,1,1,2900,11904961,4500
São Paulo,62,1,1,0,3,1,0,550,11904961,2100
Rio de Janeiro,90,3,2,1,12,1,1,1000,6730729,3400
Rio de Janeiro,35,1,1,0,3,0,1,585,6730729,2300
São Paulo,95,2,1,1,8,1,0,1226,11904961,3200
São Paulo,320,5,5,4,4,1,0,5800,11904961,5500
Rio de Janeiro,127,3,2,2,4,1,0,836,6730729,1700
São Paulo,210,3,2,2,11,1,1,2600,11904961,5000
São Paulo,160,4,3,2,20,1,1,1260,11904961,5600
São Paulo,273,3,2,5,0,0,0,0,11904961,3355
São Paulo,211,4,5,4,2,1,0,1543,11904961,3800
São Paulo,145,2,3,2,16,1,1,2000,11904961,10000
Porto Alegre,92,2,2,1,6,1,0,450,1388794,1900
Campinas,254,3,4,2,0,1,0,0,1187974,3000
São Paulo,350,4,4,2,4,0,0,3000,11904961,6000
São Paulo,55,1,1,0,13,1,0,400,11904961,1177
São Paulo,80,3,2,2,5,1,0,1045,11904961,2400
São Paulo,280,3,3,4,21,1,0,2498,11904961,4500
São Paulo,100,3,1,0,3,1,0,0,11904961,1970
Rio de Janeiro,98,3,2,1,2,1,0,1379,6730729,6000
São Paulo,85,2,3,1,14,1,0,709,11904961,3300
São Paulo,78,2,2,2,1,0,1,450,11904961,3500
São Paulo,58,2,1,1,6,1,0,770,11904961,1800
Rio de Janeiro,50,1,1,1,3,1,0,2208,6730729,2300
São Paulo,30,1,1,0,14,1,0,400,11904961,1600
São Paulo,75,2,1,1,4,1,1,2065,11904961,6000
Campinas,350,4,6,6,0,1,0,1200,1187974,7330
São Paulo,136,3,4,3,2,1,0,1490,11904961,2800
São Paulo,290,3,3,3,0,1,0,0,11904961,8000
São Paulo,99,2,2,2,4,1,0,590,11904961,4000
Porto Alegre,750,5,3,6,0,0,1,0,1388794,7980
São Paulo,110,2,2,1,0,1,0,0,11904961,3500
Porto Alegre,340,2,3,2,5,1,0,1500,1388794,4000
São Paulo,178,2,1,1,9,0,0,2900,11904961,3440
Porto Alegre,254,3,4,2,0,1,0,0,1388794,6150
Porto Alegre,51,2,1,1,6,1,0,200,1388794,1050
São Paulo,134,3,3,2,18,1,1,900,11904961,3500
São Paulo,38,1,1,1,16,1,0,450,11904961,2170
São Paulo,400,4,5,3,0,0,0,0,11904961,15000
Rio de Janeiro,136,3,2,2,7,1,1,2470,6730729,8000
São Paulo,250,4,5,2,17,1,1,2000,11904961,12000
Campinas,94,2,2,2,3,1,0,890,1187974,4000
Rio de Janeiro,62,2,2,1,5,1,1,585,6730729,1750
São Paulo,80,2,2,1,0,1,1,0,11904961,2540
Campinas,89,3,1,1,5,0,0,820,1187974,2050
Campinas,51,2,1,0,2,1,0,271,1187974,980
São Paulo,40,1,1,1,19,0,1,420,11904961,3899
Porto Alegre,47,1,1,1,3,0,1,400,1388794,2200
São Paulo,210,3,5,3,2,1,1,1900,11904961,3800
São Paulo,230,4,4,4,1,1,1,2300,11904961,13500
São Paulo,70,2,2,1,5,1,0,495,11904961,2450
Porto Alegre,117,3,1,1,3,1,0,258,1388794,1550
Belo Horizonte,54,2,2,0,18,1,0,400,2415872,1100
São Paulo,105,2,1,0,0,1,0,0,11904961,1800
Rio de Janeiro,47,2,2,0,5,1,1,990,6730729,4210
São Paulo,120,3,1,0,2,1,0,200,11904961,2100
Rio de Janeiro,284,4,6,2,5,1,1,3300,6730729,11420
São Paulo,58,2,1,1,4,0,1,636,11904961,2493
Porto Alegre,95,2,1,1,3,1,0,300,1388794,2800
Rio de Janeiro,65,2,1,0,0,1,0,0,6730729,1000
Porto Alegre,188,3,4,2,0,1,1,650,1388794,3800
Belo Horizonte,21,1,1,0,20,0,0,160,2415872,850
São Paulo,65,2,2,1,13,0,1,700,11904961,3200
Rio de Janeiro,50,2,1,0,9,1,1,620,6730729,1660
São Paulo,150,4,3,3,0,1,0,0,11904961,7500
Porto Alegre,90,3,3,1,1,1,0,320,1388794,2500
Belo Horizonte,400,3,3,6,0,1,0,1200,2415872,7200
Campinas,64,2,2,2,9,1,0,460,1187974,1964
São Paulo,80,2,1,1,2,0,0,315,11904961,2156
São Paulo,300,3,5,4,12,0,0,6593,11904961,6000
São Paulo,240,3,3,2,0,1,1,0,11904961,3840
São Paulo,50,2,1,1,7,0,1,465,11904961,1357
São Paulo,820,4,4,6,0,1,0,2500,11904961,13000
Porto Alegre,58,1,1,1,4,1,1,350,1388794,2300
São Paulo,230,3,2,2,7,1,0,1773,11904961,1965
Porto Alegre,43,1,1,1,21,1,1,888,1388794,2450
São Paulo,280,6,6,3,0,1,0,0,11904961,5000
São Paulo,54,2,1,1,1,1,1,650,11904961,1350
Belo Horizonte,200,6,2,1,0,1,0,0,2415872,3400
São Paulo,360,3,5,6,17,1,0,7552,11904961,3000
São Paulo,650,5,8,7,0,1,1,0,11904961,15000
Porto Alegre,38,1,1,0,1,1,0,300,1388794,850
Belo Horizonte,373,4,5,5,7,1,0,2601,2415872,15000
São Paulo,133,3,2,2,0,1,0,0,11904961,4300
Belo Horizonte,150,4,2,2,1,1,0,1357,2415872,3700
Campinas,80,3,2,1,3,1,0,430,1187974,1200
São Paulo,129,4,2,3,2,1,1,1100,11904961,5500
São Paulo,275,3,5,6,0,1,1,0,11904961,13000
Belo Horizonte,60,1,2,1,5,1,0,750,2415872,1900
Belo Horizonte,170,3,4,4,13,1,0,1978,2415872,8000
São Paulo,40,1,1,2,5,1,0,915,11904961,1559
Belo Horizonte,200,4,4,4,4,1,0,2500,2415872,4100
São Paulo,170,4,4,3,11,1,0,2500,11904961,2499
São Paulo,200,5,3,2,1,1,0,1480,11904961,9000
São Paulo,31,1,1,0,3,0,1,371,11904961,1900
Porto Alegre,135,3,2,1,8,1,0,1300,1388794,2165
São Paulo,400,3,3,1,3,1,0,3000,11904961,11000
Porto Alegre,70,2,1,0,0,1,0,320,1388794,1200
São Paulo,240,3,4,3,9,1,0,3211,11904961,5100
São Paulo,115,2,1,1,0,1,0,0,11904961,1750
São Paulo,400,3,4,3,0,1,0,0,11904961,10000
São Paulo,147,4,2,0,8,1,0,1150,11904961,2800
Belo Horizonte,58,2,1,1,1,1,0,500,2415872,750
Campinas,92,3,2,2,8,1,0,700,1187974,2000
São Paulo,330,3,6,4,0,1,0,0,11904961,8500
Porto Alegre,60,2,1,0,2,1,0,389,1388794,850
São Paulo,240,4,5,4,5,1,0,3000,11904961,6000
Porto Alegre,38,1,1,0,2,1,0,335,1388794,800
São Paulo,141,3,2,2,11,1,0,2200,11904961,6900
Porto Alegre,43,1,1,1,17,0,1,1050,1388794,2790
Porto Alegre,62,2,1,0,4,1,0,282,1388794,940
Campinas,50,2,1,1,4,0,0,250,1187974,1500
Porto Alegre,75,2,1,1,7,1,0,350,1388794,1200
São Paulo,180,3,2,1,0,1,0,0,11904961,5400
Campinas,33,1,1,0,11,0,0,290,1187974,600
São Paulo,580,6,6,8,0,1,0,0,11904961,10000
São Paulo,136,3,3,2,1,0,0,1680,11904961,3200
São Paulo,238,4,4,3,1,0,0,2765,11904961,5000
São Paulo,109,3,2,2,20,1,1,1200,11904961,4500
São Paulo,90,2,1,0,0,1,0,0,11904961,2400
Porto Alegre,171,2,2,1,2,1,0,1000,1388794,2200
São Paulo,40,1,1,0,16,1,0,580,11904961,1105
Campinas,119,3,2,2,7,1,0,1650,1187974,1200
Belo Horizonte,330,5,7,5,10,1,0,1030,2415872,4800
São Paulo,60,1,1,1,2,1,1,1072,11904961,4600
São Paulo,118,3,2,1,4,1,1,1800,11904961,6000
São Paulo,134,2,2,1,7,0,1,1493,11904961,3400
São Paulo,280,3,4,1,0,1,0,1,11904961,3700
São Paulo,120,3,2,1,0,1,0,0,11904961,1800
São Paulo,288,4,6,4,1,1,0,3634,11904961,4200
São Paulo,180,3,3,2,11,1,0,1300,11904961,4000
São Paulo,43,1,1,1,6,1,0,500,11904961,3000
São Paulo,57,1,1,0,7,1,1,300,11904961,6000
São Paulo,200,3,3,0,0,1,0,0,11904961,4500
São Paulo,96,3,3,0,6,1,0,470,11904961,3572
São Paulo,320,4,5,4,0,1,0,300,11904961,6500
Belo Horizonte,110,3,2,2,1,1,0,380,2415872,2150
São Paulo,35,1,1,1,11,0,1,444,11904961,3290
São Paulo,270,4,5,6,0,1,0,0,11904961,11000
São Paulo,85,2,1,1,1,0,0,539,11904961,1200
São Paulo,60,2,2,1,14,1,1,600,11904961,3000
São Paulo,550,4,5,5,0,1,0,0,11904961,5000
São Paulo,45,1,1,0,11,0,0,413,11904961,3800
São Paulo,130,3,2,2,0,1,0,0,11904961,5100
Rio de Janeiro,50,1,1,0,1,1,0,250,6730729,800
São Paulo,55,2,1,1,3,1,0,800,11904961,1800
Belo Horizonte,192,4,3,3,2,1,1,412,2415872,2400
São Paulo,70,2,2,2,3,1,0,700,11904961,1800
Porto Alegre,78,2,1,0,1,1,0,280,1388794,1480
Porto Alegre,45,1,1,1,1,1,0,320,1388794,900
Belo Horizonte,250,2,2,1,0,1,0,15,2415872,900
Rio de Janeiro,90,3,1,0,18,1,1,500,6730729,2240
Rio de Janeiro,186,3,4,2,5,1,0,3000,6730729,13000
Porto Alegre,250,5,4,5,0,1,0,0,1388794,4300
Rio de Janeiro,30,1,1,0,4,0,0,307,6730729,1750
Rio de Janeiro,106,3,1,0,2,1,0,380,6730729,2000
São Paulo,72,2,2,1,1,1,1,466,11904961,3000
São Paulo,102,3,2,1,10,1,0,950,11904961,3315
São Paulo,126,3,3,2,7,0,0,2500,11904961,2500
São Paulo,220,3,2,1,0,1,0,0,11904961,5000
Porto Alegre,42,1,1,1,13,1,0,500,1388794,2300
São Paulo,69,2,1,1,6,1,0,600,11904961,1600
São Paulo,50,2,1,1,24,1,0,380,11904961,1490
São Paulo,120,4,3,2,8,1,0,2010,11904961,2210
São Paulo,160,3,3,3,10,1,1,1850,11904961,3500
São Paulo,31,1,1,0,1,1,1,550,11904961,2900
São Paulo,70,3,1,1,8,1,0,523,11904961,1100
São Paulo,37,1,1,1,8,1,1,490,11904961,4000
São Paulo,63,1,1,1,9,0,1,1283,11904961,7400
Rio de Janeiro,57,2,1,0,7,1,0,430,6730729,1500
São Paulo,400,3,2,3,0,1,0,0,11904961,5500
São Paulo,370,4,5,6,17,1,0,4300,11904961,14000
Rio de Janeiro,255,4,3,0,6,1,0,2650,6730729,4500
São Paulo,110,2,2,1,1,1,0,1216,11904961,2700
Rio de Janeiro,82,2,2,1,4,1,0,1900,6730729,2400
Rio de Janeiro,25,1,1,1,4,1,0,1850,6730729,2805
São Paulo,65,2,2,1,4,1,1,730,11904961,1750
Belo Horizonte,45,1,1,0,10,1,0,300,2415872,800
Rio de Janeiro,95,2,2,2,11,1,0,1450,6730729,6300
Belo Horizonte,96,3,2,2,1,1,0,600,2415872,2300
São Paulo,72,2,1,2,5,1,1,600,11904961,3200
Belo Horizonte,44,2,1,0,4,0,0,145,2415872,895
Belo Horizonte,2000,3,3,2,2,1,1,3000,2415872,5000
São Paulo,49,2,1,1,16,1,0,350,11904961,1500
São Paulo,119,3,2,1,7,1,0,1011,11904961,3500
São Paulo,52,1,1,1,7,1,0,470,11904961,2000
São Paulo,80,2,1,1,19,1,0,740,11904961,1300
São Paulo,200,3,3,3,13,1,1,2338,11904961,5000
São Paulo,181,3,4,3,8,0,1,2500,11904961,8000
Belo Horizonte,220,4,3,2,4,1,0,1263,2415872,2700
Porto Alegre,125,3,3,1,2,1,0,1070,1388794,2400
Campinas,55,1,1,0,1,1,0,550,1187974,915
Porto Alegre,28,1,1,0,1,1,0,99,1388794,1200
Porto Alegre,48,2,1,1,10,1,1,380,1388794,1100
São Paulo,222,4,3,4,15,1,0,2600,11904961,6500
São Paulo,72,2,1,1,21,1,0,519,11904961,1701
São Paulo,171,4,4,4,1,1,0,2310,11904961,10000
Rio de Janeiro,55,1,2,1,15,1,1,695,6730729,2750
Rio de Janeiro,120,2,3,1,9,1,0,1264,6730729,2600
São Paulo,102,3,3,2,15,1,0,1100,11904961,3990
São Paulo,118,3,3,2,6,1,0,1200,11904961,3500
São Paulo,55,2,1,0,2,0,0,200,11904961,1260
Porto Alegre,197,4,3,2,4,1,0,2000,1388794,3200
São Paulo,49,1,1,0,0,0,0,0,11904961,1350
Rio de Janeiro,45,1,1,0,1,0,1,750,6730729,3300
Campinas,104,2,2,2,7,1,1,1100,1187974,4200
Porto Alegre,55,1,1,0,2,1,1,320,1388794,1150
São Paulo,202,4,4,3,13,1,0,2200,11904961,6000
São Paulo,54,2,1,1,3,1,0,660,11904961,1650
Rio de Janeiro,89,3,2,0,4,1,0,1100,6730729,2750
São Paulo,46,1,1,0,1,1,1,350,11904961,1800
São Paulo,386,4,6,4,0,1,0,6700,11904961,4250
Porto Alegre,240,3,3,1,0,1,0,0,1388794,4000
São Paulo,61,3,2,1,4,1,0,550,11904961,3000
São Paulo,80,2,2,1,3,1,0,700,11904961,2200
Belo Horizonte,45,2,1,1,4,1,1,180,2415872,1300
São Paulo,30,1,1,1,14,1,1,350,11904961,2580
São Paulo,300,4,4,6,1,1,0,550,11904961,3800
São Paulo,69,1,1,1,8,1,0,857,11904961,1200
Campinas,157,3,2,2,15,1,0,1290,1187974,2200
Rio de Janeiro,30,1,1,0,3,1,0,314,6730729,700
Belo Horizonte,83,3,2,2,6,1,0,468,2415872,1600
São Paulo,55,2,2,2,3,1,0,780,11904961,2001
São Paulo,70,1,1,1,3,1,0,1000,11904961,2500
São Paulo,20,1,1,0,1,0,1,150,11904961,3142
Belo Horizonte,298,4,2,3,0,1,0,0,2415872,3044
Belo Horizonte,90,3,2,1,1,1,0,280,2415872,1300
São Paulo,147,2,2,1,8,1,0,1400,11904961,4000
São Paulo,48,1,1,1,0,1,0,0,11904961,2000
São Paulo,32,1,1,1,9,0,1,1500,11904961,3400
São Paulo,195,4,2,3,15,1,0,1475,11904961,2500
Campinas,350,4,3,4,0,0,0,500,1187974,6000
São Paulo,74,2,1,0,2,0,0,1,11904961,2500
São Paulo,130,3,2,2,1,0,0,1324,11904961,3250
Campinas,60,2,3,0,1,0,1,938,1187974,1940
Belo Horizonte,55,2,1,1,9,0,0,655,2415872,1300
São Paulo,89,3,2,2,4,1,0,1050,11904961,1540
Porto Alegre,70,2,2,2,11,1,0,700,1388794,3300
Belo Horizonte,141,4,2,1,2,1,0,0,2415872,3000
Belo Horizonte,260,4,2,2,0,1,0,0,2415872,2500
São Paulo,168,4,2,2,0,1,0,0,11904961,3100
Belo Horizonte,24,1,1,1,0,0,0,0,2415872,550
São Paulo,240,4,4,5,14,1,0,2400,11904961,4500
São Paulo,178,3,4,4,18,1,0,2650,11904961,10000
São Paulo,58,2,1,1,1,1,1,500,11904961,2380
São Paulo,800,4,7,8,0,0,0,10000,11904961,8500
São Paulo,180,3,2,2,11,1,0,2750,11904961,7000
São Paulo,101,3,4,2,4,0,1,1037,11904961,6140
São Paulo,50,1,1,0,1,0,0,150,11904961,830
Belo Horizonte,55,2,1,1,4,1,0,190,2415872,600
São Paulo,120,2,3,2,0,1,0,0,11904961,5400
Campinas,42,2,1,1,3,0,0,400,1187974,600
Belo Horizonte,40,1,1,1,1,0,0,0,2415872,860
São Paulo,78,2,2,2,8,1,1,1400,11904961,5800
Porto Alegre,144,3,2,1,4,1,1,1450,1388794,2740
Campinas,440,4,4,4,0,0,0,0,1187974,4000
Porto Alegre,44,1,1,1,7,1,0,600,1388794,1250
São Paulo,596,4,5,2,0,1,1,0,11904961,15000
Porto Alegre,230,3,4,3,0,1,1,2300,1388794,10000
Belo Horizonte,100,2,1,0,13,1,0,750,2415872,1200
São Paulo,300,3,3,8,0,1,0,0,11904961,5500
São Paulo,47,2,1,0,7,1,1,390,11904961,1900
Campinas,105,3,2,2,6,1,0,1200,1187974,1620
São Paulo,65,2,2,1,14,0,0,610,11904961,1300
São Paulo,65,3,2,1,2,1,0,512,11904961,1860
São Paulo,60,2,2,2,6,1,0,1050,11904961,2100
Campinas,314,3,4,3,0,1,0,0,1187974,4000
São Paulo,70,2,1,0,1,1,0,0,11904961,1800
Rio de Janeiro,80,3,2,1,5,1,0,1150,6730729,1450
São Paulo,350,3,5,5,0,1,0,0,11904961,5500
Porto Alegre,52,1,1,0,10,1,0,130,1388794,900
São Paulo,380,4,5,6,8,1,1,3150,11904961,4900
Rio de Janeiro,70,1,1,0,1,1,0,634,6730729,2400
São Paulo,44,1,1,1,9,1,1,1785,11904961,2930
São Paulo,142,4,4,3,15,0,0,1661,11904961,2870
São Paulo,88,2,3,2,4,1,0,1200,11904961,2803
São Paulo,169,3,4,3,9,1,0,1800,11904961,8900
Rio de Janeiro,40,1,1,0,2,1,0,350,6730729,900
São Paulo,45,1,1,0,0,0,0,0,11904961,950
Rio de Janeiro,320,3,2,0,5,0,0,2300,6730729,6000
São Paulo,82,1,2,1,1,0,1,1000,11904961,11000
São Paulo,180,3,4,3,15,1,0,2200,11904961,8900
São Paulo,340,4,4,4,4,1,1,3100,11904961,8500
Belo Horizonte,100,3,3,1,4,1,0,800,2415872,2300
São Paulo,160,3,3,3,9,1,1,2400,11904961,10000
São Paulo,160,4,4,3,9,1,1,2184,11904961,6500
Campinas,100,3,2,2,3,1,0,885,1187974,1200
São Paulo,33,1,1,1,12,0,0,552,11904961,4150
São Paulo,35,1,2,1,2,1,0,335,11904961,1870
Porto Alegre,52,2,2,1,12,1,0,350,1388794,1900
São Paulo,180,3,2,2,6,1,0,2066,11904961,5500
São Paulo,180,3,2,1,0,0,0,0,11904961,3000
São Paulo,300,4,4,4,12,1,0,3000,11904961,10000
São Paulo,79,2,1,0,0,1,0,0,11904961,2050
Porto Alegre,66,2,1,0,4,1,0,450,1388794,1300
São Paulo,26,1,1,0,2,0,0,0,11904961,2060
São Paulo,367,4,5,6,1,0,0,4384,11904961,8000
Campinas,60,2,1,1,7,1,0,486,1187974,900
São Paulo,80,2,3,1,5,1,0,80,11904961,1800
Rio de Janeiro,50,2,1,0,0,1,0,0,6730729,1170
Rio de Janeiro,100,3,1,0,2,1,0,1290,6730729,1250
São Paulo,250,3,4,3,13,1,0,2800,11904961,6000
Porto Alegre,40,1,1,1,7,0,1,1300,1388794,1200
São Paulo,68,2,2,1,8,0,0,600,11904961,2400
São Paulo,35,1,1,1,14,0,0,1700,11904961,2000
Porto Alegre,46,2,1,1,0,1,0,236,1388794,750
São Paulo,21,1,1,0,2,1,0,0,11904961,3200
Rio de Janeiro,45,1,1,0,8,1,1,1690,6730729,3900
Belo Horizonte,107,3,2,2,2,1,1,585,2415872,2400
São Paulo,220,3,3,5,0,1,0,0,11904961,7500
São Paulo,380,5,7,4,0,1,0,0,11904961,8000
São Paulo,150,3,3,2,20,0,0,2300,11904961,4000
Rio de Janeiro,15,1,1,0,2,0,0,0,6730729,1000
São Paulo,120,3,4,2,1,1,0,1500,11904961,3000
São Paulo,24,2,2,1,13,1,0,993,11904961,5500
Porto Alegre,70,2,2,1,2,1,0,500,1388794,2720
Porto Alegre,50,1,2,0,0,1,0,250,1388794,1100
São Paulo,220,3,4,4,10,1,0,3500,11904961,7000
São Paulo,180,3,4,3,3,1,0,1600,11904961,3500
Porto Alegre,148,3,2,3,3,1,1,1000,1388794,3000
São Paulo,52,2,1,1,7,1,0,633,11904961,1340
Porto Alegre,48,2,1,0,1,1,0,100,1388794,700
São Paulo,160,4,5,2,22,1,1,1200,11904961,6800
São Paulo,40,1,1,0,2,0,1,685,11904961,2500
Campinas,143,3,2,3,0,1,0,0,1187974,1700
Campinas,550,3,4,8,0,1,0,0,1187974,4600
São Paulo,35,1,1,1,3,0,1,0,11904961,4200
Porto Alegre,50,2,1,0,18,1,0,500,1388794,1300
São Paulo,210,4,4,3,9,1,0,2100,11904961,9100
São Paulo,60,2,2,2,2,1,0,860,11904961,1840
São Paulo,217,4,4,3,3,1,1,4180,11904961,5000
Rio de Janeiro,300,3,3,2,5,1,1,5000,6730729,11330
Rio de Janeiro,45,1,1,0,0,1,1,250,6730729,2000
São Paulo,230,5,3,0,0,1,0,0,11904961,7200
Campinas,139,3,5,3,3,1,1,1090,1187974,6700
São Paulo,48,2,1,0,3,1,0,100,11904961,1350
São Paulo,145,3,3,3,6,1,0,1100,11904961,12000
Porto Alegre,65,1,1,0,3,1,0,311,1388794,1350
Porto Alegre,180,3,3,2,3,1,0,400,1388794,2700
São Paulo,438,5,6,5,0,0,0,0,11904961,12000
São Paulo,100,2,2,1,10,1,1,1300,11904961,1979
Rio de Janeiro,430,4,4,2,6,1,0,3500,6730729,10000
Porto Alegre,374,3,4,2,0,1,1,2500,1388794,8250
São Paulo,270,3,2,1,9,1,0,2300,11904961,3920
Campinas,92,2,3,2,5,0,0,1260,1187974,4200
Porto Alegre,220,3,3,2,8,0,1,1636,1388794,10000
São Paulo,243,4,3,3,16,1,0,3754,11904961,2000
Porto Alegre,240,3,3,7,0,1,1,0,1388794,3400
São Paulo,260,4,5,5,3,1,1,0,11904961,15000
Porto Alegre,63,3,2,2,11,1,0,547,1388794,2050
São Paulo,238,4,5,3,1,0,0,2500,11904961,15000
São Paulo,82,2,2,0,3,0,0,650,11904961,1600
Campinas,74,3,1,1,3,1,0,350,1187974,1000
Belo Horizonte,40,1,1,2,11,0,1,1000,2415872,3500
Porto Alegre,70,3,1,1,3,1,0,424,1388794,1100
Belo Horizonte,83,3,2,3,18,1,0,745,2415872,2050
São Paulo,55,2,1,0,0,1,0,380,11904961,1350
São Paulo,290,3,2,2,0,0,1,0,11904961,8000
Rio de Janeiro,250,5,3,4,0,1,0,0,6730729,5000
São Paulo,350,4,3,4,10,1,0,1600,11904961,7500
São Paulo,330,5,4,2,0,1,1,0,11904961,7650
São Paulo,60,2,2,1,8,1,0,700,11904961,1420
Rio de Janeiro,74,2,1,0,1,1,0,1148,6730729,1900
Belo Horizonte,160,3,3,2,4,1,0,150,2415872,2400
Porto Alegre,483,4,4,0,4,1,1,2000,1388794,4900
São Paulo,35,1,1,0,16,1,1,560,11904961,2999
São Paulo,285,4,4,3,16,0,0,1100,11904961,4500
Rio de Janeiro,77,2,2,0,4,1,0,700,6730729,1950
São Paulo,76,2,2,1,8,0,0,825,11904961,1600
Porto Alegre,200,2,1,0,0,1,0,0,1388794,2800
São Paulo,300,5,4,5,0,1,0,0,11904961,8500
Rio de Janeiro,105,3,2,1,13,1,1,1200,6730729,12000
Campinas,55,1,1,1,7,1,0,480,1187974,700
Porto Alegre,75,2,2,1,5,1,0,450,1388794,1650
Campinas,276,3,4,3,11,1,0,2590,1187974,7000
Belo Horizonte,70,2,2,1,3,1,0,523,2415872,1050
São Paulo,460,7,5,5,0,1,1,1,11904961,9000
Rio de Janeiro,135,4,2,2,13,1,1,1300,6730729,6489
Belo Horizonte,64,2,1,1,1,0,0,210,2415872,1200
Belo Horizonte,76,2,1,1,1,1,0,277,2415872,700
São Paulo,170,6,4,4,0,1,0,0,11904961,7200
Belo Horizonte,85,2,1,1,1,0,0,735,2415872,2150
Campinas,49,2,1,1,0,1,0,0,1187974,1000
Rio de Janeiro,128,4,2,0,2,0,0,1100,6730729,2000
São Paulo,96,3,2,2,10,1,0,1616,11904961,1610
Rio de Janeiro,45,1,1,1,1,1,1,1437,6730729,3000
São Paulo,32,1,1,1,2,0,1,1500,11904961,3250
Porto Alegre,37,1,1,0,4,1,0,340,1388794,1500
Belo Horizonte,335,4,4,4,0,1,0,0,2415872,10000
Rio de Janeiro,56,2,1,1,3,1,0,860,6730729,1500
São Paulo,330,1,3,8,0,1,0,0,11904961,3147
Rio de Janeiro,21,1,1,0,2,1,0,0,6730729,2800
São Paulo,300,5,5,4,0,1,1,0,11904961,6500
Porto Alegre,373,4,4,4,0,1,1,350,1388794,6800
São Paulo,53,2,1,1,7,0,0,600,11904961,1200
São Paulo,156,3,3,3,20,1,0,1600,11904961,4900
Porto Alegre,80,2,1,0,2,0,1,180,1388794,1250
São Paulo,74,2,2,2,8,0,0,870,11904961,3300
São Paulo,103,3,2,1,0,1,0,0,11904961,4200
Belo Horizonte,458,8,10,4,0,1,0,0,2415872,7000
Belo Horizonte,98,2,1,0,0,0,0,0,2415872,1500
São Paulo,40,1,1,0,0,1,0,1,11904961,1000
São Paulo,65,1,1,0,3,0,0,185,11904961,1300
São Paulo,70,1,1,0,4,0,0,430,11904961,1300
Porto Alegre,55,1,1,1,14,0,1,460,1388794,3200
São Paulo,129,3,4,3,6,1,1,1650,11904961,2500
Porto Alegre,46,1,1,1,1,1,1,270,1388794,750
Porto Alegre,225,4,4,2,0,1,0,800,1388794,4445
São Paulo,215,3,1,1,18,1,0,1100,11904961,4000
São Paulo,100,3,3,2,0,0,0,120,11904961,2000
Campinas,68,1,1,1,10,0,1,600,1187974,1000
São Paulo,82,3,1,1,8,0,0,709,11904961,1500
Rio de Janeiro,90,2,3,0,2,1,0,620,6730729,2150
São Paulo,250,5,2,6,0,1,0,0,11904961,9000
São Paulo,392,4,4,4,0,1,0,0,11904961,10000
Rio de Janeiro,134,3,4,2,3,1,1,1900,6730729,7000
Campinas,53,2,1,1,1,1,0,310,1187974,510
Rio de Janeiro,165,2,2,0,2,1,1,0,6730729,2500
São Paulo,59,2,1,1,3,0,0,270,11904961,1400
Porto Alegre,55,1,1,1,3,1,0,340,1388794,900
Rio de Janeiro,80,2,2,1,12,0,0,580,6730729,1809
Rio de Janeiro,71,2,1,1,2,1,0,950,6730729,3140
Porto Alegre,200,3,3,2,0,1,0,1,1388794,5980
São Paulo,47,1,1,0,1,1,0,490,11904961,1200
São Paulo,78,1,1,2,8,0,1,1980,11904961,6000
Porto Alegre,70,2,1,0,9,1,0,0,1388794,1750
Belo Horizonte,44,1,1,1,11,1,0,520,2415872,3500
São Paulo,56,2,1,1,7,1,0,380,11904961,1500
Belo Horizonte,70,3,2,2,10,0,0,360,2415872,1560
São Paulo,150,3,3,2,12,1,0,1650,11904961,4000
Rio de Janeiro,60,1,1,0,4,0,1,1400,6730729,2000
Belo Horizonte,200,3,4,4,10,1,0,2900,2415872,5500
São Paulo,250,4,5,4,5,0,0,3000,11904961,10000
São Paulo,250,4,5,3,0,1,0,0,11904961,5000
Porto Alegre,40,1,1,1,10,1,1,210,1388794,1180
São Paulo,117,4,5,4,10,0,0,1523,11904961,3175
Campinas,104,3,1,0,3,0,0,600,1187974,650
Rio de Janeiro,120,3,1,0,3,0,0,800,6730729,4500
Belo Horizonte,125,3,2,0,7,1,0,1300,2415872,2968
São Paulo,33,2,1,0,6,1,0,300,11904961,1900
Rio de Janeiro,99,3,2,1,10,1,0,1080,6730729,3500
São Paulo,63,1,1,0,12,1,0,870,11904961,2600
Rio de Janeiro,43,2,1,0,12,1,0,586,6730729,2000
São Paulo,61,2,2,2,2,0,1,1023,11904961,3160
Rio de Janeiro,76,2,2,1,8,1,1,1200,6730729,3700
Porto Alegre,52,2,1,1,0,1,0,350,1388794,950
São Paulo,39,1,1,0,3,1,1,350,11904961,1700
Porto Alegre,126,3,1,1,4,1,0,1137,1388794,2200
São Paulo,305,2,3,0,10,1,0,3500,11904961,5000
São Paulo,80,2,2,0,3,0,0,931,11904961,2700
Rio de Janeiro,85,2,1,1,4,1,0,450,6730729,1700
Porto Alegre,74,3,2,2,13,1,1,402,1388794,2300
Rio de Janeiro,130,3,2,1,3,0,0,1303,6730729,2300
São Paulo,113,3,2,1,6,1,0,1000,11904961,3000
São Paulo,108,2,1,3,0,1,0,0,11904961,5000
São Paulo,270,4,4,4,0,1,0,0,11904961,10800
São Paulo,111,3,4,3,1,1,0,2500,11904961,2700
Rio de Janeiro,142,3,2,1,1,1,1,1732,6730729,2868
Porto Alegre,48,1,1,1,5,1,1,240,1388794,1100
São Paulo,76,3,2,2,10,1,0,365,11904961,2500
São Paulo,42,1,1,0,13,0,0,760,11904961,2260
São Paulo,500,4,5,4,0,0,1,0,11904961,12750
São Paulo,375,4,4,4,22,0,0,4916,11904961,4700
Rio de Janeiro,690,4,5,2,21,0,0,4798,6730729,9500
São Paulo,172,4,4,3,1,1,0,1800,11904961,7500
Rio de Janeiro,130,3,2,2,5,1,0,2250,6730729,6500
São Paulo,90,3,2,2,2,1,0,1320,11904961,1700
Campinas,68,3,2,2,9,1,1,550,1187974,2700
São Paulo,260,4,4,4,0,1,0,0,11904961,14000
São Paulo,87,2,3,2,1,1,1,1200,11904961,3560
São Paulo,80,2,1,0,0,0,0,0,11904961,1500
São Paulo,140,2,1,2,0,1,0,0,11904961,5000
São Paulo,45,2,1,1,1,1,0,176,11904961,1300
Campinas,230,3,4,4,5,1,1,1800,1187974,10000
São Paulo,125,3,3,2,4,1,0,1550,11904961,3000
Rio de Janeiro,80,2,1,0,3,0,1,800,6730729,1360
São Paulo,22,1,1,1,8,1,1,587,11904961,4500
Campinas,280,4,3,3,0,1,0,0,1187974,2167
São Paulo,126,3,4,3,6,1,0,2500,11904961,3200
Porto Alegre,64,3,2,1,1,1,1,600,1388794,1620
Rio de Janeiro,70,2,1,1,3,1,0,950,6730729,3800
São Paulo,65,2,1,0,0,1,0,0,11904961,1200
Porto Alegre,98,3,1,0,1,1,0,400,1388794,1050
Belo Horizonte,136,3,3,2,6,1,0,230,2415872,2700
São Paulo,80,2,2,2,0,1,0,0,11904961,2465
Porto Alegre,54,2,1,1,8,1,1,300,1388794,1000
Porto Alegre,55,1,1,1,2,1,0,300,1388794,1000
Rio de Janeiro,190,3,2,1,4,1,0,1800,6730729,5100
São Paulo,130,3,2,2,8,1,0,1310,11904961,6500
São Paulo,54,2,1,1,1,1,0,670,11904961,1932
São Paulo,200,3,4,4,2,0,1,3300,11904961,12000
São Paulo,150,3,3,2,3,0,0,2100,11904961,3600
São Paulo,205,3,4,4,13,1,0,1700,11904961,6000
São Paulo,310,3,3,2,0,0,0,0,11904961,10400
São Paulo,250,3,4,4,0,1,0,0,11904961,4500
São Paulo,60,2,1,1,1,1,0,0,11904961,1100
São Paulo,66,2,2,1,5,1,1,750,11904961,2980
São Paulo,176,3,4,3,20,0,0,2004,11904961,9500
Porto Alegre,48,1,1,0,4,1,1,250,1388794,1300
Rio de Janeiro,90,2,1,0,3,1,0,940,6730729,3490
Porto Alegre,67,2,2,1,9,1,0,300,1388794,1700
Belo Horizonte,55,2,1,1,8,0,0,160,2415872,900
São Paulo,50,2,2,1,14,1,0,520,11904961,1550
Rio de Janeiro,140,3,1,1,3,1,0,1200,6730729,4090
Rio de Janeiro,18,1,1,0,14,0,0,540,6730729,880
Campinas,50,1,1,0,1,0,0,298,1187974,850
São Paulo,220,3,4,3,0,1,1,0,11904961,4600
São Paulo,25,1,1,1,4,0,1,1449,11904961,3070
Belo Horizonte,230,4,2,1,2,1,0,300,2415872,2850
São Paulo,80,2,1,0,0,1,0,0,11904961,2200
São Paulo,180,3,3,2,7,1,0,3000,11904961,7000
Rio de Janeiro,62,2,1,0,0,1,0,50,6730729,1300
Porto Alegre,440,3,2,3,5,0,0,100,1388794,10500
São Paulo,200,3,3,3,3,1,0,3162,11904961,4790
Porto Alegre,300,8,3,0,0,1,0,0,1388794,5100
Belo Horizonte,360,6,2,0,0,1,0,1,2415872,6000
Rio de Janeiro,55,2,2,0,6,1,0,740,6730729,2000
São Paulo,400,4,6,4,0,1,0,0,11904961,15000
São Paulo,19,1,1,0,0,0,0,0,11904961,1200
Porto Alegre,326,4,7,4,0,1,0,0,1388794,4200
São Paulo,240,4,4,3,4,1,0,8000,11904961,2000
Campinas,35,1,1,0,0,1,0,0,1187974,1600
Rio de Janeiro,110,3,1,0,1,1,0,1100,6730729,1800
São Paulo,103,2,3,2,17,1,1,7000,11904961,9000
São Paulo,273,3,5,4,5,1,0,2695,11904961,10900
São Paulo,250,4,5,2,0,1,0,0,11904961,8000
Porto Alegre,67,2,2,1,2,1,1,413,1388794,1240
São Paulo,45,1,1,1,3,1,1,2000,11904961,4850
São Paulo,19,1,1,0,0,0,0,0,11904961,1200
Rio de Janeiro,90,3,2,1,13,1,0,1300,6730729,2050
São Paulo,143,3,3,2,20,1,0,1900,11904961,8400
São Paulo,75,2,1,1,14,0,1,1200,11904961,2380
Rio de Janeiro,115,3,2,1,2,1,0,1200,6730729,2900
Belo Horizonte,100,3,2,2,3,0,0,400,2415872,2300
São Paulo,63,2,2,1,19,1,0,184,11904961,4400
Rio de Janeiro,70,2,2,1,2,1,0,1100,6730729,2500
Belo Horizonte,80,3,2,2,1,0,1,400,2415872,2500
São Paulo,215,3,4,2,0,1,0,0,11904961,5000
Campinas,75,3,2,1,3,0,0,550,1187974,2125
São Paulo,400,3,5,4,11,1,0,3830,11904961,3500
Porto Alegre,109,4,2,3,1,1,0,280,1388794,1950
Rio de Janeiro,75,2,2,1,3,1,0,684,6730729,1800
São Paulo,23,1,1,0,25,1,0,399,11904961,2150
São Paulo,172,4,3,2,5,1,1,1050,11904961,8300
São Paulo,73,2,2,1,16,1,0,550,11904961,2160
Porto Alegre,25,1,1,0,12,0,0,240,1388794,750
Campinas,56,2,1,1,2,1,0,420,1187974,1050
São Paulo,96,2,1,2,3,1,0,880,11904961,1648
São Paulo,240,3,2,3,0,1,0,0,11904961,5900
São Paulo,57,2,1,1,24,1,1,540,11904961,3500
Rio de Janeiro,130,3,2,1,9,1,1,2000,6730729,8700
São Paulo,35,1,1,1,10,0,1,1400,11904961,2800
São Paulo,115,3,2,1,8,1,0,826,11904961,2300
Porto Alegre,45,2,1,0,2,1,0,74,1388794,1040
Rio de Janeiro,40,1,1,0,2,0,0,450,6730729,2390
Rio de Janeiro,95,3,1,1,0,1,1,1434,6730729,3500
São Paulo,60,2,2,1,11,1,1,1680,11904961,6000
Campinas,160,4,2,2,16,1,0,1448,1187974,2800
São Paulo,315,3,4,3,15,1,1,1715,11904961,5000
Belo Horizonte,365,4,4,3,8,1,1,3500,2415872,8800
São Paulo,45,2,1,1,4,1,0,284,11904961,1100
Rio de Janeiro,108,2,1,0,1,1,0,450,6730729,2125
Campinas,76,3,2,2,3,0,0,450,1187974,2200
Belo Horizonte,140,4,3,2,9,1,0,1720,2415872,4000
Belo Horizonte,30,1,1,0,3,0,0,0,2415872,750
Campinas,50,2,2,1,2,0,0,262,1187974,1400
Porto Alegre,110,2,1,0,1,1,0,260,1388794,2100
São Paulo,125,3,1,0,4,1,0,650,11904961,2700
São Paulo,55,2,2,1,21,1,0,480,11904961,2000
São Paulo,82,3,2,2,8,1,0,903,11904961,1500
Rio de Janeiro,42,1,1,0,9,1,1,682,6730729,1800
Belo Horizonte,285,3,2,0,6,1,0,1000,2415872,6000
São Paulo,76,2,2,1,6,0,0,500,11904961,1350
Rio de Janeiro,338,4,2,2,0,1,0,0,6730729,4300
São Paulo,300,6,8,3,0,1,0,0,11904961,10900
São Paulo,30,1,1,1,10,0,1,1700,11904961,4600
São Paulo,320,5,5,3,0,1,1,320,11904961,8000
Porto Alegre,80,2,1,0,1,1,0,171,1388794,1900
São Paulo,43,1,1,0,6,0,0,350,11904961,1080
São Paulo,102,2,2,2,0,1,0,0,11904961,3400
São Paulo,47,2,1,1,1,1,0,350,11904961,1000
Rio de Janeiro,120,4,2,1,5,1,1,1890,6730729,12000
Belo Horizonte,178,3,3,3,10,1,0,1840,2415872,7500
São Paulo,27,1,1,0,0,0,0,0,11904961,1480
Rio de Janeiro,174,4,2,1,1,1,0,1682,6730729,2400
São Paulo,64,1,2,1,3,1,0,800,11904961,2600
Belo Horizonte,252,3,4,1,1,1,0,250,2415872,2500
Porto Alegre,85,2,1,0,1,1,0,400,1388794,870
São Paulo,101,3,2,2,7,1,1,1097,11904961,3200
São Paulo,200,3,2,1,5,1,0,1618,11904961,2380
Belo Horizonte,55,2,2,1,2,1,0,202,2415872,1000
São Paulo,200,4,3,3,14,0,0,2400,11904961,6400
São Paulo,240,3,3,3,3,1,0,4132,11904961,3800
Rio de Janeiro,90,3,2,1,6,1,0,1270,6730729,3170
São Paulo,31,1,1,0,22,1,0,330,11904961,1330
Belo Horizonte,240,4,3,4,3,1,0,2677,2415872,7200
Belo Horizonte,118,4,3,3,4,1,0,920,2415872,2500
São Paulo,350,4,5,2,0,1,1,0,11904961,15000
São Paulo,65,3,2,1,5,1,0,526,11904961,2090
Rio de Janeiro,145,3,2,1,3,1,0,2400,6730729,5800
São Paulo,93,3,2,2,18,1,0,1000,11904961,3400
São Paulo,98,1,2,2,4,0,1,1750,11904961,8400
São Paulo,174,3,1,2,0,1,0,0,11904961,3600
São Paulo,160,4,4,3,6,1,1,1646,11904961,4700
São Paulo,200,4,5,3,3,1,1,1650,11904961,3700
São Paulo,80,2,2,2,0,1,0,50,11904961,1850
São Paulo,50,2,1,1,3,1,0,520,11904961,1490
Belo Horizonte,115,3,3,3,4,1,0,655,2415872,3100
São Paulo,38,1,1,0,1,1,1,330,11904961,3000
Porto Alegre,42,1,1,1,2,1,0,260,1388794,1200
São Paulo,380,2,4,0,21,1,1,3490,11904961,6800
Belo Horizonte,70,2,1,1,6,1,0,500,2415872,1500
São Paulo,37,1,1,1,1,0,1,1700,11904961,1196
São Paulo,156,2,4,2,11,1,0,2690,11904961,10000
São Paulo,100,3,3,2,3,0,0,1100,11904961,4350
Belo Horizonte,50,2,1,1,2,1,0,226,2415872,750
São Paulo,116,2,2,2,8,0,1,1215,11904961,8000
São Paulo,25,1,1,0,0,1,0,20,11904961,1200
Belo Horizonte,260,4,5,0,21,0,0,1920,2415872,13000
Porto Alegre,102,2,1,0,3,1,0,407,1388794,1600
São Paulo,160,2,3,2,12,1,1,1500,11904961,4210
Belo Horizonte,95,3,2,2,3,0,0,882,2415872,2200
São Paulo,189,4,4,4,12,1,0,2326,11904961,12000
São Paulo,22,1,1,1,14,0,0,450,11904961,1900
São Paulo,400,4,3,3,0,1,0,0,11904961,7000
Belo Horizonte,280,4,4,5,10,1,0,850,2415872,6500
Porto Alegre,45,1,1,0,2,1,0,340,1388794,950
São Paulo,50,2,1,1,5,1,0,650,11904961,1260
São Paulo,61,3,2,0,0,1,0,400,11904961,1500
Rio de Janeiro,100,2,2,1,4,1,0,860,6730729,1600
São Paulo,78,2,2,1,2,1,0,560,11904961,2750
Rio de Janeiro,140,3,2,1,6,1,0,1900,6730729,5000
São Paulo,220,3,4,2,7,1,0,2000,11904961,3900
Belo Horizonte,105,3,2,2,4,0,0,350,2415872,1500
Belo Horizonte,550,3,3,5,0,1,0,0,2415872,7500
São Paulo,250,4,6,4,12,0,0,3000,11904961,14500
Rio de Janeiro,30,1,1,0,7,1,0,700,6730729,1550
Belo Horizonte,90,2,3,2,15,1,0,1054,2415872,2100
São Paulo,110,2,3,2,6,1,0,1500,11904961,2310
São Paulo,65,2,2,2,6,1,0,717,11904961,2000
São Paulo,160,1,4,2,2,0,0,1000,11904961,3500
São Paulo,34,1,1,1,4,1,0,550,11904961,3800
Porto Alegre,65,2,1,1,1,1,0,500,1388794,950
São Paulo,355,4,5,5,21,0,1,5700,11904961,15000
Campinas,320,3,3,2,9,1,1,2000,1187974,8500
Rio de Janeiro,42,1,1,0,4,1,1,480,6730729,1900
São Paulo,79,2,2,1,2,1,1,678,11904961,2800
São Paulo,130,2,2,2,3,1,0,1750,11904961,3000
São Paulo,84,2,2,0,1,1,1,850,11904961,6000
Campinas,300,3,3,4,0,1,0,1,1187974,3800
São Paulo,74,2,1,1,2,1,0,650,11904961,1700
São Paulo,450,4,4,3,0,1,0,0,11904961,11500
São Paulo,84,3,2,2,7,0,0,900,11904961,2800
São Paulo,93,3,3,0,16,0,1,1221,11904961,5500
Porto Alegre,58,2,2,2,12,1,0,450,1388794,2550
Campinas,130,3,2,0,0,1,0,0,1187974,1400
São Paulo,35,1,1,1,9,0,1,1050,11904961,2600
São Paulo,156,3,2,1,17,1,0,1500,11904961,5500
São Paulo,250,4,3,3,0,1,1,0,11904961,5000
Belo Horizonte,109,3,2,2,2,1,0,400,2415872,1800
Campinas,40,1,2,1,7,1,0,550,1187974,807
Belo Horizonte,75,3,2,1,5,1,0,487,2415872,1280
São Paulo,100,3,3,2,13,1,0,980,11904961,6300
São Paulo,60,2,1,1,5,1,0,545,11904961,1210
Belo Horizonte,63,3,1,1,3,1,0,200,2415872,1000
São Paulo,550,3,5,8,0,1,0,0,11904961,10000
São Paulo,112,3,2,2,12,1,0,1239,11904961,2670
São Paulo,115,3,2,1,0,0,0,0,11904961,10000
Belo Horizonte,65,2,1,1,3,1,0,566,2415872,1100
Belo Horizonte,65,3,2,2,2,1,0,180,2415872,913
Rio de Janeiro,200,4,2,1,7,1,0,2188,6730729,4250
Rio de Janeiro,46,2,1,1,8,1,0,750,6730729,1800
São Paulo,320,4,5,4,0,1,0,0,11904961,7000
Rio de Janeiro,140,3,2,0,2,1,0,1345,6730729,3200
Porto Alegre,87,3,3,2,5,1,0,1300,1388794,4000
Belo Horizonte,78,1,1,1,15,0,0,775,2415872,2300
São Paulo,25,1,1,0,7,0,0,290,11904961,2000
São Paulo,50,2,2,1,6,1,1,560,11904961,2800
Rio de Janeiro,40,1,1,0,4,0,0,530,6730729,1949
Belo Horizonte,65,3,1,1,2,1,1,175,2415872,1100
Porto Alegre,181,3,3,2,0,1,0,286,1388794,2400
Belo Horizonte,503,5,5,4,0,1,0,0,2415872,6000
São Paulo,50,1,1,0,0,0,0,0,11904961,1200
Rio de Janeiro,180,3,3,1,4,1,1,2300,6730729,6500
São Paulo,180,3,3,2,1,1,0,2000,11904961,7200
Porto Alegre,75,2,1,0,2,1,0,180,1388794,1600
Belo Horizonte,70,3,2,1,1,1,0,377,2415872,950
São Paulo,100,3,2,1,2,1,1,450,11904961,1600
São Paulo,50,2,2,1,12,0,0,400,11904961,1200
São Paulo,90,3,1,2,6,1,0,1250,11904961,4100
Belo Horizonte,150,3,3,2,0,0,0,0,2415872,3400
São Paulo,120,2,1,1,0,0,0,0,11904961,3500
Rio de Janeiro,50,2,2,1,5,1,0,440,6730729,1450
Rio de Janeiro,93,2,2,1,4,1,0,200,6730729,1200
Porto Alegre,30,1,1,0,16,0,1,260,1388794,1490
São Paulo,80,2,1,1,0,1,0,484,11904961,1600
Porto Alegre,46,1,1,1,5,0,0,450,1388794,1500
Rio de Janeiro,90,2,2,0,4,1,0,735,6730729,1000
Rio de Janeiro,75,2,2,0,2,1,0,591,6730729,2400
Belo Horizonte,136,4,3,3,9,1,0,1240,2415872,3900
Campinas,30,1,1,0,1,0,0,70,1187974,1100
São Paulo,95,2,2,0,1,1,1,621,11904961,1550
Porto Alegre,39,1,1,0,3,1,0,290,1388794,550
Belo Horizonte,170,4,3,3,6,1,0,1800,2415872,6000
Campinas,59,2,1,1,1,1,0,437,1187974,1000
Belo Horizonte,46,1,1,1,4,0,0,870,2415872,2500
São Paulo,124,3,1,0,8,0,0,1200,11904961,1200
Rio de Janeiro,160,4,3,2,2,1,0,1550,6730729,6200
Belo Horizonte,85,3,1,1,1,0,0,275,2415872,1600
Rio de Janeiro,80,2,1,1,4,1,0,800,6730729,2499
São Paulo,110,3,3,3,17,1,1,1250,11904961,4500
São Paulo,500,4,6,6,0,1,0,0,11904961,5510
São Paulo,230,3,4,2,12,1,1,2662,11904961,5900
Belo Horizonte,115,3,3,1,1,0,0,485,2415872,1750
Belo Horizonte,285,4,4,2,0,1,0,0,2415872,3000
São Paulo,89,3,3,2,8,0,0,965,11904961,3800
São Paulo,49,2,1,1,2,1,0,503,11904961,985
Belo Horizonte,500,4,6,4,0,0,0,0,2415872,15000
São Paulo,35,1,1,1,1,0,1,444,11904961,3486
Porto Alegre,58,2,1,1,1,1,0,300,1388794,1350
Campinas,300,4,5,2,0,1,0,0,1187974,6000
Porto Alegre,58,1,1,0,2,1,0,309,1388794,700
São Paulo,800,5,7,6,0,1,0,1,11904961,15000
São Paulo,60,2,1,1,5,1,1,600,11904961,3300
São Paulo,200,4,4,2,0,1,0,0,11904961,5525
Campinas,420,4,5,4,0,1,0,600,1187974,7225
Campinas,165,3,2,0,0,1,0,0,1187974,3000
Belo Horizonte,260,4,3,4,0,0,0,0,2415872,4500
São Paulo,55,2,1,0,0,1,0,0,11904961,1600
Rio de Janeiro,55,1,1,0,1,1,0,585,6730729,800
São Paulo,47,2,1,0,1,1,0,0,11904961,1600
São Paulo,38,1,1,0,5,1,0,819,11904961,1650
Rio de Janeiro,60,2,1,0,0,1,0,0,6730729,1800
Belo Horizonte,90,3,2,1,3,1,0,500,2415872,1800
Rio de Janeiro,41,1,1,1,2,0,1,2100,6730729,3200
São Paulo,70,2,1,1,9,1,1,628,11904961,3100
Campinas,43,1,1,1,5,1,0,518,1187974,900
Rio de Janeiro,80,1,1,0,4,1,0,0,6730729,4000
Belo Horizonte,251,3,3,4,16,0,0,3000,2415872,12000
São Paulo,185,4,5,4,5,1,0,2800,11904961,7100
São Paulo,520,3,4,2,0,1,0,0,11904961,9000
São Paulo,30,1,1,0,1,1,0,50,11904961,1150
São Paulo,387,3,5,3,7,1,0,4600,11904961,7000
Rio de Janeiro,65,2,2,1,2,1,0,532,6730729,1820
São Paulo,155,3,3,2,0,1,0,0,11904961,2650
Porto Alegre,90,2,1,0,2,1,0,0,1388794,1380
Porto Alegre,61,2,1,2,4,0,0,350,1388794,2200
São Paulo,60,2,1,0,1,1,0,0,11904961,1100
São Paulo,250,4,4,4,14,1,0,2600,11904961,3600
Belo Horizonte,57,2,1,1,3,0,0,225,2415872,800
São Paulo,36,1,1,1,8,1,0,323,11904961,2150
Campinas,231,3,5,4,4,1,1,2200,1187974,12000
São Paulo,67,3,1,1,2,1,0,592,11904961,2900
São Paulo,120,1,2,2,4,1,0,3100,11904961,4200
São Paulo,215,3,4,2,9,0,0,1800,11904961,7000
Campinas,100,4,3,1,4,1,0,750,1187974,2240
Rio de Janeiro,50,2,1,1,5,1,1,430,6730729,1150
Porto Alegre,40,1,1,1,11,1,1,1300,1388794,1200
São Paulo,96,2,2,2,23,0,1,800,11904961,4000
Porto Alegre,42,1,1,0,1,1,0,250,1388794,985
Porto Alegre,37,1,1,0,4,1,0,335,1388794,1600
Porto Alegre,110,2,2,1,1,1,0,250,1388794,1453
São Paulo,96,2,2,2,5,1,0,1200,11904961,1600
São Paulo,98,3,2,0,0,1,0,580,11904961,1580
São Paulo,70,2,1,0,1,0,0,350,11904961,1050
Rio de Janeiro,127,1,2,1,18,0,0,850,6730729,6300
São Paulo,138,3,3,2,11,1,0,960,11904961,3000
Rio de Janeiro,79,2,2,1,4,1,0,838,6730729,1664
São Paulo,45,1,1,0,0,0,0,0,11904961,1030
São Paulo,35,1,1,0,0,0,0,0,11904961,1100
São Paulo,180,3,4,3,5,1,1,2800,11904961,9000
Campinas,220,3,5,3,4,0,1,2000,1187974,7900
Porto Alegre,72,2,2,2,12,1,0,500,1388794,2100
Rio de Janeiro,150,3,3,0,10,1,1,850,6730729,6000
São Paulo,40,1,1,1,0,1,0,0,11904961,1300
São Paulo,45,2,1,1,25,0,0,375,11904961,1756
Belo Horizonte,100,3,3,1,3,1,0,300,2415872,1400
São Paulo,140,3,2,2,2,1,0,1480,11904961,3700
Porto Alegre,313,3,3,4,5,1,1,650,1388794,4500
São Paulo,25,1,1,0,5,0,1,270,11904961,2600
Rio de Janeiro,300,5,4,5,0,1,0,0,6730729,4080
Porto Alegre,28,1,1,0,4,1,0,200,1388794,500
São Paulo,249,4,4,3,0,1,0,0,11904961,6800
Porto Alegre,112,4,2,1,2,1,0,765,1388794,1880
Porto Alegre,50,2,1,1,3,1,0,268,1388794,900
São Paulo,80,2,2,2,6,1,0,1770,11904961,3000
Belo Horizonte,117,2,1,0,0,1,0,0,2415872,2000
Porto Alegre,85,2,2,1,8,0,1,500,1388794,2800
São Paulo,76,3,2,2,8,1,0,679,11904961,3400
Rio de Janeiro,30,1,1,0,5,0,0,1100,6730729,505
Porto Alegre,20,1,1,1,0,1,1,0,1388794,950
São Paulo,250,2,2,8,0,1,1,0,11904961,4500
São Paulo,60,2,2,1,1,1,0,862,11904961,2514
Porto Alegre,65,2,2,1,2,1,0,680,1388794,1300
Campinas,55,1,1,1,1,0,0,600,1187974,2230
São Paulo,150,2,1,2,0,1,0,0,11904961,5500
São Paulo,55,2,1,1,6,0,0,450,11904961,1700
São Paulo,40,1,1,0,0,0,0,0,11904961,650
Rio de Janeiro,27,1,1,0,2,1,1,0,6730729,2400
Porto Alegre,99,3,3,1,2,0,0,600,1388794,2500
Rio de Janeiro,100,3,2,1,2,1,0,1300,6730729,4190
São Paulo,425,3,4,4,7,0,1,5719,11904961,11000
São Paulo,44,2,1,1,12,1,0,400,11904961,1340
São Paulo,76,1,1,1,0,0,0,0,11904961,1400
São Paulo,100,3,2,1,4,1,0,1200,11904961,6650
Belo Horizonte,380,4,5,4,0,1,0,0,2415872,8500
São Paulo,292,4,3,3,8,1,1,2700,11904961,11480
São Paulo,350,5,3,6,0,1,0,0,11904961,5670
São Paulo,420,4,5,0,0,1,0,0,11904961,6460
Rio de Janeiro,100,2,1,1,4,1,0,1700,6730729,5000
Belo Horizonte,80,2,1,0,2,1,0,0,2415872,1150
Porto Alegre,61,2,1,1,2,1,0,210,1388794,1700
Campinas,48,2,1,0,2,1,0,250,1187974,700
Campinas,100,3,2,8,0,1,0,0,1187974,2000
São Paulo,50,2,1,1,1,1,0,611,11904961,2895
São Paulo,141,4,3,1,5,0,0,1200,11904961,4320
São Paulo,25,1,1,0,2,0,0,160,11904961,620
São Paulo,60,1,1,0,0,1,0,0,11904961,800
Porto Alegre,75,2,1,0,3,1,0,260,1388794,880
São Paulo,45,2,1,1,11,1,0,380,11904961,1598
Porto Alegre,74,2,2,0,10,1,0,550,1388794,2700
São Paulo,63,2,3,1,1,1,0,690,11904961,2114
Porto Alegre,33,1,1,0,1,1,0,220,1388794,900
São Paulo,40,1,1,0,11,0,0,370,11904961,3400
Belo Horizonte,180,3,3,2,4,1,1,350,2415872,2800
São Paulo,56,2,2,1,2,0,0,542,11904961,1510
São Paulo,250,4,2,8,0,1,0,0,11904961,13040
Belo Horizonte,400,4,3,3,0,0,0,0,2415872,7000
Rio de Janeiro,200,4,3,1,1,0,1,2400,6730729,6800
São Paulo,200,3,3,2,7,1,0,4200,11904961,7225
São Paulo,63,2,2,1,7,0,0,250,11904961,2500
São Paulo,54,1,1,1,8,1,1,1250,11904961,3850
São Paulo,80,3,2,3,1,1,0,1150,11904961,1615
Rio de Janeiro,110,3,1,1,1,1,0,1000,6730729,3000
São Paulo,88,2,3,2,11,1,0,980,11904961,6835
Belo Horizonte,90,3,2,1,0,0,0,0,2415872,1890
São Paulo,291,4,3,2,1,1,0,2600,11904961,5400
Porto Alegre,48,2,1,1,1,1,0,410,1388794,1400
Campinas,70,2,1,2,5,1,0,771,1187974,2100
São Paulo,193,4,4,4,3,0,0,1700,11904961,9000
São Paulo,170,4,4,3,12,1,1,4000,11904961,1440
São Paulo,86,1,2,1,13,1,1,1800,11904961,6500
Campinas,50,1,1,1,4,1,0,400,1187974,700
Rio de Janeiro,40,1,1,0,1,1,0,295,6730729,1100
São Paulo,72,2,2,1,7,1,0,864,11904961,2500
São Paulo,47,1,1,0,4,0,0,100,11904961,1000
Rio de Janeiro,55,1,1,0,7,0,0,795,6730729,2410
Belo Horizonte,462,4,6,0,9,1,1,1320,2415872,7600
Belo Horizonte,280,4,4,3,10,1,0,1000,2415872,6500
São Paulo,230,6,4,8,0,1,0,0,11904961,10000
Belo Horizonte,100,3,2,3,15,1,0,880,2415872,2300
São Paulo,69,2,1,1,3,1,0,733,11904961,1400
São Paulo,50,2,1,1,7,0,0,800,11904961,3400
São Paulo,71,3,2,2,11,1,1,630,11904961,2190
São Paulo,163,3,4,3,13,1,1,2900,11904961,3000
Rio de Janeiro,450,4,5,3,11,0,0,2600,6730729,7500
Porto Alegre,29,1,1,0,11,0,0,250,1388794,1042
Rio de Janeiro,70,2,2,0,2,1,0,950,6730729,2140
São Paulo,40,1,1,0,0,0,0,180,11904961,850
Porto Alegre,22,1,1,0,6,1,0,180,1388794,800
São Paulo,299,4,5,4,8,1,0,3103,11904961,6300
São Paulo,440,6,7,0,0,1,0,0,11904961,5950
São Paulo,330,4,5,5,13,1,0,4913,11904961,3911
Porto Alegre,600,3,4,4,0,1,0,0,1388794,3300
Rio de Janeiro,195,3,3,0,8,1,1,1300,6730729,10000
São Paulo,62,3,2,1,9,1,0,500,11904961,2000
São Paulo,230,3,6,5,18,1,1,2200,11904961,11050
São Paulo,64,2,1,1,9,1,0,400,11904961,1090
Campinas,60,2,1,1,3,1,0,470,1187974,1400
Rio de Janeiro,76,2,2,2,7,0,0,1250,6730729,3300
São Paulo,230,3,3,1,3,1,0,1580,11904961,5800
São Paulo,200,2,2,1,0,1,0,0,11904961,2300
Rio de Janeiro,25,1,1,0,2,0,1,0,6730729,1800
Belo Horizonte,100,3,3,2,2,1,0,1200,2415872,3000
São Paulo,382,4,4,4,5,1,0,2190,11904961,3200
São Paulo,68,3,1,1,9,1,0,430,11904961,1450
Belo Horizonte,120,4,2,0,1,1,0,0,2415872,1800
São Paulo,85,2,1,1,1,1,0,400,11904961,1600
São Paulo,108,3,2,2,3,0,0,823,11904961,3000
Rio de Janeiro,100,3,2,0,3,0,1,1250,6730729,2900
São Paulo,42,1,1,0,10,1,1,420,11904961,1700
Porto Alegre,336,3,4,3,0,1,0,2000,1388794,12500
Belo Horizonte,200,4,3,2,0,1,0,0,2415872,13000
Belo Horizonte,50,2,1,0,0,0,0,0,2415872,750
São Paulo,30,1,1,0,2,1,0,300,11904961,1550
São Paulo,35,1,1,1,17,1,0,350,11904961,1950
Rio de Janeiro,100,2,2,0,1,1,0,1550,6730729,2956
São Paulo,112,1,2,2,7,1,1,0,11904961,8389
São Paulo,40,1,1,1,5,1,1,766,11904961,2156
São Paulo,58,2,1,1,1,1,0,1077,11904961,1900
São Paulo,250,3,4,4,15,1,0,2530,11904961,4000
Porto Alegre,62,2,1,0,0,0,0,80,1388794,1250
São Paulo,65,2,2,0,2,1,0,450,11904961,2200
Belo Horizonte,120,4,3,2,3,1,0,0,2415872,3250
São Paulo,22,1,1,0,6,0,0,470,11904961,1800
São Paulo,102,3,2,1,4,1,1,800,11904961,3200
São Paulo,500,4,5,6,0,0,0,3,11904961,7225
São Paulo,79,3,2,2,11,1,0,1200,11904961,2600
São Paulo,23,1,1,0,26,1,0,399,11904961,2150
São Paulo,360,3,5,3,13,1,0,4300,11904961,8500
Campinas,470,4,4,0,0,1,1,690,1187974,3700
Rio de Janeiro,70,2,1,1,15,1,0,450,6730729,1300
São Paulo,450,5,5,6,0,1,0,0,11904961,9500
São Paulo,73,1,2,2,21,1,1,1000,11904961,3500
São Paulo,204,4,5,3,10,0,0,1900,11904961,8000
São Paulo,400,9,4,4,0,1,0,100,11904961,12000
Belo Horizonte,115,2,2,1,2,0,0,350,2415872,1400
São Paulo,111,3,4,2,1,0,0,680,11904961,4000
Campinas,120,4,3,8,0,1,0,0,1187974,4500
São Paulo,65,2,2,1,1,1,0,643,11904961,2300
São Paulo,39,1,1,1,1,1,1,1144,11904961,2500
Porto Alegre,70,2,1,0,3,1,0,300,1388794,1400
São Paulo,35,1,1,0,15,1,0,300,11904961,1500
São Paulo,60,2,3,2,6,0,0,730,11904961,1100
Campinas,50,2,1,1,1,1,0,430,1187974,680
São Paulo,221,3,5,4,9,1,0,1554,11904961,10850
São Paulo,130,2,2,1,0,1,0,1100,11904961,4300
São Paulo,310,4,3,3,11,1,0,3500,11904961,8000
São Paulo,33,1,1,0,16,1,0,350,11904961,1500
Belo Horizonte,45,1,1,0,0,0,0,75,2415872,800
Campinas,45,1,1,1,4,0,0,417,1187974,850
São Paulo,105,2,1,2,10,1,0,870,11904961,2360
Belo Horizonte,280,4,2,3,3,0,0,1800,2415872,3500
São Paulo,50,1,1,1,6,0,1,1450,11904961,2500
Rio de Janeiro,30,1,1,0,2,1,0,800,6730729,1250
São Paulo,50,2,1,1,1,1,0,550,11904961,1450
Porto Alegre,70,2,1,1,8,1,1,520,1388794,1900
Belo Horizonte,30,1,1,0,3,0,0,0,2415872,1500
São Paulo,132,4,4,3,8,1,0,2170,11904961,2400
Rio de Janeiro,250,2,3,2,0,1,0,0,6730729,3500
São Paulo,147,4,2,2,0,1,0,0,11904961,2100
Belo Horizonte,159,3,3,3,7,1,1,2000,2415872,7100
São Paulo,230,3,3,4,12,1,1,2300,11904961,3200
Campinas,75,3,2,2,5,1,0,480,1187974,1450
Rio de Janeiro,250,7,3,0,0,1,0,0,6730729,15000
São Paulo,620,4,5,5,8,1,0,7963,11904961,15000
São Paulo,118,3,2,4,1,1,0,850,11904961,2250
Porto Alegre,440,3,3,3,8,0,0,100,1388794,10500
Porto Alegre,55,2,1,0,3,0,0,290,1388794,1195
São Paulo,482,4,4,4,0,1,0,0,11904961,9180
São Paulo,550,5,6,0,0,1,1,0,11904961,15000
São Paulo,55,2,1,1,6,1,1,815,11904961,3000
Rio de Janeiro,140,4,2,1,11,1,0,2000,6730729,3500
Rio de Janeiro,28,1,1,0,6,1,1,580,6730729,1850
Porto Alegre,103,3,1,3,0,1,1,0,1388794,2200
São Paulo,53,2,1,1,8,1,0,380,11904961,1270
São Paulo,300,4,7,4,1,1,0,3000,11904961,9800
São Paulo,190,4,4,3,23,1,1,1100,11904961,7110
São Paulo,99,2,1,1,0,1,0,0,11904961,3650
São Paulo,84,3,2,2,10,1,0,950,11904961,1600
São Paulo,161,4,3,3,0,1,0,0,11904961,3600
São Paulo,53,2,1,1,5,1,0,690,11904961,950
Rio de Janeiro,16,1,1,0,9,1,1,480,6730729,1390
São Paulo,36,1,1,1,1,1,0,465,11904961,3000
Rio de Janeiro,50,1,1,1,1,1,0,806,6730729,2300
Porto Alegre,70,3,1,1,9,0,0,325,1388794,1800
São Paulo,105,3,2,2,5,1,0,1661,11904961,1000
São Paulo,30,1,1,0,7,0,0,545,11904961,1350
São Paulo,216,4,4,3,3,0,1,3500,11904961,8000
Belo Horizonte,50,3,1,1,4,1,0,210,2415872,1250
São Paulo,250,3,4,2,1,0,0,2400,11904961,7000
São Paulo,230,3,3,2,0,1,0,0,11904961,2460
Porto Alegre,150,3,3,0,2,0,1,1140,1388794,4740
São Paulo,110,3,2,0,1,1,1,478,11904961,2200
São Paulo,193,4,3,3,10,1,1,3000,11904961,13100
São Paulo,114,2,2,2,15,1,1,1200,11904961,4998
Porto Alegre,92,2,2,1,8,0,1,800,1388794,1900
São Paulo,75,3,3,0,12,1,0,650,11904961,2660
São Paulo,270,2,2,3,0,1,0,1,11904961,1429
Campinas,80,2,2,1,8,1,1,860,1187974,2000
Porto Alegre,90,4,2,1,3,0,0,400,1388794,2142
Rio de Janeiro,130,3,3,1,2,1,0,900,6730729,2500
São Paulo,40,1,1,0,0,0,1,0,11904961,860
São Paulo,60,2,2,1,6,1,0,650,11904961,2127
Porto Alegre,64,1,1,1,6,1,0,400,1388794,1500
Rio de Janeiro,80,2,1,1,3,1,1,2500,6730729,8000
São Paulo,45,1,1,1,0,0,0,405,11904961,800
São Paulo,60,2,2,1,22,0,1,550,11904961,4000
São Paulo,277,3,2,1,11,1,0,2332,11904961,7800
São Paulo,57,1,1,0,6,1,1,300,11904961,6000
São Paulo,73,3,2,2,4,1,0,650,11904961,2500
São Paulo,36,1,1,0,9,1,0,385,11904961,2150
Belo Horizonte,88,2,3,2,8,0,0,300,2415872,1450
São Paulo,197,4,3,1,3,1,0,2640,11904961,2800
Belo Horizonte,175,3,2,2,9,1,0,896,2415872,2400
São Paulo,400,4,4,4,9,1,0,4700,11904961,9000
São Paulo,260,3,4,3,0,1,0,0,11904961,5000
São Paulo,190,3,3,4,0,1,1,1,11904961,4500
Rio de Janeiro,65,1,1,0,1,1,0,350,6730729,1800
São Paulo,136,3,3,2,8,0,1,1535,11904961,8900
São Paulo,96,3,3,2,8,1,0,866,11904961,1710
Belo Horizonte,155,4,1,2,4,1,0,550,2415872,3350
Rio de Janeiro,144,3,2,0,2,1,1,1575,6730729,5500
São Paulo,135,3,3,2,7,0,0,1500,11904961,13800
São Paulo,25,1,1,0,0,0,0,0,11904961,1000
Rio de Janeiro,55,2,1,0,4,1,0,833,6730729,2200
São Paulo,250,3,3,2,0,0,1,0,11904961,7000
São Paulo,66,2,1,1,5,0,0,834,11904961,2140
Belo Horizonte,240,4,4,6,13,0,0,1700,2415872,15000
São Paulo,176,4,5,0,1,1,1,1350,11904961,9500
Rio de Janeiro,88,3,2,1,6,1,0,1586,6730729,3500
Rio de Janeiro,70,2,1,1,9,1,0,700,6730729,2600
São Paulo,127,2,2,3,0,1,0,0,11904961,2600
São Paulo,201,3,5,3,2,0,1,2550,11904961,10000
Campinas,60,2,1,1,8,0,1,500,1187974,3250
São Paulo,42,1,1,1,7,0,1,743,11904961,2800
Porto Alegre,65,2,1,1,2,1,0,135,1388794,1400
Rio de Janeiro,118,3,2,0,4,0,0,1650,6730729,2550
São Paulo,98,3,5,1,10,1,0,750,11904961,5510
São Paulo,505,3,5,0,12,0,0,4906,11904961,8600
Rio de Janeiro,110,3,1,2,7,1,0,1300,6730729,5000
Porto Alegre,75,2,2,1,3,1,1,583,1388794,2100
Porto Alegre,93,2,1,0,4,0,0,645,1388794,800
São Paulo,230,4,6,4,12,1,0,2850,11904961,3000
Belo Horizonte,300,4,3,3,8,1,0,2059,2415872,5000
Belo Horizonte,80,3,2,2,8,1,0,230,2415872,1450
São Paulo,144,4,4,4,3,1,0,1900,11904961,4900
São Paulo,299,3,3,3,1,1,0,2689,11904961,1942
São Paulo,168,4,3,3,5,1,0,2128,11904961,13000
Rio de Janeiro,120,3,2,0,7,1,0,1150,6730729,1450
São Paulo,135,3,2,1,0,1,0,0,11904961,2900
Rio de Janeiro,39,1,1,0,3,1,0,380,6730729,980
São Paulo,211,2,2,2,0,1,0,1,11904961,4500
Porto Alegre,160,2,3,2,0,1,1,800,1388794,5200
São Paulo,60,2,1,1,5,1,0,662,11904961,1150
Campinas,45,1,1,1,9,0,1,492,1187974,1900
São Paulo,120,3,3,2,0,1,0,0,11904961,2900
Campinas,136,4,5,3,6,1,1,1253,1187974,3579
São Paulo,140,2,2,2,8,1,1,880,11904961,3990
São Paulo,380,4,5,4,5,1,1,4180,11904961,4080
São Paulo,62,2,1,1,13,1,0,543,11904961,2200
São Paulo,35,1,1,1,5,0,1,444,11904961,3290
São Paulo,100,4,3,0,4,1,1,1060,11904961,4280
Campinas,60,1,1,1,0,1,0,0,1187974,1300
Rio de Janeiro,95,2,1,0,0,1,0,100,6730729,2000
Belo Horizonte,255,3,2,4,0,0,0,0,2415872,2800
Campinas,180,3,3,3,7,1,0,2400,1187974,7600
São Paulo,59,2,1,1,12,1,0,480,11904961,1510
São Paulo,420,3,3,4,7,1,0,8043,11904961,12000
São Paulo,125,3,3,3,1,1,0,2076,11904961,5000
São Paulo,80,2,1,0,1,1,0,0,11904961,1800
Campinas,37,1,1,0,4,0,1,382,1187974,742
São Paulo,110,3,3,2,18,1,0,1160,11904961,2200
São Paulo,150,4,2,2,0,1,0,0,11904961,3100
Rio de Janeiro,31,1,1,0,5,0,0,630,6730729,1750
São Paulo,100,2,2,0,1,0,0,0,11904961,1710
Rio de Janeiro,56,2,2,0,1,0,1,610,6730729,2500
São Paulo,166,2,1,5,0,1,1,0,11904961,2200
Porto Alegre,129,3,3,0,2,1,0,1800,1388794,3800
São Paulo,80,3,1,0,0,1,0,0,11904961,6000
São Paulo,204,3,2,2,2,1,0,3550,11904961,7000
São Paulo,303,3,3,4,4,1,1,4911,11904961,10250
São Paulo,221,4,4,4,17,0,0,3100,11904961,12830
Porto Alegre,75,3,1,0,3,1,0,400,1388794,1080
Campinas,44,1,1,0,4,1,0,417,1187974,520
São Paulo,50,2,1,1,8,1,0,580,11904961,1100
São Paulo,95,3,3,2,16,0,1,900,11904961,3150
Porto Alegre,75,2,1,0,10,1,1,282,1388794,1020
São Paulo,48,1,1,1,6,1,0,500,11904961,2200
Belo Horizonte,114,3,2,2,8,0,0,784,2415872,3500
Campinas,75,2,2,2,6,1,0,730,1187974,2000
São Paulo,220,3,3,2,14,0,1,1499,11904961,6300
São Paulo,100,4,3,2,2,1,0,1027,11904961,2500
Rio de Janeiro,380,3,4,3,13,0,1,3000,6730729,15000
Rio de Janeiro,50,1,1,0,8,0,1,2300,6730729,1850
Belo Horizonte,50,2,1,0,0,0,0,0,2415872,1050
Rio de Janeiro,80,2,1,1,5,1,0,1180,6730729,2400
Belo Horizonte,45,1,1,1,2,0,1,300,2415872,3000
São Paulo,250,3,3,2,7,1,0,3500,11904961,12750
São Paulo,44,1,1,1,6,0,0,308,11904961,3300
São Paulo,50,2,1,1,3,1,0,700,11904961,4500
São Paulo,156,3,4,2,2,1,0,1800,11904961,2000
São Paulo,42,1,1,1,2,1,0,700,11904961,2326
Campinas,570,4,6,5,0,1,0,0,1187974,12000
Campinas,67,2,1,0,0,1,0,0,1187974,880
São Paulo,264,4,4,6,0,1,0,0,11904961,6440
São Paulo,350,3,4,4,0,1,0,0,11904961,3100
São Paulo,54,2,2,1,12,1,0,954,11904961,2800
Rio de Janeiro,400,2,2,1,7,1,0,700,6730729,2300
Belo Horizonte,420,4,3,8,0,1,0,0,2415872,6320
Belo Horizonte,50,1,1,0,1,1,0,0,2415872,750
São Paulo,93,2,1,1,1,1,0,390,11904961,2150
São Paulo,350,4,4,2,0,1,0,0,11904961,10000
São Paulo,135,3,3,2,14,1,1,946,11904961,2690
São Paulo,32,1,1,0,1,0,0,26,11904961,1290
Rio de Janeiro,52,1,1,1,3,1,1,584,6730729,2390
São Paulo,250,3,4,2,10,1,0,2900,11904961,10000
São Paulo,60,1,2,2,6,1,0,700,11904961,3000
Campinas,109,3,1,1,11,1,0,903,1187974,1150
São Paulo,200,3,3,1,8,1,0,1687,11904961,5800
São Paulo,38,1,1,1,13,1,1,300,11904961,2400
Porto Alegre,30,1,1,1,1,0,1,0,1388794,1330
São Paulo,215,3,4,4,10,1,0,3313,11904961,12000
São Paulo,340,4,6,4,6,1,0,5500,11904961,9600
Rio de Janeiro,30,1,1,0,4,1,1,400,6730729,2900
São Paulo,850,4,4,8,0,1,0,0,11904961,12000
São Paulo,90,3,2,1,9,1,0,1000,11904961,1800
São Paulo,180,3,4,4,22,1,0,1545,11904961,12000
Rio de Janeiro,60,1,1,1,1,1,0,650,6730729,2165
São Paulo,50,2,1,1,7,1,0,400,11904961,1850
São Paulo,280,3,3,2,0,1,0,0,11904961,3500
São Paulo,48,1,1,1,3,1,0,660,11904961,3300
São Paulo,42,1,1,0,6,1,1,345,11904961,1800
Campinas,210,3,3,0,0,1,0,0,1187974,3050
Campinas,70,2,2,1,0,1,0,0,1187974,1400
Belo Horizonte,100,3,2,0,0,0,0,0,2415872,12000
São Paulo,520,4,6,4,0,1,0,0,11904961,15000
São Paulo,253,3,3,4,3,1,0,3172,11904961,4500
Belo Horizonte,60,1,1,0,8,1,0,340,2415872,950
São Paulo,210,3,2,3,0,1,0,0,11904961,2860
São Paulo,66,2,1,1,3,1,0,1141,11904961,1650
São Paulo,190,3,3,4,0,1,1,1800,11904961,12500
Rio de Janeiro,157,3,2,1,2,1,0,2499,6730729,4500
Belo Horizonte,40,1,1,2,11,1,0,488,2415872,1600
Belo Horizonte,100,3,2,2,11,1,0,978,2415872,1500
Campinas,238,4,5,4,10,1,1,1800,1187974,5000
Belo Horizonte,102,3,2,2,6,1,0,1150,2415872,1100
Campinas,188,2,3,8,0,1,0,0,1187974,2930
São Paulo,250,3,3,2,3,1,0,1900,11904961,9500
Rio de Janeiro,139,2,2,1,10,1,1,1000,6730729,1300
Porto Alegre,125,3,2,2,3,1,1,1000,1388794,7700
São Paulo,40,1,1,0,0,0,0,0,11904961,1200
São Paulo,65,2,2,1,15,0,1,1072,11904961,7500
Campinas,68,3,2,2,9,1,0,568,1187974,1500
São Paulo,85,2,1,0,1,1,0,720,11904961,3100
São Paulo,200,2,5,2,2,0,1,2448,11904961,15000
Rio de Janeiro,94,3,1,1,7,1,1,750,6730729,2600
Campinas,105,3,2,2,0,1,0,0,1187974,2000
Porto Alegre,67,1,1,0,2,1,0,220,1388794,950
São Paulo,104,3,3,2,3,0,1,915,11904961,9000
São Paulo,50,2,1,1,12,1,0,462,11904961,1900
Rio de Janeiro,145,3,3,0,5,1,0,1000,6730729,4500
São Paulo,225,3,2,2,0,1,0,0,11904961,2300
São Paulo,170,4,5,3,14,1,1,1927,11904961,5200
São Paulo,30,1,1,1,7,0,0,1959,11904961,1630
Campinas,75,2,2,1,11,1,0,500,1187974,1189
São Paulo,250,4,4,3,6,1,0,2360,11904961,6970
São Paulo,120,3,2,0,1,1,0,0,11904961,2500
Rio de Janeiro,45,1,1,0,6,1,0,560,6730729,1901
Rio de Janeiro,225,4,4,3,7,0,0,4799,6730729,7500
São Paulo,245,4,5,4,19,1,1,2863,11904961,7000
Porto Alegre,50,1,1,0,10,1,0,250,1388794,1350
São Paulo,350,3,4,2,0,1,1,0,11904961,7000
Rio de Janeiro,117,3,4,1,2,1,0,0,6730729,4870
Belo Horizonte,80,1,2,0,2,1,0,150,2415872,1100
São Paulo,340,3,4,5,20,1,0,4500,11904961,9800
São Paulo,60,2,1,0,3,1,0,400,11904961,1000
São Paulo,250,3,2,8,0,1,0,0,11904961,5950
São Paulo,45,1,1,0,0,0,0,0,11904961,1160
São Paulo,57,2,1,1,3,1,0,625,11904961,1100
São Paulo,30,1,1,1,8,0,1,658,11904961,3500
Campinas,70,2,2,1,9,1,0,300,1187974,1500
São Paulo,55,2,2,1,5,1,0,380,11904961,1850
São Paulo,35,1,1,0,0,0,0,0,11904961,1800
São Paulo,75,3,2,2,3,1,0,600,11904961,2150
São Paulo,156,3,3,5,0,0,0,0,11904961,4000
Belo Horizonte,90,2,1,1,4,1,0,400,2415872,1500
Rio de Janeiro,90,3,2,2,2,1,1,850,6730729,2500
Rio de Janeiro,200,3,2,2,3,1,0,1650,6730729,15000
São Paulo,86,2,1,1,1,1,0,960,11904961,2372
São Paulo,60,1,1,1,19,1,0,590,11904961,3500
Porto Alegre,50,1,1,0,1,1,0,190,1388794,990
São Paulo,108,3,2,2,6,1,0,1200,11904961,5600
São Paulo,48,1,1,1,3,1,0,433,11904961,2630
São Paulo,100,3,2,1,9,1,1,890,11904961,6502
Campinas,48,1,1,0,4,0,0,400,1187974,800
Porto Alegre,67,2,1,1,8,1,0,500,1388794,1550
Rio de Janeiro,120,3,3,0,6,0,1,1200,6730729,9240
São Paulo,250,4,4,3,0,1,0,0,11904961,3824
São Paulo,49,1,1,1,5,1,0,430,11904961,1760
São Paulo,140,1,2,2,1,0,1,1400,11904961,4500
São Paulo,105,2,1,2,5,1,1,1300,11904961,3120
Porto Alegre,60,2,1,1,3,1,0,435,1388794,920
São Paulo,300,4,2,4,27,1,0,2960,11904961,10040
São Paulo,93,2,2,1,2,1,0,400,11904961,2500
São Paulo,72,2,2,1,1,1,0,742,11904961,2330
São Paulo,250,3,4,4,0,1,1,0,11904961,4200
Rio de Janeiro,160,4,3,1,4,1,1,1900,6730729,6300
São Paulo,104,2,2,1,6,0,1,1100,11904961,4000
Porto Alegre,66,2,1,1,1,1,0,270,1388794,1000
Belo Horizonte,148,2,3,3,12,1,0,870,2415872,15000
São Paulo,1000,4,2,8,0,1,0,0,11904961,15000
Campinas,120,4,2,1,0,1,0,0,1187974,1500
Porto Alegre,100,3,3,1,5,0,0,700,1388794,3500
Rio de Janeiro,114,2,2,1,7,0,0,1450,6730729,3600
São Paulo,153,3,4,3,17,1,1,2000,11904961,6300
São Paulo,164,3,4,2,13,1,0,2900,11904961,12500
São Paulo,65,2,2,1,0,1,0,0,11904961,2040
Campinas,270,4,5,0,0,0,0,0,1187974,5500
São Paulo,225,4,6,4,4,1,0,2800,11904961,4500
Rio de Janeiro,124,4,2,1,2,1,0,1812,6730729,5900
São Paulo,68,3,1,2,4,1,0,990,11904961,882
São Paulo,96,3,3,2,1,1,0,948,11904961,5100
São Paulo,210,4,4,3,0,1,1,0,11904961,4700
São Paulo,750,4,5,6,0,1,0,0,11904961,13000
São Paulo,70,2,2,2,11,0,1,2847,11904961,2954
São Paulo,33,1,1,1,13,0,1,540,11904961,3300
Belo Horizonte,311,4,3,3,20,0,0,2252,2415872,9000
São Paulo,160,3,2,1,5,1,0,1715,11904961,7700
São Paulo,158,3,3,2,8,1,1,1450,11904961,3000
Campinas,62,2,1,1,3,1,0,485,1187974,980
Belo Horizonte,105,3,2,1,3,0,0,500,2415872,1200
São Paulo,250,3,4,2,5,1,1,2600,11904961,8000
São Paulo,90,3,2,0,9,1,0,930,11904961,2300
São Paulo,295,4,4,4,21,1,0,3700,11904961,9500
São Paulo,133,4,3,0,1,1,0,550,11904961,3550
São Paulo,220,5,5,4,22,1,0,1900,11904961,8880
São Paulo,70,2,1,1,14,1,0,576,11904961,2400
Belo Horizonte,101,3,2,2,2,1,0,958,2415872,2400
Belo Horizonte,320,3,2,5,1,1,0,420,2415872,2900
Belo Horizonte,802,6,6,8,0,1,1,0,2415872,15000
Rio de Janeiro,28,1,1,0,11,0,1,350,6730729,2300
Porto Alegre,35,1,1,0,2,1,0,120,1388794,1170
São Paulo,115,3,1,2,5,1,0,945,11904961,4300
Rio de Janeiro,70,2,2,1,10,1,1,1800,6730729,4200
Rio de Janeiro,157,3,3,2,10,1,0,1620,6730729,3800
Rio de Janeiro,205,2,2,0,12,1,1,1560,6730729,7000
Belo Horizonte,75,3,2,1,2,1,0,225,2415872,1600
São Paulo,126,3,2,2,5,1,0,900,11904961,3650
São Paulo,130,3,2,2,1,1,1,1100,11904961,3500
São Paulo,360,5,4,0,7,0,0,4800,11904961,3000
São Paulo,102,2,1,0,1,1,0,200,11904961,1700
São Paulo,290,3,3,1,5,1,0,2500,11904961,2500
São Paulo,47,2,1,1,1,0,0,500,11904961,1150
São Paulo,130,2,1,1,1,1,0,0,11904961,2200
Porto Alegre,75,3,2,1,2,1,0,240,1388794,1500
São Paulo,25,1,1,1,16,0,1,344,11904961,2200
São Paulo,36,1,1,0,3,1,1,450,11904961,2500
Belo Horizonte,260,4,3,3,4,1,1,2650,2415872,3300
Rio de Janeiro,140,4,3,1,8,1,0,2173,6730729,7500
São Paulo,400,4,3,2,0,1,0,0,11904961,5650
São Paulo,47,1,1,0,2,1,0,198,11904961,1490
Rio de Janeiro,240,4,4,2,2,1,1,3690,6730729,12500
São Paulo,800,4,2,6,0,1,1,0,11904961,15000
São Paulo,160,3,4,2,3,1,0,2462,11904961,8500
Rio de Janeiro,103,3,1,0,2,1,0,1300,6730729,3500
São Paulo,55,2,2,1,17,0,0,700,11904961,1680
São Paulo,300,4,4,5,11,1,0,3150,11904961,11000
São Paulo,67,1,1,1,1,1,0,759,11904961,3120
São Paulo,175,3,5,3,15,1,0,2312,11904961,7650
Rio de Janeiro,100,2,3,1,7,1,1,700,6730729,3170
Campinas,80,3,1,0,6,1,0,500,1187974,1000
Rio de Janeiro,60,2,1,1,4,1,0,750,6730729,1300
Rio de Janeiro,154,3,2,0,2,1,1,1200,6730729,12000
São Paulo,120,3,3,3,11,1,0,1800,11904961,2500
Campinas,160,2,1,2,0,1,0,0,1187974,3950
Belo Horizonte,105,3,2,2,3,1,0,1174,2415872,3700
São Paulo,110,2,2,0,0,0,1,0,11904961,3500
São Paulo,60,3,1,0,3,1,0,550,11904961,1700
Rio de Janeiro,80,2,1,0,2,0,0,30,6730729,2900
São Paulo,22,1,1,0,1,0,1,300,11904961,900
Porto Alegre,93,3,1,0,1,0,0,644,1388794,2400
Belo Horizonte,263,3,4,4,15,1,0,2565,2415872,13000
São Paulo,150,3,1,2,0,1,0,0,11904961,3600
São Paulo,250,4,2,1,0,1,1,0,11904961,3500
São Paulo,510,4,6,4,9,1,1,5300,11904961,5000
São Paulo,57,2,2,2,10,1,0,900,11904961,1950
Campinas,58,2,1,1,1,1,1,400,1187974,2400
Belo Horizonte,200,3,3,1,2,1,0,0,2415872,2100
São Paulo,387,4,6,4,1,1,0,5200,11904961,6400
Rio de Janeiro,200,4,2,2,0,1,0,0,6730729,4500
Porto Alegre,52,2,1,1,4,0,0,450,1388794,900
São Paulo,275,3,3,1,11,1,1,886,11904961,8850
Rio de Janeiro,76,2,2,2,8,1,0,780,6730729,2740
São Paulo,70,1,2,6,0,1,0,0,11904961,3290
Porto Alegre,68,3,2,1,4,1,1,586,1388794,2200
São Paulo,108,2,2,1,9,1,0,1726,11904961,5500
Porto Alegre,114,3,1,0,3,1,0,210,1388794,1700
Porto Alegre,90,2,2,1,2,1,0,300,1388794,1900
Rio de Janeiro,20,1,1,0,5,1,0,450,6730729,500
Belo Horizonte,51,3,1,1,2,1,0,170,2415872,1000
Belo Horizonte,550,5,5,3,0,1,0,0,2415872,14000
Porto Alegre,36,1,1,1,4,1,0,350,1388794,650
São Paulo,230,3,4,4,6,0,0,3350,11904961,11500
São Paulo,35,1,1,1,0,1,0,0,11904961,1500
Porto Alegre,700,8,8,4,0,1,0,0,1388794,12000
São Paulo,140,3,2,1,1,1,1,700,11904961,6000
Porto Alegre,77,2,2,2,4,1,0,450,1388794,2000
São Paulo,75,2,1,1,2,1,0,532,11904961,1500
Porto Alegre,110,4,1,1,3,1,0,600,1388794,2200
Rio de Janeiro,29,1,1,0,2,1,1,566,6730729,1341
Rio de Janeiro,84,3,1,1,3,1,0,300,6730729,1500
São Paulo,132,3,5,2,13,0,1,1630,11904961,10990
Rio de Janeiro,170,2,2,1,7,1,0,1300,6730729,4900
Porto Alegre,26,1,1,0,1,1,0,250,1388794,800
Belo Horizonte,114,2,2,1,3,1,0,850,2415872,1600
Rio de Janeiro,68,2,2,1,16,1,0,554,6730729,2000
Campinas,82,1,1,1,0,1,0,290,1187974,1200
Belo Horizonte,30,1,1,0,1,0,0,0,2415872,1200
Porto Alegre,69,2,2,1,9,1,0,380,1388794,2100
São Paulo,33,1,1,1,19,0,1,400,11904961,3413
São Paulo,84,2,2,1,14,1,0,782,11904961,5300
Campinas,620,5,6,4,17,1,0,7400,1187974,4860
São Paulo,90,3,2,1,10,1,0,1686,11904961,3090
São Paulo,284,4,5,5,0,1,0,0,11904961,5500
Campinas,268,3,4,4,0,1,0,790,1187974,3500
São Paulo,100,3,4,4,0,1,0,0,11904961,3600
Rio de Janeiro,24,1,1,1,11,1,0,480,6730729,1420
São Paulo,64,2,1,1,24,0,0,592,11904961,1817
São Paulo,34,1,1,1,14,1,0,497,11904961,2800
Rio de Janeiro,86,2,1,0,3,1,1,1000,6730729,2400
São Paulo,54,1,1,1,18,1,0,800,11904961,7500
Belo Horizonte,128,3,2,2,2,1,0,580,2415872,1400
Belo Horizonte,250,2,3,2,0,1,0,0,2415872,3500
Campinas,295,7,6,4,0,0,1,0,1187974,6200
Rio de Janeiro,80,3,2,1,8,1,0,840,6730729,2500
São Paulo,500,3,3,5,0,1,1,0,11904961,15000
São Paulo,120,1,2,0,0,1,0,0,11904961,761
Campinas,136,3,2,1,6,1,0,545,1187974,1274
Rio de Janeiro,170,3,2,2,13,1,1,1027,6730729,2500
Belo Horizonte,386,3,4,8,0,1,0,0,2415872,6500
São Paulo,550,4,6,4,1,1,1,3200,11904961,14000
São Paulo,384,3,5,3,0,1,0,0,11904961,10000
Porto Alegre,48,1,1,0,4,1,0,250,1388794,750
São Paulo,98,2,1,1,4,1,0,1028,11904961,3080
Belo Horizonte,50,2,1,1,1,1,0,300,2415872,1100
São Paulo,53,2,2,1,9,0,0,722,11904961,2100
São Paulo,32,1,1,0,1,1,0,400,11904961,1990
São Paulo,47,1,2,1,11,1,0,740,11904961,3200
São Paulo,65,2,1,1,3,1,0,340,11904961,1440
São Paulo,56,1,1,2,7,0,1,1300,11904961,3958
Rio de Janeiro,140,2,2,1,5,0,0,1600,6730729,3950
São Paulo,45,1,1,0,1,0,0,0,11904961,1100
São Paulo,70,2,2,0,2,1,1,1439,11904961,5500
São Paulo,120,2,3,2,5,1,1,1800,11904961,11500
Rio de Janeiro,90,2,2,0,5,1,0,1700,6730729,3700
Porto Alegre,25,1,1,0,3,1,0,143,1388794,2000
São Paulo,198,4,2,0,0,1,0,0,11904961,4000
Rio de Janeiro,80,2,2,1,4,0,1,700,6730729,5000
São Paulo,40,1,1,1,5,0,0,440,11904961,2800
Belo Horizonte,53,2,1,1,2,1,0,200,2415872,1000
Rio de Janeiro,75,2,2,1,8,1,0,682,6730729,2300
Rio de Janeiro,60,2,1,0,2,1,0,500,6730729,1300
São Paulo,142,3,2,2,6,1,1,2100,11904961,5440
Rio de Janeiro,160,3,2,2,3,1,0,2311,6730729,7609
Rio de Janeiro,26,1,1,0,9,1,0,976,6730729,1600
São Paulo,81,1,1,1,8,1,0,600,11904961,1150
Rio de Janeiro,50,1,1,0,2,1,1,564,6730729,1900
São Paulo,298,4,6,5,0,1,1,0,11904961,8450
Campinas,55,2,1,1,1,1,0,390,1187974,720
Rio de Janeiro,82,2,1,1,2,1,0,800,6730729,1500
São Paulo,40,1,1,1,10,0,1,2100,11904961,2200
Belo Horizonte,106,3,2,2,8,1,0,1400,2415872,2400
São Paulo,335,4,5,5,7,1,0,5000,11904961,4913
São Paulo,60,2,2,1,10,1,0,750,11904961,3400
São Paulo,128,3,2,1,5,1,0,1000,11904961,3297
São Paulo,250,3,2,4,0,1,0,0,11904961,6000
São Paulo,500,4,4,5,0,1,1,0,11904961,9240
São Paulo,120,3,3,2,0,1,0,0,11904961,2750
São Paulo,300,4,4,4,3,1,0,3000,11904961,6500
Rio de Janeiro,33,1,1,0,2,0,1,0,6730729,2110
São Paulo,177,3,3,4,0,1,0,0,11904961,4000
Rio de Janeiro,126,3,2,1,6,1,0,1105,6730729,2350
São Paulo,287,4,5,4,5,1,0,3311,11904961,3800
São Paulo,250,3,4,4,0,1,0,0,11904961,8000
Belo Horizonte,200,3,3,3,0,1,1,200,2415872,4700
Belo Horizonte,235,4,2,4,0,1,0,0,2415872,4700
São Paulo,247,3,4,5,0,1,1,750,11904961,3400
São Paulo,100,2,1,0,0,1,0,0,11904961,1800
Rio de Janeiro,230,3,2,1,0,1,0,0,6730729,3260
São Paulo,350,4,5,4,0,1,1,4300,11904961,11000
São Paulo,600,4,6,5,13,1,0,7200,11904961,6000
São Paulo,187,3,2,3,0,0,1,1700,11904961,8400
Rio de Janeiro,32,1,1,0,4,1,0,700,6730729,3000
São Paulo,40,1,1,0,0,1,0,0,11904961,920
São Paulo,20,1,1,0,1,0,0,0,11904961,1000
São Paulo,250,5,4,3,0,1,0,0,11904961,3520
São Paulo,210,4,4,4,8,0,0,3000,11904961,5000
Campinas,46,1,1,1,5,1,1,1300,1187974,1950
São Paulo,104,3,3,2,8,0,0,1400,11904961,4000
São Paulo,32,1,1,0,6,1,0,350,11904961,1600
Porto Alegre,115,3,2,2,4,1,0,1264,1388794,4500
São Paulo,64,2,1,1,8,1,1,800,11904961,2500
São Paulo,280,4,6,5,28,1,0,1800,11904961,11500
São Paulo,80,2,1,1,6,1,0,400,11904961,1500
São Paulo,98,2,2,0,8,1,0,600,11904961,4500
São Paulo,70,2,2,1,2,1,0,410,11904961,1800
Campinas,40,1,1,1,1,1,0,790,1187974,1300
Campinas,200,3,2,3,0,1,0,0,1187974,2000
Campinas,600,4,6,3,0,1,0,1123,1187974,5500
São Paulo,65,2,2,1,20,1,1,1800,11904961,4900
São Paulo,320,4,5,3,0,1,0,0,11904961,5000
São Paulo,50,2,1,1,2,0,0,600,11904961,1150
Porto Alegre,42,1,1,1,1,1,1,650,1388794,2400
Porto Alegre,71,2,1,0,0,1,0,280,1388794,1600
São Paulo,50,1,1,0,2,0,0,150,11904961,720
Belo Horizonte,160,3,3,2,2,1,0,150,2415872,1700
Porto Alegre,70,2,1,0,3,1,0,350,1388794,1500
São Paulo,187,3,4,3,14,1,0,1700,11904961,14000
São Paulo,186,4,5,4,11,1,0,1550,11904961,4100
Campinas,76,2,1,0,2,1,0,300,1187974,700
São Paulo,50,2,1,1,2,0,1,399,11904961,1650
São Paulo,260,4,5,4,9,1,1,2014,11904961,3300
Belo Horizonte,200,4,3,2,0,1,0,0,2415872,15000
São Paulo,130,2,2,2,3,1,0,1752,11904961,6200
Porto Alegre,78,2,1,0,2,1,0,280,1388794,1380
Porto Alegre,50,2,1,0,0,0,0,0,1388794,750
Belo Horizonte,476,3,2,2,0,0,0,0,2415872,6100
São Paulo,68,2,2,1,18,1,0,640,11904961,3400
Rio de Janeiro,110,2,2,1,14,1,0,910,6730729,1400
São Paulo,52,2,2,1,5,0,1,903,11904961,4000
São Paulo,360,3,5,3,14,0,0,3000,11904961,12500
Campinas,70,3,2,1,3,1,1,650,1187974,1300
Belo Horizonte,500,4,4,6,0,1,0,0,2415872,15000
Porto Alegre,96,3,1,0,2,1,0,300,1388794,1000
São Paulo,54,2,2,1,11,1,0,954,11904961,2800
São Paulo,41,1,1,1,16,1,1,788,11904961,2387
Rio de Janeiro,130,3,2,1,5,1,0,1300,6730729,2820
São Paulo,87,2,2,1,4,1,0,969,11904961,6675
São Paulo,340,3,5,5,0,1,0,0,11904961,6000
Rio de Janeiro,120,3,1,1,2,1,0,800,6730729,2200
São Paulo,90,2,1,2,0,1,0,0,11904961,1480
São Paulo,55,1,1,1,14,0,1,1000,11904961,4950
Belo Horizonte,160,3,2,2,4,0,0,718,2415872,3100
Belo Horizonte,30,1,1,1,1,0,0,50,2415872,900
Belo Horizonte,103,3,2,1,3,0,0,489,2415872,1400
Belo Horizonte,45,1,1,1,7,0,0,440,2415872,1500
São Paulo,300,4,3,8,0,1,0,0,11904961,4500
São Paulo,72,2,2,2,7,1,0,150,11904961,3700
Porto Alegre,70,3,2,0,2,1,1,300,1388794,2240
Rio de Janeiro,133,1,2,1,6,1,1,1200,6730729,7000
São Paulo,50,2,1,0,3,1,1,372,11904961,1449
Porto Alegre,69,3,1,1,5,1,0,450,1388794,1100
Porto Alegre,42,1,2,1,6,1,0,500,1388794,2000
Belo Horizonte,55,2,2,1,5,1,0,278,2415872,1300
São Paulo,117,3,2,2,10,1,1,870,11904961,2400
São Paulo,56,2,1,1,13,1,0,580,11904961,2540
Rio de Janeiro,50,1,1,1,5,1,0,700,6730729,1000
São Paulo,450,4,6,4,0,1,0,0,11904961,10000
São Paulo,62,3,1,1,8,1,0,750,11904961,1260
São Paulo,300,5,3,1,0,1,0,0,11904961,10000
São Paulo,141,3,3,1,1,1,1,1798,11904961,3800
Porto Alegre,44,1,1,0,1,0,0,210,1388794,950
Rio de Janeiro,40,1,1,0,3,1,0,350,6730729,2400
São Paulo,230,2,1,8,0,1,0,0,11904961,4500
São Paulo,278,4,3,3,3,1,0,3790,11904961,10000
São Paulo,130,3,2,2,0,1,0,0,11904961,3400
São Paulo,264,4,4,4,9,1,0,3200,11904961,14450
Belo Horizonte,93,3,2,0,17,1,0,620,2415872,1750
São Paulo,69,3,2,2,6,0,0,798,11904961,2200
Rio de Janeiro,72,2,1,1,7,1,0,765,6730729,1800
São Paulo,66,2,1,1,5,0,0,550,11904961,2000
São Paulo,44,1,1,1,1,1,0,700,11904961,1400
Belo Horizonte,227,3,4,1,12,0,0,1400,2415872,2550
Porto Alegre,100,2,1,1,3,1,1,490,1388794,3400
São Paulo,90,2,2,0,2,0,0,180,11904961,1800
São Paulo,70,1,1,1,2,0,1,1000,11904961,2600
São Paulo,135,2,3,3,8,1,1,1600,11904961,4200
São Paulo,450,4,4,6,0,1,0,0,11904961,9000
São Paulo,217,3,1,1,0,1,1,0,11904961,3000
São Paulo,300,4,5,4,7,0,0,1660,11904961,3200
São Paulo,84,2,2,0,12,0,0,1500,11904961,6300
Porto Alegre,272,3,4,3,0,0,0,0,1388794,3990
São Paulo,43,2,1,1,16,1,0,294,11904961,1050
São Paulo,400,4,4,0,0,1,0,2100,11904961,4500
Porto Alegre,48,1,1,0,2,1,0,220,1388794,900
Porto Alegre,71,2,2,1,2,1,0,341,1388794,892
São Paulo,100,6,7,5,0,1,0,0,11904961,10660
São Paulo,225,4,2,2,11,1,0,2150,11904961,6500
São Paulo,280,3,2,0,7,1,0,2300,11904961,3000
Belo Horizonte,62,2,1,1,2,1,0,0,2415872,1300
São Paulo,330,5,3,6,0,1,0,0,11904961,10500
São Paulo,90,3,2,1,2,1,0,945,11904961,2000
São Paulo,60,2,1,1,7,1,0,460,11904961,1230
Rio de Janeiro,67,3,2,0,1,0,0,1102,6730729,2810
São Paulo,287,4,5,3,0,1,0,0,11904961,10000
São Paulo,156,3,2,1,0,1,0,0,11904961,6400
São Paulo,273,4,4,2,4,0,0,2306,11904961,9000
São Paulo,320,3,3,4,0,1,0,0,11904961,9000
Porto Alegre,330,3,4,2,0,1,1,630,1388794,9000
São Paulo,50,1,1,1,0,1,0,0,11904961,900
Rio de Janeiro,15,1,1,0,4,0,0,0,6730729,908
Porto Alegre,100,3,1,1,3,1,0,580,1388794,1240
São Paulo,50,1,2,0,0,0,0,0,11904961,1510
Campinas,60,2,1,1,3,1,0,314,1187974,1000
Rio de Janeiro,40,1,1,0,2,1,0,928,6730729,1950
São Paulo,312,3,6,3,0,1,1,0,11904961,6300
São Paulo,86,2,1,1,12,1,0,1000,11904961,3007
Rio de Janeiro,280,4,4,2,3,1,0,2489,6730729,9850
Belo Horizonte,260,4,4,6,10,1,1,3200,2415872,11900
Porto Alegre,68,2,1,1,5,1,0,600,1388794,800
Rio de Janeiro,58,2,2,1,11,1,0,688,6730729,800
Campinas,68,2,1,0,0,1,0,0,1187974,1650
São Paulo,60,2,2,1,14,0,1,2435,11904961,2600
Campinas,47,1,1,0,8,1,0,423,1187974,520
Campinas,87,3,2,1,4,1,0,740,1187974,1173
São Paulo,51,1,1,0,32,0,0,429,11904961,3250
São Paulo,120,2,2,1,4,0,0,1400,11904961,1450
Campinas,52,2,1,1,8,1,1,1200,1187974,2280
Rio de Janeiro,56,2,1,1,4,1,0,825,6730729,960
Campinas,50,1,1,1,2,0,0,393,1187974,647
São Paulo,1000,4,5,7,5,1,0,8362,11904961,6800
São Paulo,36,1,1,1,11,0,1,450,11904961,3800
São Paulo,260,2,4,4,14,1,0,3495,11904961,3455
São Paulo,55,2,1,1,11,1,1,408,11904961,1700
São Paulo,150,2,3,1,0,1,0,0,11904961,1650
São Paulo,146,3,3,3,11,0,0,1655,11904961,7000
São Paulo,320,3,4,3,0,1,0,0,11904961,12000
Rio de Janeiro,70,2,1,1,2,1,0,750,6730729,2200
Campinas,69,3,2,2,11,1,0,582,1187974,2000
Campinas,100,4,2,1,0,1,0,0,1187974,1600
São Paulo,50,1,1,0,3,1,0,350,11904961,2800
São Paulo,33,1,1,0,12,1,0,300,11904961,1650
São Paulo,230,3,4,4,0,0,1,0,11904961,5500
São Paulo,120,3,4,3,13,1,0,1350,11904961,5600
São Paulo,55,1,2,0,17,0,0,508,11904961,1800
São Paulo,20,1,1,0,3,1,1,402,11904961,2800
Campinas,55,1,1,1,8,0,0,360,1187974,1100
Porto Alegre,46,1,1,1,3,1,0,100,1388794,1100
São Paulo,48,2,1,1,3,1,0,328,11904961,1550
Rio de Janeiro,95,2,1,0,6,1,0,775,6730729,1670
São Paulo,330,4,4,5,0,1,1,0,11904961,10000
São Paulo,50,2,1,1,15,1,0,650,11904961,1300
Campinas,79,2,2,2,1,1,0,955,1187974,1000
Campinas,60,2,1,1,0,0,0,0,1187974,830
Campinas,35,1,1,1,0,0,1,0,1187974,1000
São Paulo,550,4,5,6,21,1,0,7100,11904961,10500
São Paulo,380,4,4,3,1,1,0,2300,11904961,8000
São Paulo,85,2,1,0,4,1,1,620,11904961,2190
São Paulo,50,2,1,0,6,1,0,405,11904961,1900
São Paulo,167,3,4,3,6,0,0,1800,11904961,9000
Porto Alegre,60,2,1,1,4,1,0,150,1388794,1000
São Paulo,147,3,4,2,2,1,1,1078,11904961,11000
São Paulo,113,3,2,1,4,1,0,1000,11904961,3000
São Paulo,136,3,4,3,13,1,0,1505,11904961,6100
Belo Horizonte,25,1,1,1,1,0,0,0,2415872,500
São Paulo,50,2,1,1,10,1,0,482,11904961,1300
São Paulo,173,3,4,3,2,1,0,3000,11904961,1950
São Paulo,272,3,5,4,8,1,0,3900,11904961,7000
São Paulo,70,3,1,0,0,1,0,0,11904961,1300
São Paulo,57,1,2,0,17,1,0,670,11904961,1400
Belo Horizonte,350,5,5,2,5,1,1,730,2415872,4000
Rio de Janeiro,311,4,3,1,8,1,1,2000,6730729,15000
São Paulo,71,2,2,2,14,0,0,511,11904961,3000
Belo Horizonte,500,3,1,2,0,1,0,0,2415872,1280
São Paulo,250,3,3,2,7,0,1,1400,11904961,5380
São Paulo,369,4,4,5,12,1,1,4074,11904961,15000
São Paulo,100,2,4,1,0,1,0,380,11904961,3500
São Paulo,240,4,4,4,8,1,1,3033,11904961,2890
Belo Horizonte,230,4,5,4,3,1,0,2300,2415872,9240
São Paulo,125,3,2,2,0,1,1,0,11904961,3000
Rio de Janeiro,70,2,1,1,15,0,0,660,6730729,1500
Rio de Janeiro,40,2,2,0,2,1,0,716,6730729,1000
São Paulo,300,3,3,4,0,1,0,0,11904961,7900
São Paulo,79,2,2,1,2,0,0,702,11904961,1600
São Paulo,46,1,1,1,7,1,0,450,11904961,2400
Rio de Janeiro,40,2,1,0,4,1,0,270,6730729,1490
Rio de Janeiro,50,1,1,0,5,1,0,985,6730729,2308
Campinas,235,4,4,3,13,1,0,3450,1187974,5500
São Paulo,480,4,4,4,12,1,1,6500,11904961,15000
São Paulo,123,3,2,2,7,0,0,1000,11904961,2450
São Paulo,100,4,5,4,1,1,0,3800,11904961,2750
Belo Horizonte,400,6,5,5,0,1,0,0,2415872,7500
Rio de Janeiro,75,2,1,0,10,0,0,600,6730729,1850
São Paulo,45,1,1,0,12,0,0,413,11904961,3400
Belo Horizonte,137,3,2,0,2,0,0,0,2415872,2000
Porto Alegre,45,1,1,1,6,1,0,195,1388794,1800
São Paulo,60,2,1,1,7,1,0,800,11904961,1800
São Paulo,68,2,1,0,2,1,0,800,11904961,1500
São Paulo,66,2,2,1,1,0,0,1141,11904961,1275
São Paulo,52,2,1,1,6,0,1,540,11904961,2800
Belo Horizonte,460,5,8,5,0,0,0,0,2415872,7320
São Paulo,100,2,2,5,0,1,0,0,11904961,6800
Rio de Janeiro,52,1,1,0,1,1,0,150,6730729,1200
Campinas,42,1,1,0,5,0,0,587,1187974,950
São Paulo,127,3,2,2,9,1,0,1500,11904961,4000
Porto Alegre,72,3,1,1,2,1,1,531,1388794,1599
São Paulo,82,3,2,2,6,1,1,1490,11904961,2230
São Paulo,250,4,4,4,4,1,0,2850,11904961,8500
Porto Alegre,30,1,1,0,11,1,0,260,1388794,1300
São Paulo,600,4,5,3,0,1,0,6500,11904961,15000
Porto Alegre,67,2,2,1,8,1,0,300,1388794,1700
São Paulo,67,1,2,2,17,1,0,965,11904961,2230
Porto Alegre,41,1,1,0,13,1,0,500,1388794,2300
São Paulo,300,4,3,1,9,0,1,2300,11904961,8000
São Paulo,50,2,2,0,0,0,0,0,11904961,1100
São Paulo,75,3,2,1,8,0,0,705,11904961,1900
São Paulo,50,1,1,0,0,0,0,0,11904961,1000
Campinas,65,2,1,2,2,1,0,785,1187974,800
São Paulo,129,3,4,2,3,1,0,1217,11904961,5155
São Paulo,100,1,2,2,11,1,0,1884,11904961,5850
Porto Alegre,116,4,3,1,3,1,1,450,1388794,2700
São Paulo,300,3,3,4,0,1,0,0,11904961,9000
Porto Alegre,45,1,1,1,9,0,1,1080,1388794,3300
São Paulo,43,1,1,0,11,1,0,440,11904961,2000
São Paulo,25,1,1,0,7,1,0,430,11904961,1610
Rio de Janeiro,410,4,5,2,0,1,1,0,6730729,4000
São Paulo,126,4,2,2,4,1,0,870,11904961,3000
São Paulo,350,5,4,3,16,1,0,3000,11904961,15000
São Paulo,25,1,1,0,0,0,1,0,11904961,1750
São Paulo,48,2,1,1,15,0,0,400,11904961,1260
São Paulo,300,3,2,2,0,1,1,0,11904961,8820
Rio de Janeiro,80,2,1,0,6,1,0,800,6730729,2800
Rio de Janeiro,163,3,3,0,2,1,0,1600,6730729,6400
São Paulo,93,3,1,2,8,1,0,350,11904961,1550
Belo Horizonte,65,1,1,1,10,1,0,791,2415872,3600
Rio de Janeiro,47,1,1,0,7,1,1,730,6730729,2000
São Paulo,260,4,6,5,0,1,0,0,11904961,6000
Rio de Janeiro,80,3,1,0,2,1,0,360,6730729,1510
Porto Alegre,37,1,1,0,6,1,1,430,1388794,2220
São Paulo,126,3,2,2,13,1,0,1280,11904961,2400
Belo Horizonte,220,4,4,3,0,0,0,0,2415872,2602
São Paulo,160,3,5,2,0,1,0,0,11904961,12000
Campinas,100,3,2,1,1,1,0,400,1187974,1700
São Paulo,29,1,1,0,7,0,1,355,11904961,2900
São Paulo,192,4,5,4,11,0,1,2800,11904961,15000
São Paulo,60,2,1,0,3,0,0,400,11904961,1300
Belo Horizonte,40,2,1,0,11,0,0,330,2415872,1100
São Paulo,339,4,5,4,13,1,1,2800,11904961,15000
Porto Alegre,115,3,3,1,6,1,0,450,1388794,3250
Rio de Janeiro,27,1,1,0,5,0,1,600,6730729,3000
São Paulo,197,3,4,3,16,1,1,2400,11904961,6502
São Paulo,44,1,1,1,3,1,0,560,11904961,3450
São Paulo,226,4,5,6,14,1,0,2860,11904961,12000
São Paulo,100,2,1,1,10,0,1,1095,11904961,2900
Belo Horizonte,300,4,3,4,0,1,0,0,2415872,7500
Porto Alegre,75,3,2,2,8,1,0,500,1388794,1700
São Paulo,160,2,1,3,0,1,0,0,11904961,4000
Campinas,53,1,1,0,6,1,0,403,1187974,500
Rio de Janeiro,80,3,2,0,10,0,1,600,6730729,1105
Porto Alegre,43,1,1,1,12,0,1,350,1388794,2200
São Paulo,330,4,5,5,22,0,0,4711,11904961,4500
São Paulo,353,5,7,5,12,1,0,4800,11904961,10000
São Paulo,52,2,1,0,3,1,0,0,11904961,1340
São Paulo,185,3,3,2,5,1,0,1900,11904961,3280
Rio de Janeiro,90,2,1,0,9,1,0,650,6730729,960
Campinas,48,1,1,0,13,1,0,250,1187974,950
Belo Horizonte,82,2,2,2,11,0,0,567,2415872,3800
São Paulo,90,3,2,1,2,1,1,1016,11904961,1631
Porto Alegre,42,1,1,1,2,0,0,280,1388794,800
Campinas,290,4,3,1,5,1,0,1350,1187974,2600
São Paulo,350,4,5,2,0,1,0,0,11904961,5000
Campinas,110,3,3,2,0,1,0,560,1187974,3200
Campinas,50,1,1,1,1,1,0,480,1187974,1200
Belo Horizonte,70,3,2,1,3,1,0,240,2415872,1400
São Paulo,50,2,1,1,12,1,0,340,11904961,1490
São Paulo,45,1,1,1,8,0,0,589,11904961,2349
São Paulo,180,2,2,0,2,0,0,0,11904961,2760
Belo Horizonte,65,2,1,1,2,0,0,200,2415872,908
São Paulo,50,1,1,1,3,0,1,679,11904961,3900
São Paulo,90,2,1,0,1,1,0,0,11904961,2000
São Paulo,39,2,1,0,1,1,0,120,11904961,1430
São Paulo,180,3,2,1,2,1,0,1000,11904961,10000
Belo Horizonte,300,4,4,4,17,1,1,1200,2415872,7500
São Paulo,45,1,1,1,12,0,0,1088,11904961,3200
São Paulo,84,1,2,0,1,1,1,850,11904961,6000
São Paulo,228,3,4,3,12,0,1,1137,11904961,4800
Rio de Janeiro,126,3,2,1,11,1,0,1658,6730729,3200
São Paulo,260,3,3,3,8,1,1,2210,11904961,5000
Campinas,230,3,3,3,6,1,0,3200,1187974,4500
São Paulo,160,4,2,2,0,1,0,0,11904961,2580
Rio de Janeiro,90,2,2,1,1,1,1,1424,6730729,2600
São Paulo,136,1,2,2,16,0,0,1767,11904961,3000
Campinas,109,4,3,2,6,0,0,890,1187974,2300
Campinas,437,3,6,6,0,1,1,1200,1187974,13500
São Paulo,400,4,4,3,0,1,0,0,11904961,10000
Rio de Janeiro,90,3,3,1,3,1,0,800,6730729,1950
Belo Horizonte,120,4,3,2,5,1,0,500,2415872,2800
Porto Alegre,23,1,1,1,5,0,0,170,1388794,1100
Porto Alegre,45,2,1,0,1,1,0,0,1388794,1000
São Paulo,51,1,1,1,3,1,1,580,11904961,3500
São Paulo,150,3,3,2,0,1,0,0,11904961,2050
Rio de Janeiro,200,4,3,4,10,1,0,2131,6730729,6800
São Paulo,25,1,1,0,0,0,1,53,11904961,1184
São Paulo,47,2,1,1,11,1,0,300,11904961,2460
São Paulo,340,3,4,4,2,0,0,7000,11904961,12500
Campinas,252,3,3,4,0,1,0,0,1187974,3300
São Paulo,72,2,1,1,3,1,0,862,11904961,1200
São Paulo,159,3,2,1,7,0,0,1963,11904961,3500
São Paulo,270,3,4,3,0,1,0,0,11904961,6800
Rio de Janeiro,80,2,2,1,12,1,0,1000,6730729,1360
São Paulo,700,6,6,6,0,1,0,0,11904961,8500
São Paulo,96,2,2,2,4,1,1,1100,11904961,6500
São Paulo,134,3,3,3,11,0,0,1655,11904961,8000
Belo Horizonte,60,2,1,1,11,1,0,240,2415872,1550
São Paulo,87,2,2,1,3,1,1,2100,11904961,3337
São Paulo,45,1,1,0,0,0,0,0,11904961,1200
São Paulo,350,4,2,8,0,1,0,0,11904961,7000
Porto Alegre,40,2,1,1,4,0,0,270,1388794,702
Rio de Janeiro,110,2,3,1,1,0,0,900,6730729,4600
São Paulo,180,3,3,2,6,1,0,1699,11904961,2800
Campinas,800,4,7,4,0,1,0,2100,1187974,15000
São Paulo,61,2,2,1,13,1,0,764,11904961,4000
Rio de Janeiro,60,2,1,0,6,1,0,1329,6730729,2350
São Paulo,84,3,1,1,17,1,0,710,11904961,2300
São Paulo,84,3,3,2,7,1,0,950,11904961,1600
São Paulo,220,3,5,4,10,1,0,2250,11904961,6800
São Paulo,300,5,5,3,0,1,0,0,11904961,4700
São Paulo,269,4,4,5,21,1,1,2980,11904961,14000
Rio de Janeiro,98,3,2,0,5,1,0,854,6730729,3500
São Paulo,65,1,2,2,3,0,1,950,11904961,3400
Porto Alegre,480,5,4,7,0,1,0,0,1388794,3600
São Paulo,60,1,1,1,0,0,0,0,11904961,1400
São Paulo,50,2,1,1,6,1,0,430,11904961,1305
Belo Horizonte,70,2,1,1,0,1,1,0,2415872,1400
Porto Alegre,80,3,2,0,7,1,1,910,1388794,2000
São Paulo,100,1,4,1,0,1,0,0,11904961,11000
Campinas,194,3,2,3,0,1,0,0,1187974,3500
São Paulo,250,5,5,4,3,1,0,2596,11904961,2000
Rio de Janeiro,120,3,2,1,2,1,1,1400,6730729,4113
São Paulo,80,2,1,2,0,1,0,0,11904961,2000
São Paulo,73,2,1,1,12,1,0,450,11904961,1480
São Paulo,122,2,1,2,0,1,0,0,11904961,2360
Belo Horizonte,24,1,1,0,1,0,0,50,2415872,680
Campinas,37,1,1,0,4,0,1,335,1187974,761
São Paulo,60,1,2,0,0,0,0,0,11904961,1600
São Paulo,55,2,1,1,0,1,0,550,11904961,1250
Rio de Janeiro,300,4,2,2,6,1,0,2200,6730729,9000
São Paulo,140,4,3,2,0,0,0,0,11904961,2600
São Paulo,500,4,4,8,12,1,1,5000,11904961,15000
São Paulo,100,2,1,0,0,0,0,0,11904961,1100
São Paulo,60,1,1,0,0,0,0,0,11904961,980
São Paulo,40,1,1,1,16,1,1,620,11904961,3500
São Paulo,70,2,1,1,16,0,0,960,11904961,2600
Belo Horizonte,60,3,1,1,4,1,0,180,2415872,1300
Porto Alegre,350,3,3,3,0,1,0,0,1388794,15000
São Paulo,258,4,5,3,4,1,1,3700,11904961,5000
Belo Horizonte,220,4,4,0,13,0,0,2000,2415872,8000
São Paulo,120,3,3,2,7,1,0,2990,11904961,9000
São Paulo,223,3,4,3,0,1,0,2142,11904961,5500
Porto Alegre,43,1,1,1,14,1,0,1100,1388794,1800
São Paulo,215,3,3,4,0,1,0,0,11904961,4800
São Paulo,39,2,1,0,3,1,0,120,11904961,1450
São Paulo,35,1,1,0,1,1,0,260,11904961,1400
São Paulo,600,4,3,3,1,1,0,6000,11904961,3750
São Paulo,600,4,4,4,0,1,0,0,11904961,6800
São Paulo,52,2,1,1,7,1,0,490,11904961,1658
Campinas,200,3,3,5,0,1,0,0,1187974,2650
São Paulo,200,3,2,3,0,1,0,0,11904961,2900
São Paulo,60,1,1,1,7,0,0,1037,11904961,2023
São Paulo,57,2,2,1,8,1,0,500,11904961,4150
São Paulo,57,2,2,1,22,0,1,480,11904961,4500
São Paulo,76,3,2,0,4,1,0,780,11904961,1600
Belo Horizonte,130,3,2,0,0,1,0,0,2415872,2149
São Paulo,96,3,3,1,11,1,0,900,11904961,2290
São Paulo,90,3,3,2,1,1,0,1171,11904961,1997
São Paulo,85,2,1,1,16,1,0,820,11904961,1515
São Paulo,25,1,1,0,3,1,0,450,11904961,1650
Rio de Janeiro,40,2,1,1,4,1,0,450,6730729,1000
São Paulo,71,2,2,2,19,1,0,550,11904961,3000
Belo Horizonte,120,3,2,2,3,0,0,335,2415872,1300
Rio de Janeiro,62,2,1,1,4,0,1,600,6730729,1600
São Paulo,215,3,1,3,0,1,0,0,11904961,7000
São Paulo,190,3,3,3,6,1,1,2800,11904961,4500
Porto Alegre,190,4,3,1,0,1,1,0,1388794,6450
Rio de Janeiro,220,4,2,1,7,1,1,2000,6730729,5000
Rio de Janeiro,373,3,2,2,5,1,1,2650,6730729,8500
São Paulo,900,5,5,5,0,0,0,0,11904961,15000
Rio de Janeiro,180,4,2,1,8,1,0,1600,6730729,3000
São Paulo,100,1,2,2,3,0,0,1690,11904961,5000
São Paulo,58,2,2,2,10,1,0,756,11904961,2100
São Paulo,110,3,3,3,7,1,0,1748,11904961,5000
São Paulo,100,2,3,2,27,1,1,860,11904961,6028
São Paulo,75,2,1,1,0,1,0,0,11904961,2450
São Paulo,78,3,2,1,2,0,0,951,11904961,1900
São Paulo,152,3,3,1,5,0,1,1178,11904961,5200
Campinas,42,1,1,1,16,0,1,1022,1187974,1200
São Paulo,50,1,1,0,0,1,0,0,11904961,1200
São Paulo,150,2,2,2,0,1,0,0,11904961,2640
Rio de Janeiro,56,2,2,1,2,1,0,1107,6730729,2800
São Paulo,250,3,3,0,0,1,0,0,11904961,3200
Campinas,197,3,4,4,8,1,0,1700,1187974,9000
São Paulo,348,4,4,1,15,1,1,2178,11904961,7511
São Paulo,300,4,2,6,0,1,0,0,11904961,5000
São Paulo,300,4,5,4,6,1,0,3150,11904961,5500
Campinas,60,3,1,1,5,0,0,600,1187974,1800
São Paulo,200,3,4,2,10,1,0,1300,11904961,7000
Campinas,900,3,6,8,0,1,0,2000,1187974,15000
São Paulo,50,2,1,1,0,0,0,0,11904961,1400
Belo Horizonte,63,2,1,1,4,0,0,130,2415872,900
Porto Alegre,80,1,1,0,0,1,0,0,1388794,800
Porto Alegre,600,5,7,5,0,1,0,0,1388794,7000
Belo Horizonte,456,4,2,0,0,1,0,0,2415872,3080
São Paulo,44,1,1,0,4,1,0,350,11904961,3200
São Paulo,35,1,1,1,17,1,1,1280,11904961,4000
São Paulo,399,3,5,4,21,1,0,7000,11904961,12000
Rio de Janeiro,100,3,1,0,13,1,0,1100,6730729,3700
São Paulo,40,1,1,1,1,1,0,402,11904961,1500
Campinas,100,2,1,3,0,1,0,0,1187974,1250
Campinas,90,3,1,1,1,1,0,1000,1187974,960
São Paulo,150,2,3,3,0,1,0,0,11904961,3100
Campinas,55,1,1,1,9,1,1,660,1187974,2600
Porto Alegre,135,4,4,1,6,1,1,1300,1388794,3200
Belo Horizonte,350,3,2,6,0,1,0,0,2415872,3800
São Paulo,88,3,2,1,1,0,0,1025,11904961,1700
Rio de Janeiro,75,2,2,1,9,1,0,950,6730729,2800
São Paulo,128,3,3,0,3,1,1,2500,11904961,12000
São Paulo,30,1,1,0,2,0,0,507,11904961,2000
Campinas,132,4,2,2,5,1,0,1096,1187974,3300
São Paulo,100,2,3,1,0,0,0,0,11904961,1500
Porto Alegre,121,3,2,2,2,1,0,720,1388794,2650
São Paulo,279,5,5,6,3,1,1,900,11904961,4420
Rio de Janeiro,37,1,1,0,10,0,1,1600,6730729,4700
São Paulo,240,3,3,2,0,1,0,0,11904961,2500
São Paulo,164,3,3,1,1,0,0,2389,11904961,6300
São Paulo,65,2,2,2,4,1,0,1000,11904961,5000
Belo Horizonte,127,2,2,0,14,1,1,704,2415872,2000
São Paulo,78,3,1,2,7,1,0,1300,11904961,3200
Belo Horizonte,65,2,1,1,5,1,0,320,2415872,900
São Paulo,185,3,3,2,9,1,0,0,11904961,12000
Belo Horizonte,420,4,4,5,0,1,0,0,2415872,9000
São Paulo,70,2,1,0,0,1,0,0,11904961,3000
São Paulo,37,1,1,0,10,1,0,370,11904961,1500
Rio de Janeiro,30,1,1,0,3,1,0,300,6730729,750
São Paulo,300,2,3,2,0,1,1,0,11904961,3200
São Paulo,72,2,2,1,11,1,0,920,11904961,3990
São Paulo,230,4,3,1,2,0,0,2400,11904961,3600
Belo Horizonte,52,2,2,1,4,1,0,285,2415872,900
Campinas,26,1,1,0,2,1,0,410,1187974,500
Belo Horizonte,178,3,2,2,2,1,0,350,2415872,1660
Rio de Janeiro,60,1,1,1,7,0,1,1503,6730729,1700
São Paulo,189,3,3,0,5,1,0,1950,11904961,4100
Campinas,250,4,4,0,0,1,0,750,1187974,3825
São Paulo,120,3,2,2,14,1,0,1110,11904961,5500
São Paulo,237,4,3,4,4,0,0,3100,11904961,5000
Rio de Janeiro,168,3,2,3,9,1,0,3349,6730729,13200
Campinas,55,1,1,1,2,1,0,363,1187974,700
Rio de Janeiro,90,3,2,1,1,0,1,2153,6730729,2550
Campinas,190,2,2,0,8,0,0,1100,1187974,1300
Porto Alegre,44,1,1,0,3,1,0,160,1388794,940
São Paulo,210,3,2,0,11,1,1,2200,11904961,4000
Belo Horizonte,230,3,4,4,17,1,1,1410,2415872,15000
São Paulo,300,3,3,4,12,1,0,3800,11904961,6500
Belo Horizonte,400,6,4,0,0,1,0,0,2415872,15000
São Paulo,273,3,3,1,5,1,0,1880,11904961,4250
São Paulo,200,4,4,3,9,1,1,2800,11904961,5000
São Paulo,121,3,3,2,0,1,0,0,11904961,3750
Rio de Janeiro,40,1,1,0,5,1,0,445,6730729,2200
São Paulo,55,1,1,0,3,0,1,420,11904961,1824
São Paulo,120,1,1,2,7,1,0,1000,11904961,2190
Campinas,144,3,2,3,0,1,0,890,1187974,4000
São Paulo,60,1,1,2,9,0,0,550,11904961,1500
Rio de Janeiro,49,1,1,0,2,1,0,630,6730729,1235
Porto Alegre,107,3,3,2,6,1,0,1200,1388794,4270
Campinas,202,3,2,4,0,1,0,0,1187974,3500
São Paulo,60,1,1,1,11,0,1,2357,11904961,5440
São Paulo,156,3,4,2,7,1,0,1800,11904961,2000
Rio de Janeiro,100,3,1,0,1,1,0,1146,6730729,2200
São Paulo,70,2,2,0,14,0,0,600,11904961,3200
São Paulo,45,1,1,0,3,0,1,620,11904961,3850
Rio de Janeiro,100,3,1,1,2,1,0,800,6730729,1400
Campinas,52,1,1,1,3,1,1,730,1187974,3000
São Paulo,120,3,2,2,0,1,0,0,11904961,5000
Porto Alegre,80,3,2,2,2,1,0,650,1388794,2350
São Paulo,320,4,2,2,0,1,1,0,11904961,8000
Belo Horizonte,139,4,1,2,3,0,0,1600,2415872,4200
São Paulo,400,3,3,4,0,1,0,0,11904961,3650
São Paulo,320,3,5,8,0,0,0,0,11904961,9000
São Paulo,63,3,2,1,4,0,0,532,11904961,2273
Rio de Janeiro,135,3,2,2,4,0,0,935,6730729,2600
Rio de Janeiro,100,3,2,1,5,1,0,884,6730729,1870
Belo Horizonte,274,4,5,5,10,0,0,2450,2415872,13000
Rio de Janeiro,70,1,1,0,11,0,1,500,6730729,5000
São Paulo,240,3,1,2,8,1,0,2088,11904961,4000
Campinas,97,1,1,0,12,1,0,468,1187974,720
Campinas,270,3,3,5,0,1,0,0,1187974,7500
Rio de Janeiro,160,3,2,0,8,0,1,1127,6730729,6500
Campinas,55,1,1,0,1,1,0,260,1187974,716
Porto Alegre,45,1,1,1,3,1,0,367,1388794,1020
Campinas,85,2,1,0,0,1,0,590,1187974,680
São Paulo,130,3,4,2,8,1,1,1300,11904961,5500
São Paulo,95,3,2,0,0,1,0,0,11904961,2300
São Paulo,70,3,2,1,9,1,0,400,11904961,1600
São Paulo,65,2,2,2,7,1,0,1500,11904961,6000
Rio de Janeiro,150,3,2,0,5,1,0,1290,6730729,1930
Belo Horizonte,93,3,3,2,1,0,0,300,2415872,1500
São Paulo,30,1,1,0,0,0,0,0,11904961,1000
São Paulo,200,4,4,2,0,0,0,0,11904961,8000
São Paulo,350,4,5,4,2,1,1,5000,11904961,15000
Porto Alegre,140,3,2,2,0,1,0,0,1388794,4000
São Paulo,431,3,3,2,8,0,1,6200,11904961,15000
Campinas,50,1,1,1,16,1,0,432,1187974,991
São Paulo,70,3,1,1,1,1,0,542,11904961,1340
São Paulo,260,2,5,5,0,1,0,0,11904961,8000
Belo Horizonte,500,8,5,8,0,1,0,0,2415872,5000
São Paulo,114,2,2,1,4,1,0,1405,11904961,2000
Belo Horizonte,90,3,2,1,9,1,0,250,2415872,1000
Belo Horizonte,350,5,2,7,0,1,1,0,2415872,9000
São Paulo,190,4,4,2,4,1,0,2000,11904961,3200
São Paulo,90,3,3,2,0,1,0,0,11904961,2000
São Paulo,340,5,6,5,7,0,1,4800,11904961,8000
São Paulo,160,3,4,4,0,0,0,0,11904961,2500
São Paulo,45,2,1,0,1,0,0,100,11904961,1190
Rio de Janeiro,60,2,1,0,2,1,1,175,6730729,1840
São Paulo,66,2,1,1,10,0,1,700,11904961,3800
Porto Alegre,60,1,1,0,6,1,1,300,1388794,1390
Belo Horizonte,180,6,4,6,0,1,0,0,2415872,5500
São Paulo,200,4,4,4,1,1,0,2300,11904961,4900
Belo Horizonte,160,3,2,2,0,1,0,0,2415872,4320
Rio de Janeiro,55,1,1,0,9,1,1,600,6730729,2600
São Paulo,290,3,4,3,7,1,1,3900,11904961,8770
Rio de Janeiro,33,1,1,0,6,0,1,500,6730729,2500
São Paulo,100,3,2,1,0,1,0,0,11904961,1700
São Paulo,340,4,3,0,0,1,0,0,11904961,5200
São Paulo,70,1,2,1,16,1,0,1344,11904961,3800
São Paulo,80,1,1,4,0,1,0,0,11904961,1000
Campinas,53,1,1,1,8,0,0,550,1187974,650
Rio de Janeiro,70,2,2,1,11,1,0,942,6730729,1710
Campinas,411,4,5,4,0,1,0,0,1187974,5500
São Paulo,240,3,4,3,0,1,0,2140,11904961,5500
São Paulo,300,6,7,5,0,0,0,0,11904961,8000
Campinas,67,2,2,2,12,1,0,800,1187974,1030
São Paulo,120,3,3,2,0,1,0,0,11904961,3500
Rio de Janeiro,40,1,1,0,2,1,0,480,6730729,1810
Belo Horizonte,169,3,2,4,0,1,0,0,2415872,3200
São Paulo,200,4,4,3,7,0,0,2800,11904961,6141
Belo Horizonte,360,1,1,8,0,1,0,0,2415872,2190
Rio de Janeiro,400,4,4,2,0,1,0,2000,6730729,15000
Rio de Janeiro,60,2,1,0,10,1,0,700,6730729,1600
São Paulo,250,3,3,3,0,1,0,0,11904961,4600
São Paulo,48,2,1,0,2,1,0,0,11904961,1200
Campinas,92,3,3,2,11,1,0,780,1187974,1700
São Paulo,140,2,2,1,3,0,0,1882,11904961,3000
Belo Horizonte,22,1,1,0,0,1,0,30,2415872,450
Porto Alegre,140,2,3,2,7,1,1,1000,1388794,3000
Campinas,83,2,2,2,1,1,1,800,1187974,3700
São Paulo,380,3,5,4,0,1,0,0,11904961,5500
Rio de Janeiro,200,4,2,1,8,0,1,1500,6730729,3800
Porto Alegre,18,1,1,0,3,0,1,370,1388794,1090
Rio de Janeiro,290,4,4,0,0,1,0,0,6730729,15000
São Paulo,115,3,2,2,8,1,0,1900,11904961,2900
Porto Alegre,100,3,2,2,2,1,1,900,1388794,2455
São Paulo,250,4,3,3,2,1,0,3600,11904961,2430
São Paulo,84,3,3,2,15,1,1,1300,11904961,8700
São Paulo,120,2,2,2,11,1,0,2200,11904961,4000
Rio de Janeiro,95,3,2,1,6,1,1,1162,6730729,2600
Porto Alegre,40,1,1,0,2,1,0,230,1388794,700
São Paulo,90,2,1,0,0,0,0,0,11904961,1450
Belo Horizonte,65,2,1,1,1,1,0,200,2415872,1100
Porto Alegre,400,4,2,2,15,1,1,2250,1388794,6300
Rio de Janeiro,300,3,4,1,10,1,1,1983,6730729,9100
São Paulo,249,3,3,1,9,1,1,2250,11904961,7000
Belo Horizonte,80,2,1,1,3,0,0,240,2415872,1200
São Paulo,60,2,1,1,11,1,0,550,11904961,1343
São Paulo,190,3,2,1,6,1,1,3040,11904961,8000
Belo Horizonte,95,3,2,2,7,1,0,525,2415872,3100
São Paulo,125,2,1,1,0,1,0,0,11904961,1490
São Paulo,107,2,4,2,2,0,0,1800,11904961,11000
Rio de Janeiro,40,1,1,0,2,1,1,742,6730729,2090
Rio de Janeiro,170,2,3,1,2,1,1,1559,6730729,5000
Campinas,140,1,2,2,15,1,0,1462,1187974,5200
Rio de Janeiro,20,1,1,0,3,1,0,395,6730729,850
São Paulo,39,1,1,1,5,1,1,550,11904961,1700
Campinas,150,3,2,4,0,1,1,0,1187974,3500
São Paulo,52,2,1,1,1,1,0,390,11904961,950
Campinas,250,1,2,2,0,1,0,0,1187974,2200
São Paulo,238,4,3,1,7,1,0,2515,11904961,4500
São Paulo,90,3,1,0,13,1,0,785,11904961,1600
Rio de Janeiro,310,3,2,0,5,0,0,2500,6730729,6000
Belo Horizonte,55,2,1,1,2,0,1,200,2415872,1600
Rio de Janeiro,60,2,2,0,13,1,0,600,6730729,2700
Belo Horizonte,75,2,1,1,3,0,0,180,2415872,1250
São Paulo,24,1,1,0,0,1,0,0,11904961,870
São Paulo,340,4,5,3,15,0,1,3519,11904961,12000
São Paulo,165,3,3,2,2,1,1,1150,11904961,2710
São Paulo,84,2,2,1,16,0,1,768,11904961,2900
São Paulo,126,2,1,0,13,1,0,570,11904961,2580
Porto Alegre,220,3,2,2,15,1,0,842,1388794,2400
Rio de Janeiro,135,4,2,1,0,1,0,0,6730729,3300
Rio de Janeiro,250,3,2,1,11,1,0,2000,6730729,2700
Porto Alegre,40,1,1,0,1,1,0,330,1388794,1200
São Paulo,38,1,1,0,19,0,0,583,11904961,1000
São Paulo,141,3,5,0,4,1,0,909,11904961,10140
São Paulo,61,1,2,1,13,1,0,680,11904961,4000
São Paulo,156,4,4,3,1,1,1,2000,11904961,2200
São Paulo,230,3,5,3,3,0,0,3800,11904961,11000
Porto Alegre,160,3,2,3,4,1,1,850,1388794,3300
São Paulo,280,4,4,2,5,1,0,4200,11904961,4000
Rio de Janeiro,98,2,1,0,1,1,0,560,6730729,3900
São Paulo,83,3,2,2,11,1,0,888,11904961,7521
São Paulo,150,3,3,2,8,0,1,0,11904961,13500
Porto Alegre,63,2,1,1,5,0,1,402,1388794,1478
São Paulo,285,4,4,4,17,1,0,3100,11904961,15000
Rio de Janeiro,70,3,3,0,8,0,1,980,6730729,6000
Rio de Janeiro,120,2,2,2,8,1,1,1585,6730729,12000
São Paulo,80,2,1,0,0,1,0,0,11904961,1400
